target,k_seeds,R2,MAE,RMSE,GMFE,within_2fold,within_3fold,within_5fold,variant
CL,1,0.46473020730124903,0.31786348747283316,0.4251571192519706,2.079043075218482,0.5988700564971752,0.768361581920904,0.903954802259887,MFMN_DynGate (aux_weight 0.8)
CL,2,0.48843361920484707,0.31200107846462033,0.41563688945504257,2.0511672723938217,0.6384180790960452,0.7853107344632768,0.8926553672316384,MFMN_DynGate (aux_weight 0.8)
CL,3,0.49165588807619787,0.3102064719890247,0.4143258088945455,2.0427088571200525,0.615819209039548,0.7909604519774012,0.8983050847457628,MFMN_DynGate (aux_weight 0.8)
CL,4,0.5016716843188493,0.3058979058916698,0.41022381642801464,2.0225436624717927,0.6214689265536724,0.7740112994350282,0.9096045197740112,MFMN_DynGate (aux_weight 0.8)
CL,5,0.5033558794853379,0.3046132730355689,0.40953001508263237,2.0165698654511237,0.6214689265536724,0.7909604519774012,0.903954802259887,MFMN_DynGate (aux_weight 0.8)
CL,6,0.4985308349761278,0.30706762916617075,0.4115145592308016,2.027998498733222,0.6101694915254238,0.7909604519774012,0.9152542372881356,MFMN_DynGate (aux_weight 0.8)
CL,7,0.4955666746265074,0.30755354002916613,0.4127289887458443,2.0302687969299056,0.5988700564971752,0.7853107344632768,0.9096045197740112,MFMN_DynGate (aux_weight 0.8)
CL,8,0.49828068619160226,0.30394932865117635,0.4116171847158415,2.013489312105339,0.6214689265536724,0.7966101694915254,0.903954802259887,MFMN_DynGate (aux_weight 0.8)
CL,9,0.4965244960434553,0.3045082415223434,0.41233695625841027,2.016082229103682,0.6214689265536724,0.7966101694915254,0.8983050847457628,MFMN_DynGate (aux_weight 0.8)
CL,10,0.4966715811605079,0.30502311211371824,0.4122767218884032,2.018473779170716,0.6045197740112994,0.7966101694915254,0.903954802259887,MFMN_DynGate (aux_weight 0.8)
