id,y_true,y_pred_ensemble,y_pred_seed_sd,abs_error
C1CCN2C[C@H]3C[C@H](CN4CCCC[C@@H]34)[C@H]2C1,9.16,11.000594977775625,0.21167779212187168,1.8405949777756252
CC(=O)NS(=O)(=O)c1ccc(N)cc1,2.14,2.0518166993642333,0.23843474116726357,0.08818330063576685
CC(=O)Nc1ccc(C(=O)Nc2ccccc2N)cc1,3.24,2.4804965351707855,0.2886206930010555,0.7595034648292147
C1=N/C2=N/c3ccc(OCCN4CCCC4)c(c3)COC/C=C/COCc3cccc(c3)C(=C1)N2,8.68,8.962311247366745,0.23917818769311228,0.28231124736674573
C/C(=N\O)C(C)NCC(C)(C)CNC(C)/C(C)=N/O,8.48,10.033947495025174,0.20526512614864567,1.5539474950251737
C/C(=N\OCC(=O)OCCN(C)C)c1ccc(Cl)cc1,8.42,8.227579438317933,0.1679913493999079,0.19242056168206645
C=Cc1cc(O)cc2nc(-c3ccc(O)c(F)c3)oc12,1.0,0.2236170290682126,0.5741315058305992,0.7763829709317874
CC(=O)Nc1c(Br)cc(Br)cc1CN(C)C12CC3CC(CC(C3)C1)C2,9.35,9.918294227386033,0.1395694441099571,0.5682942273860334
C=CCONC1=Nc2ccc(Cl)cc2C(c2ccccc2Cl)=NC1,4.36,4.60362735134328,0.437929918896568,0.24362735134327984
C=CCOc1ccccc1OC[C@H](O)CNC(C)C,9.67,9.68180157526449,0.10891636923203973,0.011801575264490438
CC(=O)Nc1cccc(N2CCN(CCCCNS(=O)(=O)CC3CCCCC3)CC2)c1,7.64,8.342975362983214,0.19821472323973885,0.7029753629832145
C/C(=N\NC(=O)c1ccncc1)C(=O)O,3.6,2.9538929833915972,0.2636751396177379,0.6461070166084029
CC(=O)N(C)c1cccc(-c2ccnc3c(C(=O)c4cccs4)cnn23)c1,0.44,1.1847034133108518,0.3162912493073229,0.7447034133108519
C#CCN[C@@H]1CCc2ccccc21,8.4,8.273783383726993,0.26167479243535796,0.12621661627300718
CC(=O)N1CCC(NC(=O)NC23CC4CC(CC(C4)C2)C3)CC1,0.33,1.3219418287191207,0.8308950432086232,0.9919418287191206
C#CCN/C(=N\C#N)NCCSCc1nc[nH]c1C,6.91,7.291300294465259,0.37329420791863005,0.3813002944652588
C=CC(=O)N1C[C@H](COc2nc(Nc3cnn(C)c3)nc3[nH]cc(Cl)c23)[C@@H](OC)C1,3.63,3.8155530708839054,0.5019631311828694,0.1855530708839055
C=CC(=O)N[C@H]1CCOC[C@H]1Nc1ncc2cc(-c3c(Cl)c(OC)cc(OC)c3Cl)ccc2n1,3.79,3.857825729938115,0.4872682992501237,0.06782572993811486
CC#CC(=O)N[C@H]1CCCN(c2c(F)cc(C(N)=O)c3[nH]c(C)c(C)c23)C1,0.25,2.6625624868422855,0.6278656012075131,2.4125624868422855
CC(=O)N[C@H]1[C@H]([C@H](O)[C@H](O)CO)OC(C(=O)O)=C[C@@H]1NC(=N)N,11.64,11.599977758894344,0.2687257481877217,0.040022241105656775
CC(=O)OCC(=O)NCCCOc1cccc(CN2CCCCC2)c1,8.74,8.934943758172313,0.20479561993933434,0.1949437581723128
C=C1[C@H](OP(=O)(O)OP(=O)(O)OP(=O)(O)O)[C@@H](O)C[C@@H]1n1cnc2c(=O)[nH]c(N)nc21,0.44,0.26867665872165825,0.2304256560294039,0.17132334127834176
CC(=O)N[C@@H]1C[C@H](NC(C)(C)C)CC[C@@H]1N1CC[C@H](Nc2ncnc3cc(C(C)(C)C)nn23)C1=O,10.39,10.687805625844566,0.28519681750975145,0.2978056258445658
C=CCN1CC[C@]23c4c5ccc(O)c4O[C@H]2C(=O)CC[C@@]3(O)[C@H]1C5,7.84,8.09652607696177,0.18529027717803231,0.25652607696176943
C=CCN1CC[C@]23c4c5ccc(O)c4O[C@H]2[C@@H](O)C=C[C@H]3[C@H]1C5,8.81,9.032114864212577,0.19477564910984485,0.22211486421257653
C=CCN1CC[C@]23c4c5ccc(OC(C)=O)c4O[C@H]2[C@@H](OC(C)=O)C=C[C@H]3[C@H]1C5,8.73,9.00037018759754,0.18615305340491706,0.27037018759753906
C=CC(=O)Nc1cccc(Oc2nc(Nc3ccc(N4CCN(C)CC4)c(F)c3)nc3[nH]ccc23)c1,7.25,7.598064396405465,0.17703230017950933,0.3480643964054648
C=CC1=C(C(=O)O)N2C(=O)[C@@H](NC(=O)/C(=N\OCC(=O)O)c3csc(N)n3)[C@H]2SC1,3.95,3.585909059265677,0.2566074716681623,0.36409094073432335
CC(=O)N1CCN(CCOc2ccc(C3CCN(C4=Nn5c(nnc5C(F)(F)F)CC4)CC3)cc2)CC1,6.88,7.158518439186362,0.31972495305149157,0.278518439186362
CC(=O)OCC(=O)[C@@]1(O)[C@H](C)C[C@H]2[C@@H]3C=C(C)C4=Cc5c(cnn5-c5ccccc5)C[C@]4(C)[C@H]3[C@@H](O)C[C@@]21C,1.56,1.7691296893824746,0.23944574885865774,0.20912968938247456
CC(=O)N(CC[C@@](CCN1CCCCC1)(C(N)=O)c1ccccc1Cl)C(C)C,8.87,9.42492933404349,0.1316078449433378,0.5549293340434911
CC(=O)N(O)CCCCCNC(=O)CCC(=O)N(O)CCCCCNC(=O)CCC(=O)N(O)CCCCCN,10.21,10.259426081317415,0.16112032037724555,0.04942608131741366
C(=N\NC1=NCCN1)/c1c2ccccc2c(/C=N/NC2=NCCN2)c2ccccc12,6.21,9.14426949475577,0.31126911967636073,2.93426949475577
C/C(=C(/OCCOc1ccc(Cl)cc1)c1ccc(Cl)cc1Cl)n1ccnc1,6.07,6.167650406720065,0.1496199051193399,0.09765040672006453
C/C(=C/CCN1CCC2(CC1)C(=O)NCN2c1ccccc1)c1ccc(F)cc1,9.19,8.890729664946202,0.10882922075595103,0.29927033505379796
C=CCN1CCN(CC(C)(C)COC(=O)C2=C(C)NC(C)=C(C(=O)OC)C2c2cccc([N+](=O)[O-])c2)CC1,8.19,8.063653084591461,0.16952539738591155,0.12634691540853815
C/C(=C\c1csc(C)n1)[C@@H]1C[C@@H]2O[C@]2(C)CCC[C@H](C)[C@H](O)[C@@H](C)C(=O)C(C)(C)[C@@H](O)CC(=O)N1,2.73,2.712406427882859,0.26530913251946203,0.017593572117140965
C=CC(=O)Nc1cc(N2CCN(CC)CC2)ccc1Nc1cc(N(C)C(=O)Nc2c(Cl)c(OC)cc(OC)c2Cl)ncn1,8.14,8.144357406508174,0.14130170484023263,0.004357406508173511
CC(=O)OCC(=O)[C@@]12N=C(C)O[C@@H]1C[C@H]1[C@@H]3CCC4=CC(=O)C=C[C@]4(C)[C@H]3[C@@H](O)C[C@@]12C,0.48,0.6098360835263406,0.4792025992593797,0.12983608352634057
CC(C)(C)NCC(O)COc1cccc2c1CC(O)C(O)C2,9.76,9.727566183254416,0.1607714421274539,0.03243381674558421
CC(C)(C)NCC(O)COc1cccc2c1CCC(=O)N2,9.76,9.781294504589912,0.10199390662738356,0.021294504589912222
CC(C)(C#N)c1cc(Cn2cncn2)cc(C(C)(C)C#N)c1,2.0,1.73314827671173,0.4223438733950084,0.2668517232882699
CC(C)(N)Cc1ccccc1,10.25,10.409234004500671,0.1097325372329245,0.1592340045006715
C=C(C)[C@@H]1CC[C@]2(NCCN3CCS(=O)(=O)CC3)CC[C@]3(C)[C@H](CC[C@@H]4[C@@]5(C)CC=C(C6=CC[C@](CF)(C(=O)O)CC6)C(C)(C)[C@@H]5CC[C@]43C)[C@@H]12,10.55,10.238966874650922,0.3434327415652481,0.3110331253490788
CC(C)(C)NCC(O)c1cc(Cl)c(N)c(C(F)(F)F)c1,9.63,9.647857365528136,0.23955990108145336,0.017857365528135105
CC(C)(C)NCC(O)c1cc(O)cc(O)c1,9.76,9.51268504021441,0.10095997238982413,0.24731495978558904
CC(=O)O[C@]1(C(C)=O)CC[C@H]2[C@@H]3CCC4=CC(=O)CCC4=C3[C@@H](c3ccc(N(C)C)cc3)C[C@@]21C,4.89,4.829746791456997,0.11228814250111908,0.060253208543002756
CC(=O)Oc1cc(C(C)C)c(OCCN(C)C)cc1C,8.79,8.723335117704204,0.10783391990752253,0.06666488229579492
CC(=O)Oc1cc(OC(C)CCCc2ccccc2)cc2c1[C@@H]1C[C@H](O)CC[C@H]1[C@H](C)N2,3.75,3.6913558208483357,0.3003013076721701,0.05864417915166431
CC(C)(C)NCC(O)COc1ccccc1NC(=O)c1ccco1,9.76,9.793479140761276,0.09935544540358009,0.03347914076127623
CC(C)(C)NC(=O)[C@H]1CC[C@H]2[C@@H]3CC=C4C=C(C(=O)O)CC[C@]4(C)[C@H]3CC[C@]12C,0.16,1.5251946624479973,0.49663848932578847,1.3651946624479974
CC(C)(C)NCC(O)COCC1COc2ccccc2O1,9.96,9.695347358769242,0.15601249813230153,0.26465264123075904
CC(C)(C)NCC(O)COc1ccc(NC(=O)NC2CCCCC2)cc1,9.76,9.776187934163044,0.11845466560949328,0.016187934163044204
CC(=O)[C@]1(N)Cc2c(O)c3c(c(O)c2[C@@H](O[C@H]2C[C@H](O)[C@H](O)CO2)C1)C(=O)c1ccccc1C3=O,7.02,8.694187181556458,0.2786875247988728,1.6741871815564586
CC(=O)[C@]1(O)Cc2c(O)c3c(c(O)c2[C@@H](O[C@H]2C[C@H](N)[C@H](O)[C@H](C)O2)C1)C(=O)c1ccccc1C3=O,9.18,9.607503123413537,0.09159589113836059,0.4275031234135369
CC(C)(C)NC[C@H](O)COc1ccccc1C1CCCC1,9.76,9.766216403097726,0.09808493948187932,0.0062164030977260865
CC(C)(C)OC(=O)N1CCN(Cc2ccn(Cc3ccc(Cl)cc3)c(=O)c2O)CC1,6.34,6.2842518122339985,0.15968057636089342,0.05574818776600132
CC(C)(C)C(=O)OCOP(=O)(COCCn1cnc2c(N)ncnc21)OCOC(=O)C(C)(C)C,3.75,3.893426646769645,0.48285154990246776,0.14342664676964478
CC(C)=CCN1CC[C@]23c4c5ccc(O)c4O[C@H]2C(=O)CC[C@@]3(O)[C@H]1C5,8.24,8.350549837854583,0.19982980800675273,0.11054983785458283
CC(C)(C)c1ccc(S(=O)(=O)Nc2ccc(Cl)cc2C(=O)c2cc[n+]([O-])cc2)cc1,0.5,0.2121602105890153,0.39093723095567284,0.2878397894109847
CC(C)(Oc1ccc(Cl)cc1)C(=O)OCCCOC(=O)c1cccnc1,3.24,3.116849260387885,0.19892328903137635,0.12315073961211542
CC(C)(Oc1ccc(Cl)cc1)C(=O)OCCNC(=O)c1cccnc1,3.62,3.727384139579013,0.18050459983570957,0.10738413957901294
CC(C)(C(=O)O)c1ccc(C(=O)CCCN2CCC(OC(c3ccccc3)c3ccccc3)CC2)cc1,8.42,8.81194299509971,0.1781884670353101,0.39194299509970953
CC(C)(C(=O)O)c1cn2nc(NCCCN3CCC(OC(c4ccccc4)c4ccccc4)CC3)ccc2n1,8.81,9.266363371761027,0.21343136627496695,0.4563633717610269
CC(C)(C)n1nnc2c3c(ccc21)C1=CC(=O)CC[C@@]1(CCOc1ccccc1)C3,0.45,1.0619980854864157,0.33412664537869385,0.6119980854864158
CC(C)C(=O)c1c(C(C)C)nn2ccccc12,1.85,1.5455974644440116,0.3729412813772819,0.3044025355559885
CC(C)=C/C(C)=N/Nc1nncc2ccccc12,5.05,2.7467572813189163,0.6347016529319812,2.3032427186810835
CC(C)CCCC(C)N,10.43,10.531817059948931,0.10914444071990034,0.10181705994893164
CC(C)CCC[C@@H](C)[C@H]1CC[C@H]2[C@@H]3CC/C(=N\O)[C@](C)(CCCO)[C@H]3CC[C@]12C,2.58,2.5337614345952386,0.31650762243537894,0.046238565404761456
CC(C)CCOC(CN1CCCC1)c1ccccc1,9.12,8.79874988753363,0.128551249758764,0.3212501124663696
CC(C)C(=O)Nc1cccc(C2CN3CCSC3=N2)c1,6.97,6.489644361684353,0.380761932604872,0.48035563831564687
CC(C)(O)c1ccccc1CC[C@@H](SCC1(CC(=O)O)CC1)c1cccc(/C=C/c2ccc3ccc(Cl)cc3n2)c1,3.12,3.2293455740957504,0.24974910386358107,0.1093455740957503
CC(C)(Cc1cccc(CC(=O)NCc2cccc(-c3ccc(O)cc3)c2)c1)NC[C@H](O)c1ccc(O)c(NS(C)(=O)=O)c1,9.58,9.95332994131489,0.1249872593164392,0.37332994131488917
CC(C)(C)NC(=O)[C@@H]1CN(Cc2cccnc2)CCN1C[C@@H](O)C[C@@H](Cc1ccccc1)C(=O)N[C@H]1c2ccccc2C[C@H]1O,6.76,7.52808644492553,0.21369878505935738,0.7680864449255305
CC(C)(C)NC(=O)[C@@H]1C[C@@H]2CCCC[C@@H]2CN1C[C@@H](O)[C@H](Cc1ccccc1)NC(=O)[C@H](CC(N)=O)NC(=O)c1ccc2ccccc2n1,8.47,7.983707655409276,0.422938358352007,0.48629234459072457
CC(C)CC(CCN(C(C)C)C(C)C)(C(N)=O)c1ccccn1,10.4,10.648021851780058,0.24848442016773473,0.24802185178005764
CC(C)COc1ccc(CNC(=O)N(Cc2ccc(F)cc2)C2CCN(C)CC2)cc1,8.44,8.549404957202993,0.14369840844609233,0.10940495720299381
CC(C)COc1ccc(NC(=S)Nc2ccc(-c3ccccn3)cc2)cc1,4.47,5.384642652217545,0.14800580215602926,0.9146426522175455
CC(C)Cc1ccc(C(C)C(=O)OCCN2CCN(c3cccc(C(F)(F)F)c3)CC2)cc1,6.96,6.895903443255747,0.16931462292980057,0.06409655674425263
CC(C)(C)c1ccc(C(O)CCCN2CCN(C(c3ccccc3)c3ccccc3)CC2)cc1,8.22,8.141668926183433,0.09834654191747488,0.07833107381656745
CC(C)(O)CNc1nc(Nc2ccnc(C(F)(F)F)c2)nc(-c2cccc(C(F)(F)F)n2)n1,4.25,3.3670340884575745,0.42826676667076385,0.8829659115424255
CC(C)(C)Sc1c(CC(C)(C)C(=O)[O-])n(Cc2ccc(Cl)cc2)c2ccc(OCc3ccc4ccccc4n3)cc12,3.14,3.160761941712005,0.24729164263345182,0.020761941712005072
CC(C)COC(=O)OCN1C(=O)CN(CCN2CC(=O)N(COC(=O)OCC(C)C)C(=O)C2)CC1=O,3.01,3.4235169357001105,0.4762322400770613,0.4135169357001107
CC(C)NCC(O)c1ccc(O)c(O)c1,8.96,9.233135044196851,0.11385948982577383,0.27313504419685053
CC(C)NCC(O)c1ccc(O)c2ncccc12,9.81,9.947515084046747,0.13415653179286147,0.13751508404674695
CC(C)NCC(O)c1ccc(NS(C)(=O)=O)cc1,9.43,9.89805012689427,0.1580937783379881,0.46805012689427095
CC(C)C(OC(=O)c1cccnc1)c1ccc(Cl)cc1,3.24,3.14171249605421,0.34171716402144925,0.09828750394579
CC(C)NCC(O)COc1ccc(OCCOCC2CC2)cc1,9.67,9.720365258140955,0.11261342316371746,0.05036525814095505
CC(C)NC(=N)NC(=N)Nc1ccc(Cl)c(Cl)c1,10.0,10.585934379625215,0.23926584059517064,0.5859343796252148
CC(C)Oc1ccccc1N1CCN(Cc2cccc(C(=O)N3CCCCC3)c2)CC1,6.92,7.198414057611258,0.17467555144629474,0.2784140576112577
CC(Cc1ccc(O)cc1)NCC(O)c1cc(O)cc(O)c1,9.63,9.612886309744088,0.11483222618354394,0.017113690255913028
CC(Cc1ccccc1)NCCCCl,9.83,10.181236685524926,0.14604204865465645,0.3512366855249258
CC(C)c1ccc(CC(=O)N[C@H](C)c2ccc(OCC(F)(F)F)cn2)cc1,3.69,3.3418240823557617,0.3329667455092523,0.3481759176442383
CC(C)[C@H](N)C(=O)OCC(CO)OCn1cnc2c(=O)[nH]c(N)nc21,7.48,6.973672830423288,0.13636806704471388,0.5063271695767124
CC(N)Cc1ccccc1,10.01,10.061012700722268,0.09655499316056834,0.05101270072226782
CC(N)Cc1ccc(O)cc1,9.8,10.061571090951087,0.10162144207845276,0.26157109095108666
CC(NC(C)(C)C)C(=O)c1cccc(Cl)c1,8.22,8.726922212834298,0.10590014630304347,0.5069222128342972
CC(CCc1ccccc1)NCC(O)c1ccc(O)c(C(N)=O)c1,9.8,9.8417361201223,0.08696653066872076,0.04173612012229988
CC(CN1C(=O)c2cccnc2Nc2ccccc21)N(C)C,8.51,8.4621123438714,0.23979919851728673,0.04788765612859969
CC(C)Nc1nc2cc(Cl)c(Cl)cc2n1[C@H]1O[C@@H](CO)[C@H](O)[C@@H]1O,6.38,5.3842175360327325,0.3919023876718781,0.9957824639672674
CC(C)CN(C[C@@H](O)[C@H](Cc1ccccc1)NC(=O)O[C@H]1CO[C@H]2OCC[C@H]21)S(=O)(=O)c1ccc(N)cc1,2.39,2.3274283473258435,0.13833338388766225,0.06257165267415665
CC(C)c1noc(N2CCC(COc3ccc(-c4ccc(S(C)(=O)=O)cc4)nc3)CC2)n1,3.71,2.4254601982429067,0.5496782520882146,1.2845398017570933
CC(CN1CCOCC1)C(C(=O)N1CCCC1)(c1ccccc1)c1ccccc1,7.77,7.70414803626755,0.0921148482273931,0.06585196373244973
CC(Cc1ccccc1)N(C)CCCN1c2ccccc2N(C)S(=O)(=O)c2ccccc21,9.47,9.293254027148633,0.17595137771679728,0.17674597285136784
CC(Cc1ccccc1)N(C)Cc1ccco1,8.76,8.374152266378678,0.29587363522036336,0.38584773362132196
CC(Cc1ccccc1)NN,5.65,5.583279872728575,0.12340767294869305,0.06672012727142551
CC(Cc1ccccc1)[N+](C)([O-])Cc1ccccc1,3.7,3.7102840969648865,0.5566454216826592,0.010284096964886302
CC(C)Oc1ccc(-c2nc(O[C@@H]3C[C@H]4C(=O)N[C@]5(C(=O)NS(=O)(=O)C6(C)CC6)C[C@H]5/C=C\CCCCC[C@H](NC(=O)OC5CCCC5)C(=O)N4C3)c3oc4ccccc4c3n2)cc1,0.59,1.1103342021476432,0.4846837218987137,0.5203342021476433
CC(C)Oc1ccc(-n2cnc3cc(/C=C\c4ccc(C(C)(C)O)cc4)ccc32)cc1,4.95,5.181023944106132,0.43752419018505506,0.23102394410613147
CC(C)[C@H](N)C(=O)O[C@@H]1C[C@@H](n2ccc(N)nc2=O)O[C@H]1CO,7.48,7.753148072898613,0.24212706525420372,0.2731480728986124
CC1(C)CC(OC(=O)C2CC2)CC(C)(C)N1O,2.88,5.791829898344792,0.6865949704688736,2.9118298983447923
CC1(C)N=C(N)N=C(N)N1OCc1ccc(Cl)c(Cl)c1,7.5,8.546699338467656,0.48960073692272693,1.046699338467656
CC1(C)C(=O)N(c2ccc(C#N)c(C(F)(F)F)c2F)C(=S)N1c1ccc(CCCc2ncco2)nc1,4.73,2.634320058218216,0.5004063710927052,2.0956799417817846
CC/C(=C(\c1ccc(O)cc1)c1ccc(OCCNC)cc1)c1ccccc1,9.74,9.58561115629372,0.10491954317277435,0.1543888437062808
CC1(C)CNc2cc(NC(=O)c3cccnc3NCc3ccncc3)ccc21,5.43,6.721514731327204,0.2600669554215919,1.2915147313272044
CC1(C)S[C@@H]2[C@H](N3C(=O)[C@@H](c4ccccc4)NC3(C)C)C(=O)N2[C@H]1C(=O)[O-],4.79,4.9878915241584,0.20342134760850902,0.1978915241583996
CC(=O)O[C@@]12CO[C@@H]1CC[C@@]1(C)[C@@H]3O[C@H](CN(C)C)O[C@@H]3C3=C(C)[C@@H](OC(=O)[C@H](O)[C@@H](NC(=O)OC(C)(C)C)c4ncccc4F)C[C@@](O)([C@@H](OC(=O)c4ccccc4)[C@@H]12)C3(C)C,7.55,7.264456006782932,0.3070608077298286,0.28554399321706825
CC1(C)S[C@@H]2[C@H](NC(=O)[C@H](N)c3ccc(O)cc3)C(=O)N2[C@H]1C(=O)O,7.22,7.255204413476318,0.14061858814710193,0.03520441347631831
CC1(C)S[C@@H]2[C@H](NC(=O)[C@H](N)c3ccccc3)C(=O)N2[C@H]1C(=O)O,7.23,7.185066415300325,0.10957685174553813,0.04493358469967568
CC1(CN2CCC(n3c(=O)[nH]c4ccccc43)CC2)OCc2ccccc2-n2cccc21,7.78,7.537444192764727,0.2287919829359158,0.2425558072352736
CC1=NS(=O)(=O)c2cc(Cl)ccc2N1,0.92,0.934052584119393,0.47709258515179276,0.014052584119392919
CC1(COc2ccc3c(c2)ncn3-c2ccc3cccc(N4CCC(N)CC4)c3n2)COC1.O=S(=O)(O)c1ccccc1,10.03,10.158141792309149,0.10307519622178872,0.12814179230914924
CC1(N)CCN(c2cccnc2NC(=O)c2nc(-c3ncccc3C(F)(F)F)cnc2N)CC1,10.27,9.972143255783607,0.1958185578102902,0.29785674421639285
CC1(NC2=NS(=O)(=O)c3sc(Cl)cc3N2)CC1,1.42,2.8660273672683374,0.595053417028232,1.4460273672683375
CC1CC(N)=NN1c1nc2c(s1)CCCC2,7.98,5.18178597191577,0.8272407357472684,2.7982140280842307
CC1=C/C(=N/OCC(=O)O)c2ccccc2C1=O,2.63,2.2443850903948674,0.4769595426008619,0.38561490960513245
CC1=C2C[C@H]3[C@@H](CC[C@@H]4C[C@H](NS(C)(=O)=O)CC[C@@]43C)[C@@H]2CC[C@@]2(C1)O[C@@H]1C[C@H](C)CN[C@H]1[C@H]2C,9.99,10.238322089756542,0.31744598020120607,0.2483220897565417
CC1CC(=O)NN=C1c1ccc(NCC(C)(C)NCC(O)COc2cc(Cl)ccc2C#N)cc1,9.02,9.153296999119258,0.25260558050705645,0.13329699911925807
CC1=C(C(=O)O)N2C(=O)[C@@H](NC(=O)[C@@H](N)c3ccc(O)c(Cl)c3)[C@H]2SC1,7.06,7.296617848498673,0.1812921990040173,0.23661784849867296
CC1=C(C(=O)O)N2C(=O)[C@@H](NC(=O)[C@H](N)C3=CCC=CC3)[C@H]2SC1,7.6,7.7058039162365235,0.13791958587675504,0.10580391623652385
CC1=C(C(=O)O)N2C(=O)[C@@H](NC(=O)[C@H](N)c3ccc(O)cc3)[C@H]2SC1,7.22,7.42859870737343,0.157406861338289,0.20859870737343034
CC1=C(C(=O)O)N2C(=O)[C@@H](NC(=O)[C@H](N)c3ccccc3)[C@H]2SC1,7.23,7.372262141401419,0.15380478129743833,0.14226214140141824
CC1(C)CCC2(CC1)N[C@@H](C(=O)N[C@@H]1CC[C@@H](C(N)=O)OC1)[C@H](c1ccnc(Cl)c1F)[C@]21C(=O)Nc2cc(Cl)ccc21,8.97,8.67635996160593,0.45121012964232854,0.29364003839407005
CC1CCCC(C)N1CCCC(O)(c1ccccc1)c1ccccn1,9.55,10.029305129166397,0.14934555753622022,0.4793051291663968
CC1=C(OCc2cccc(-c3ccccc3)c2Br)C=C(OCc2cccnc2)C(CN[C@@H](CO)C(=O)OC(C)C)C1,6.24,7.1534157912165,0.20098874389632815,0.9134157912165
CC1COc2c(N3CCN(C)CC3)c(F)cc3c(=O)c(C(=O)O)cn1c23,6.16,6.49972560120117,0.27078363205084216,0.33972560120117024
CC1Cc2ccccc2N1NC(=O)c1ccc(Cl)c(S(N)(=O)=O)c1,0.1,0.2427061767835606,0.41077222990663037,0.1427061767835606
CCC(=O)C(c1ccccc1)(c1ccccc1)C(C)CN(C)C,9.09,9.18384476186748,0.10850974427268877,0.09384476186748003
CCC(=O)N(CC(C)N(C)CCc1ccccc1)c1ccccc1,8.74,8.993391839476091,0.17222929853354815,0.253391839476091
CCC1(C2=NCCN2)Cc2ccccc2O1,9.06,9.188697484595718,0.23270504804413253,0.12869748459571717
CCC(C(=O)SCCN(CC)CC)c1ccc(-c2ccccc2)cc1,9.35,9.182340174842292,0.11378823154423265,0.16765982515770794
CCC(C)SSc1ncc[nH]1,4.81,2.8400052121773753,0.4498669078648555,1.9699947878226243
CCC1(c2cccc(O)c2)CCCCN(C)C1,9.16,9.32660651258097,0.21012173966072714,0.16660651258096948
CCC(=O)N(c1ccccc1)C1CCN(CCc2ccccc2)CC1,8.77,8.721210879748485,0.12274246418925229,0.04878912025151472
CCC(NC(C)C)C(O)c1ccc(O)c2[nH]c(=O)ccc12,9.88,9.703261871446715,0.14162721047487564,0.17673812855328563
CCC(C)(C)NCC(O)COc1cc(CCC(=O)c2ccc(C)cc2)ccc1OC,9.91,9.556150255158684,0.16600946348032827,0.35384974484131604
CCC(C)(C)NCC(O)COc1ccccc1C#N,9.91,9.766869281377497,0.10267338321668837,0.14313071862250304
CCC(=O)OC1(c2ccccc2)CCN(C)CC1C,8.9,9.13219514207761,0.09023500027392302,0.23219514207760916
CCCC(=O)Nc1ccc(OCC(O)CNC(C)C)c(C(C)=O)c1,9.57,9.6289486558378,0.09985332696329817,0.05894865583779918
CCCC(N)(CCC)CCC,10.74,10.646244188595563,0.1798536600591752,0.09375581140443678
CCC(COC(=O)c1cc(OC)c(OC)c(OC)c1)(c1ccccc1)N(C)C,8.68,9.070733439808398,0.1397525795110335,0.3907334398083986
CCCCC(CC)CN1CN(CC(CC)CCCC)CC(C)(N)C1,9.08,9.485768770596124,0.20142948775793684,0.40576877059612393
CCCCCC(/C=C/n1ccnc1)OCc1ccccc1,6.16,6.764052725295413,0.14152058744497603,0.6040527252954124
CCC(=O)O[C@](Cc1ccccc1)(c1ccccc1)[C@H](C)CN(C)C,9.52,9.556437774898063,0.11955865783390186,0.036437774898063324
CCCC(=O)c1ccc2c(c1)N(CCCN1CCN(C)CC1)c1ccccc1S2,7.86,7.532183612328983,0.0897130008052665,0.3278163876710174
CCCCCCOc1nsnc1C1=CCCN(C)C1,6.7,7.025875365733691,0.2912036489816002,0.32587536573369125
CCCCNCC(=O)Nc1c(C)cccc1Cl,8.69,8.55212425464902,0.1856570336020362,0.13787574535098024
CCCCNc1cc(C(=O)O)cc(S(N)(=O)=O)c1Oc1ccccc1,2.7,2.7038259096323936,0.33856565417201256,0.003825909632393376
CCCCOCCOC(=O)c1cccnc1,3.24,2.8167228370231543,0.35359592795420025,0.4232771629768459
CCCNC(C)(C)C(=O)Nc1ccccc1C,8.92,9.246601245709892,0.11266495249220813,0.3266012457098917
CCCNC(C)C(=O)Nc1ccccc1C,8.82,8.995226387597885,0.16873540911725515,0.17522638759788478
CCCCP(=O)(O)CCCN,10.21,10.170434915420042,0.19113394836088576,0.039565084579958665
CCCCCCCCc1ccc(CC[C@](N)(CO)COP(=O)(O)O)cc1,9.84,9.45989215414087,0.2609674707777914,0.38010784585912916
CCCCCCCN(CC)CCCC(O)c1ccc(NS(C)(=O)=O)cc1,10.4,10.414747645531085,0.2592691231193401,0.01474764553108443
CCCCCCCCN=c1ccn(CCCCCCCC)cc1,10.59,10.312481539936911,1.6776938740470315,0.27751846006308867
CCCCC1=NC2(CCCC2)C(=O)N1Cc1ccc(-c2ccccc2-c2nnn[nH]2)cc1,4.08,3.4850801343583875,0.4889610168899137,0.5949198656416126
CCCCc1cc2ccccc2c(OCCN(C)C)n1,8.64,8.69330499365529,0.09462358873908723,0.05330499365529029
CCCCc1nc(Cl)c(CO)n1Cc1ccc(-c2ccccc2-c2nnn[n-]2)cc1,3.82,2.9462243139656694,0.5549725235109539,0.8737756860343304
CCCCc1nc(Cl)c(CO)n1Cc1ccc(-c2ccccc2-c2nnn[nH]2)cc1,3.82,3.5308971625829044,0.34013839393249606,0.2891028374170954
CCCNC(=O)c1ccc2c(c1)N([C@H](C)CN1CCCC1)c1ccccc1S2,8.82,8.693397578426604,0.23264046251119302,0.12660242157339674
CCCCCCCCCCCCNCC(O)CCCCCCCCCn1c(=O)c2c(ncn2C)n(C)c1=O,10.17,10.199956134510797,0.17922066127019015,0.029956134510797483
CCCN1CCCC[C@H]1C(=O)Nc1c(C)cccc1C,7.82,8.116906039602092,0.1496177189253487,0.29690603960209216
CCCCc1ccc2[nH]c(NC(=O)OC)nc2c1,4.65,4.175654628392431,0.29384815989354107,0.4743453716075692
CCC(=O)O[C@@H]1CC(=O)O[C@H](C)C/C=C/C=C/[C@H](OC(C)=O)[C@H](C)C[C@H](CC=O)[C@H](O[C@@H]2O[C@H](C)[C@@H](O[C@H]3C[C@@](C)(OC(C)=O)[C@@H](OC(=O)CC)[C@H](C)O3)[C@H](N(C)C)[C@H]2O)[C@H]1OC,7.9,7.987183150759312,0.13766380527097158,0.08718315075931127
CCC(=O)O[C@@](Cc1ccccc1)(c1ccccc1)[C@@H](C)CN(C)C,9.52,9.549722755298129,0.11826614562279496,0.0297227552981294
CCCC(=O)Nc1ccc(OCC(O)CNCCc2ccc(OC)c(OC)c2)c(-c2ccno2)c1,9.31,9.4195330737827,0.18135936899642915,0.10953307378269983
CCCCNc1ccc(C(=O)OCCN(CC)CC)cc1,8.96,8.956949103838207,0.14542077036153983,0.003050896161793659
CCCN(CCC)CCc1cccc2c1CC(=O)N2,10.17,10.202190833836323,0.22351523980638718,0.0321908338363226
CCCCOC(=O)N[C@@H](CNC(=O)C[C@H]1CC(c2ccc(C(=N)N)cc2)=NO1)C(=O)OC,11.11,11.367703076847008,0.21847081200404514,0.2577030768470081
CCCc1cc2c(O)c(C(=O)OC)cnc2cc1N(CC)CC,3.98,5.793029925052138,0.7659725233918624,1.8130299250521378
CCCCCCCCCCCCCCCCOCCCOP(=O)(O)CO[C@H](C)Cn1cnc2c(N)ncnc21,3.75,4.0592834330001875,0.3973676871492376,0.30928343300018746
CCCCCCN(CCOc1ccc(CCCCNC(=N)NC(=O)c2nc(Cl)c(N)nc2N)cc1)C[C@H](O)C(O)[C@H](O)[C@H](O)CO,8.6,9.44457352790754,0.37214438960847995,0.8445735279075404
CCC[C@@H](C)C[C@H](N)CC(=O)O,10.54,9.984211631807941,0.17238903113608617,0.5557883681920579
CCC[C@@H]1C[C@@H](C(=O)N[C@@H]([C@H]2O[C@H](SC)[C@H](O)[C@@H](O)[C@H]2O)[C@@H](C)O)N(C)C1,7.97,8.072222707900057,0.2637043119792145,0.10222270790005705
CCCCc1nc2cc(CN3CCN(C(c4ccccc4)c4ccccc4)CC3)ccc2n1CC,7.97,8.043587936855085,0.19107965054572043,0.07358793685508491
CCCCc1ncc(/C=C(\Cc2cccs2)C(=O)O)n1Cc1ccc(C(=O)O)cc1,6.67,6.103954921189832,0.3171178869279953,0.5660450788101681
CCCCc1oc2ccc(NS(C)(=O)=O)cc2c1C(=O)c1ccc(OCCCN(CCCC)CCCC)cc1,9.79,9.96771976708352,0.08286998768804185,0.17771976708352
CCCn1c(=O)c2nc(C3(N)CCCC3)[nH]c2n(CCC)c1=O,9.46,8.67175769802706,0.26427297592038124,0.7882423019729412
CCN(CC)CC#CCOC(=O)C(O)(c1ccccc1)C1CCCCC1,8.77,8.61200555888529,0.25731758543528993,0.15799444111470962
CCCc1nn(C)c2c(=O)[nH]c(-c3cc(S(=O)(=O)N4CCN(C)CC4)ccc3OCC)nc12,5.98,6.14011658956207,0.12345697811605566,0.16011658956206976
CCCn1c(=O)[nH]c(=O)c2nc[nH]c21,1.44,2.1990824101525277,0.35174184903132244,0.7590824101525278
CCN(CC)C(=O)c1ccc(C2=CC3(CCNCC3)Oc3ccccc32)c(O)c1,9.84,10.102034246909055,0.16671384943800216,0.26203424690905486
CCN(C(C)=O)c1cccc(-c2ccnc3c(C#N)cnn23)c1,0.28,0.777765114381854,0.30457717991970007,0.497765114381854
CCN(CC)CCNC(=O)c1cc(S(C)(=O)=O)ccc1OC,7.64,8.156838545187316,0.23920597679928246,0.5168385451873165
CCN(CC)CCNC(=O)c1ccc(NS(C)(=O)=O)cc1,9.29,9.170700641517577,0.20343064361794147,0.11929935848242224
CCCN1C[C@H](C)[C@@H](O)[C@](C)(O)[C@@H](CC)OC(=O)[C@H](C)[C@@H](O[C@H]2C[C@@](C)(OC)[C@@H](O)[C@H](C)O2)[C@H](C)[C@@H](O[C@@H]2O[C@H](C)C[C@H](N(C)C)[C@H]2O)[C@](C)(O)C[C@H]1C,9.95,9.784157054957312,0.23077419381872158,0.16584294504268726
CCC[C@@H]1C[C@@H](C(=O)N[C@@H]([C@H]2O[C@H](SC)[C@H](O)[C@@H](O)[C@H]2O)[C@H](C)Cl)N(C)C1,7.55,7.840923999192259,0.24545858103023582,0.290923999192259
CCC[C@@H]1C[C@@H](C(=O)N[C@@H]([C@H]2O[C@H](SC)[C@H](OP(=O)(O)O)[C@@H](O)[C@H]2O)[C@H](C)Cl)N(C)C1,7.55,8.145901526608146,0.33553715138517937,0.595901526608146
CCN(CC)CC(CN(CC)CC)C(c1ccccc1)C1CCCCC1,10.32,10.584136189480857,0.20897396804535656,0.2641361894808565
CCN(CC)CC(OC(=O)c1ccccc1)c1ccccc1,8.58,9.03158874079935,0.16355674093602454,0.45158874079934996
CCN(CC)CC1CCCCN1CC(=O)N1c2ccccc2C(=O)Nc2cccnc21,9.22,9.50042411276847,0.1721918813014274,0.2804241127684701
CCN(CC)CCOC1(c2ccc(Cl)cc2)CCCCC1,9.41,9.719051159168785,0.21983360601698093,0.309051159168785
CCN(CC)CC(=O)Nc1c(C)cccc1C,7.75,7.607711480548839,0.1052097992871722,0.14228851945116094
CCN(CC)CC(C)(C)COC(=O)C(CO)c1ccccc1,10.06,9.543375673449315,0.2755111281809235,0.5166243265506854
CCN(CC)CCOC(=O)C1(C2CCCCC2)CCCCC1,8.96,9.08288282083726,0.18754440614466356,0.12288282083725832
CCN(CC)CCOC(=O)C1(c2ccccc2)CCCC1,8.96,9.035403571342913,0.11145949850368428,0.0754035713429122
CCCc1nc(C(C)(C)O)c(C(=O)O)n1Cc1ccc(-c2ccccc2-c2nnn[nH]2)cc1,5.33,3.812628548308387,0.2788326393720086,1.5173714516916132
CCCc1nc(C(C)(C)O)c(C(=O)OCc2oc(=O)oc2C)n1Cc1ccc(-c2ccccc2-c2nnn[nH]2)cc1,3.63,3.039168307074389,0.40645846323171814,0.5908316929256108
CCCc1nc(C)c2c(=O)[nH]c(-c3cc(S(=O)(=O)N4CCN(CC)CC4)ccc3OCC)nn12,6.21,6.436359139580195,0.1265328368502916,0.22635913958019493
CCCc1nc2c(C)cc(-c3nc4ccccc4n3C)cc2n1Cc1ccc(-c2ccccc2C(=O)O)cc1,5.86,5.470384999812567,0.2837390343391752,0.3896150001874332
CCCCCCCCCCCCCCCCCC(=O)NCCCCOn1c(CCCC)nc2c(N)nc3ccccc3c21,4.2,4.623689750886157,0.757087641794491,0.42368975088615723
CCN(CC)CCO/N=C(/c1ccco1)c1ccc(OC)c(Cl)c1Cl,8.38,8.841196705568802,0.12496327928869579,0.4611967055688009
CCN(CC)CCOC(=O)C(C)(c1ccccc1)c1ccccc1,8.96,8.96787892730883,0.11025016942882683,0.007878927308828665
CCN1CCC[C@H]1CNC(=O)c1c(OC)ccc(Br)c1OC,8.4,8.363606958758478,0.16730569569890993,0.03639304124152254
CCN1C(=O)c2ccccc2C1Nc1ccc(OCCN2CCCCC2)cc1,8.96,8.687470258676884,0.23200349429700293,0.27252974132311714
CCN(CC)CCOCCC1=CCC2CC1C2(C)C,9.41,9.94414117402408,0.22779268523540255,0.5341411740240805
CCN(CC)CCNC(=O)COc1ccc(OC)cc1,9.04,9.035997270077214,0.10553083514269293,0.004002729922785164
C/C=C/C1=C(C(=O)O)N2C(=O)[C@@H](NC(=O)[C@H](N)c3ccc(O)cc3)[C@H]2SC1,7.22,7.513708379023749,0.13844105026726367,0.2937083790237489
CCN1CCCC(OC(=O)C(c2ccccc2)c2ccccc2)C1,8.31,8.606688871722378,0.16054230463618768,0.29668887172237746
CCN(CC)CCN(Cc1ccc(-c2ccc(C(F)(F)F)cc2)cc1)C(=O)Cn1c(SCc2ccc(F)cc2)nc(=O)c2c1CCC2,8.31,9.069527383084248,0.20287577220984265,0.7595273830842473
CCN(CC)CCN1C(=O)c2ccccc2C1c1ccccc1,9.01,9.078716523915922,0.10376560914380546,0.06871652391592242
CCN(CC)CCn1c(Cc2ccc(Cl)cc2)nc2cc([N+](=O)[O-])ccc21,9.6,9.431409040686713,0.16226236320082782,0.1685909593132866
CCN(CC)CCOc1ccc(/C(=C(/Cl)c2ccccc2)c2ccc(O)cc2)cc1,9.41,9.29201013607125,0.12825559526506708,0.11798986392875044
CCN(CC)CCOc1ccc(C(=C(Cl)c2ccccc2)c2ccccc2)cc1,9.31,9.350066728761814,0.09654684915976665,0.04006672876181305
CCN(CC)CCSC(=O)N(c1ccccc1)c1ccccc1,9.31,9.358957944072893,0.12164599135380835,0.048957944072892445
CCN(CC)CC[n+]1ccc2c(C)c3[nH]c4ccc(O)cc4c3c(C)c2c1,7.26,8.467395768109752,0.27736876256810117,1.2073957681097518
CCN1CCC(c2cc(F)cc(S(C)(=O)=O)c2)CC1,7.51,8.243507772179743,0.3561533590389516,0.7335077721797436
CCN1CCC(c2cccc(S(C)(=O)=O)c2F)CC1,7.03,8.2124043673962,0.35676007114512553,1.1824043673961997
CCNCC(O)c1cccc(O)c1,9.73,9.492890469471078,0.10326051712292511,0.23710953052892236
CCO/N=C(\C(=O)N[C@@H]1C(=O)N2C(C(=O)O)=C(Sc3nc(-c4cc[n+](C)cc4)cs3)CS[C@H]12)c1nsc(NP(=O)([O-])O)n1,0.35,0.17549493353444232,0.35760057513092275,0.17450506646555766
CCOC(=O)NNc1ccc(N(CC)CC(C)O)nn1,3.37,3.646589865464697,0.6097245209760631,0.27658986546469677
CCOC(=O)NNc1nncc2ccccc12,2.94,2.2655076522729827,0.6904742531578965,0.6744923477270173
CCNC(=O)c1noc(-c2cc(C(C)C)c(O)cc2O)c1-c1ccc(CN2CCOCC2)cc1,7.05,6.419475041384286,0.21091394216633774,0.6305249586157142
CCN(CC)Cc1cc(Nc2ccnc3cc(Cl)ccc23)ccc1O,10.17,10.395068267675171,0.2808425711878864,0.22506826767517119
CCN(CC)Cc1ccc2oc(-c3ccccc3)c(C)c(=O)c2c1,8.19,8.3220285076125,0.2539825038435802,0.13202850761249962
CCN[C@@H]1[C@@H](O)[C@@H](O[C@@H]2[C@@H](O)[C@H](O[C@H]3OC(CN)=CC[C@H]3N)[C@@H](N)C[C@H]2N)OC[C@]1(C)O,9.62,9.594486398285943,0.16020976766787387,0.025513601714056477
CCN(CCCC(=O)C1CCCCC1)C(C)Cc1ccc(OC)cc1,9.56,9.833572597989768,0.19170956073167306,0.27357259798976763
CCNC(=O)C[C@@H]1N=C(c2ccc(Cl)cc2)c2cc(OC)ccc2-n2c(C)nnc21.O=S(=O)(O)c1ccccc1,4.36,4.365708715866946,0.21233066598481262,0.005708715866945546
CCN(c1nncs1)P(=O)(N1CC1)N1CC1,0.36,1.3061608656220205,0.5549851316431675,0.9461608656220205
CCNC(=O)O/N=C/c1ccc([C@H]2C[C@@]3(C)[C@@H](CC[C@]3(COC)OC)[C@@H]3CCC4=CC(=O)CCC4=C32)cc1,1.89,1.3356575021663863,0.4097227288361867,0.5543424978336136
CCN1CCN(Cc2ccc(Nc3ncc(F)c(-c4ccc5nn(C)c(C(C)C)c5c4)n3)nc2)CC1,7.94,7.785055484369852,0.15150463095051128,0.15494451563014877
CCOC(=O)C1(c2ccccc2)CCN(CCOCc2ccccc2)CC1,8.11,8.062683621535554,0.09087723148381256,0.04731637846444592
CCOC(=O)CCNC(=O)N[C@H]1CCN(c2ccc(C(=N)N)cc2)C1=O,11.47,11.899594103315344,0.3791043272373964,0.42959410331534365
CCOC(=O)c1ncn2c1CN(C)C(=O)c1c(Cl)cccc1-2,2.86,3.026268268997671,0.24799551108613832,0.16626826899767133
CCOC(=O)c1ncn2c1CN(C)C(=O)c1c([123I])cccc1-2,2.86,2.8462535902997725,0.1945596374095706,0.013746409700227336
CCOC(=O)Nc1cc2c(c(N)n1)N=C(c1ccccc1)[C@H](C)N2.O=S(=O)(O)CCO,8.01,7.887670361511286,1.0482542269404205,0.12232963848871403
CCOC(=O)Nc1ccc(NCc2ccc(F)cc2)cc1N,3.99,3.920009984752075,0.6691794543082812,0.06999001524792536
CCOC(=O)Nc1ccc(NCc2ccc(F)cc2)nc1N,7.5,6.949295859914744,0.5090944640402502,0.5507041400852559
CCNCCCNC/C=C\CNCCCNCC,10.63,10.73923085430109,0.2330665201952665,0.1092308543010887
CCOC(=O)c1ccc(N(CC(C)O)CC(C)O)cc1,0.06,3.189224545993958,0.33732752855011605,3.129224545993958
CCOC(=O)Cn1nc(C(F)(F)F)cc1-c1ccc(-c2cccc(S(C)(=O)=O)c2)cc1,0.31,0.05412026499381817,0.28843487980039867,0.25587973500618183
CCOC(=O)N1CCC(C)(N2CCC(N3C(=O)N[C@H]4CCCC[C@@H]43)CC2)CC1,8.96,9.239525189970994,0.41418175852494615,0.2795251899709932
CCOC(=O)[C@]1(c2ccccc2)CCC=C[C@H]1N(C)C,8.6,8.569725651359551,0.134892862004204,0.030274348640448423
CCOC(=O)C1=C(CN2CCN3C(=O)N(CC(C)(C)C(=O)O)C[C@@H]3C2)N=C(c2nccs2)N[C@H]1c1cccc(F)c1C,5.25,5.63846283778635,0.5532492193738792,0.38846283778635016
CCOC(=O)Nc1ccc2c(c1)N(C(=O)CN(C)C)c1ccccc1CC2,7.11,7.063105845135072,0.2979568467379704,0.046894154864927984
CCOC(=O)[C@H](CCc1ccccc1)N[C@@H](C)C(=O)N1CC2(C[C@H]1C(=O)O)SCCS2,5.2,5.058875263319815,0.14855844148475178,0.14112473668018488
CCOC(=O)[C@H](CCc1ccccc1)N[C@@H](C)C(=O)N1N=C(C(C)(C)C)S[C@H]1C(=O)O,4.78,4.849422682931514,0.1503867112884837,0.06942268293151344
CCOc1cc(CC(=O)N[C@@H](CC(C)C)c2ccccc2N2CCCCC2)ccc1C(=O)O,4.82,4.593498079307361,0.4911811174363697,0.2265019206926393
CCOc1ccc2c(-c3cccc(F)c3)nn(CC(=O)N(C)c3ccc4nc(C)oc4c3)c(=O)c2c1,1.0,1.0408426875875827,0.3862808214890616,0.04084268758758269
CCOc1ccc(S(=O)(=O)[O-])c2cccnc12,1.59,1.6194771947739945,0.45712544764313306,0.029477194773994464
CCOC(=O)[C@H](C)NP(=O)(COCCn1cnc2c(NC3CC3)nc(N)nc21)N[C@@H](C)C(=O)OCC,6.4,6.441537271987481,0.18946469613624164,0.04153727198748047
CCOc1ccccc1OCCN[C@H](C)Cc1ccc(OC)c(S(N)(=O)=O)c1,9.28,8.977631100948631,0.3426607569208746,0.302368899051368
CCOc1cc(OCC)cc(OCCN(CC)CC)c1,9.28,9.349421570326566,0.13968793670559584,0.0694215703265666
CCS(=O)(=O)CCN1C(=O)CN=C(c2ccccc2F)c2cc(Cl)ccc21,1.93,1.7175170501381447,0.2699303292762877,0.21248294986185523
CCS(=O)(=O)N1CC(CC#N)(n2cc(-c3ncnc4[nH]ccc34)cn2)C1,3.91,3.9789186063659416,0.12773367073402367,0.06891860636594149
CCOc1cc2ncc(C#N)c(Nc3ccc(OCc4cccc(F)c4)c(Cl)c3)c2cc1NC(=O)/C=C/CN(C)C,8.81,8.923325196498968,0.2431371767384909,0.11332519649896788
CCOC(=O)Oc1c(OC)cc(C(=O)O[C@@H]2C[C@@H]3CN4CCc5c([nH]c6cc(OC)ccc56)[C@H]4C[C@@H]3[C@H](C(=O)OC)[C@H]2OC)cc1OC,7.02,7.28244583596431,0.17032103954438788,0.2624458359643107
CCOC(=O)[C@@H](N)CCC(=O)N[C@@H](CSCc1ccccc1)C(=O)N[C@@H](C(=O)OCC)c1ccccc1,7.18,7.279774544077962,0.15179356359672003,0.09977454407796227
CCOc1nc2cccc(C(=O)O)c2n1Cc1ccc(-c2ccccc2-c2nnn[nH]2)cc1,1.5,1.6076896681164659,0.3970595240036943,0.10768966811646585
CCS(=O)(=O)N1CCN(c2ccc(Nc3ncc(C(N)=O)c(NC4CC4)n3)cc2)CC1,4.33,5.9990514303248235,0.3770276248169373,1.6690514303248234
CC[n+]1c(-c2ccc(-c3ccccc3)cc2)csc1/C=C/c1ccc(N2CCCC2)cc1,4.83,4.586816909624777,0.573341523805878,0.243183090375223
CCc1ccc(C(=O)COc2ccc(CC3SC(=O)NC3=O)cc2)nc1,2.78,2.7622103111126757,0.2307440971181127,0.01778968888732413
CCc1cccc2cc(C(O)CNC(C)(C)C)oc12,9.24,9.516059821832425,0.09446701700977245,0.2760598218324244
CCn1cc(C(=O)O)c(=O)c2cc(F)c(N3CCNCC3)nc21,8.59,8.595305142738919,0.17893441477645192,0.005305142738919244
CCc1ccc(CCOc2ccc(CC3SC(=O)NC3=O)cc2)nc1,5.6,5.109837052077639,0.21874539001940763,0.4901629479223608
CCn1c(=O)c(-c2cc[nH]n2)cc2c(C)nc(N)nc21,3.7,4.2398785230502245,0.4670034972614217,0.5398785230502243
CCc1cc2c(cc1CC)CC(NC[C@H](O)c1ccc(O)c3[nH]c(=O)ccc13)C2,9.71,9.516838067541244,0.08872654103862732,0.19316193245875724
CCn1cc(C(=O)O)c(=O)c2cc(F)c(N3CCN(C)CC3)cc21,6.44,6.479977064366558,0.1705687227855261,0.03997706436655779
CCn1cc(C(=O)O)c(=O)c2cnc(N3CCNCC3)nc21,8.57,8.764845806758672,0.22715331489088653,0.19484580675867136
CCc1nc2c(C)cc(N3CCN(CC(=O)N4CC(O)C4)CC3)cn2c1N(C)c1nc(-c2ccc(F)cc2)c(C#N)s1,7.85,5.963597444013415,0.4595068444060692,1.8864025559865842
CC[C@H](O)[C@@H](C)[C@H]1O[C@@H]1C[C@@](C)(O)/C=C/C=C(\C)[C@H]1OC(=O)C[C@H](O)CC[C@@](C)(O)[C@@H](OC(=O)N2CCN(C3CCCCCC3)CC2)C=C[C@@H]1C,8.29,7.937086767245259,0.07408903651007692,0.35291323275473996
CCc1cnc(N2CCC(c3nc(COc4ccc(-n5cnnn5)cc4)cs3)CC2)nc1,3.09,4.417604427935608,0.3765266636658052,1.3276044279356078
CCc1nn(CCCN2CCN(c3cccc(Cl)c3)CC2)c(=O)n1CC,7.09,7.446159984016394,0.2155541297647362,0.3561599840163945
CCc1nn(CCCN2CCN(c3cccc(Cl)c3)CC2)c(=O)n1CCOc1ccccc1,7.09,7.515604036652141,0.17952017678540222,0.42560403665214075
CN(C)CCC(N)(P(=O)(O)O)P(=O)(O)O,10.05,9.541051911309198,0.48004581129803303,0.5089480886908024
CN(C)C(=O)OCCN1CCN(CCCC(=O)c2cccs2)CC1,6.83,7.273381218759558,0.06151100666746791,0.4433812187595576
CN(C)C(=O)Oc1cc(OC(=O)N(C)C)cc(C(O)CNC(C)(C)C)c1,9.52,9.684651425242517,0.15729160349762178,0.16465142524251775
CCn1ncc2c(NC3CCOCC3)c(-c3nnc(Cc4sc(C)nc4C)o3)cnc21,3.31,3.624046549803887,0.5397855864865627,0.31404654980388713
CN(C)CC/C=C1/c2ccccc2COc2ccc(CC(=O)O)cc21,9.76,9.897041904526802,0.19687601335069227,0.13704190452680187
CN(C)CC/C=C1/c2ccccc2COc2ccccc21,9.76,9.77794112152711,0.08255726088456292,0.01794112152711058
CN(C)CC1=Cc2ccccc2Sc2ccccc21,8.27,8.698378977088684,0.15196706246700512,0.4283789770886841
CC[C@@H](OC(C)=O)C(C[C@@H](C)N(C)C)(c1ccccc1)c1ccccc1,9.87,9.919028359697569,0.07948313416496133,0.04902835969756936
CN(C(=O)CCCC(=O)O)c1c(I)cc(I)c(N)c1I,1.61,1.487960536020412,0.33141250267572864,0.12203946397958809
CN(C(=O)Cc1cccc([N+](=O)[O-])c1)[C@H]1c2ccccc2C[C@@H]1N1CCCC1,8.91,9.137838917630003,0.31905022709256364,0.2278389176300024
CN(C)CCN(C)[C@H]1COc2ccccc2-c2c(C3CCCCC3)c3ccc(C(=O)O)cc3n2C1,8.88,8.964664394721504,0.18157776764767367,0.08466439472150356
CC[C@]12CCCN3CCc4c(n(c5ccccc45)C(=O)C1)[C@@H]32,6.27,7.048221952930007,0.25099370270888594,0.7782219529300072
CCn1ncnc1COc1nn2c(-c3ccccc3F)nnc2cc1C(C)(C)C,1.26,1.2685058475789188,0.44902644995823693,0.008505847578918813
CCn1nnn(CCN2CCC(N(C(=O)COC)c3ccccc3F)C(C)C2)c1=O,7.54,7.769478158853571,0.14399235850677378,0.2294781588535706
CC[C@@H](C)Nc1nc(C)nc2c(-c3ccc(OC)nc3C)c(C)nn12,3.06,2.686082433986061,0.38803557716994225,0.3739175660139389
CN(C)CC(=O)OC[C@@H](O)[C@@H](O)[C@H](O)[C@@H](O)C(=O)O,6.58,7.391162132914803,0.6631732515813109,0.8111621329148031
CN(C)CC(C)(C)OC(=O)C(O)(c1ccccc1)c1ccccc1,8.9,8.662271031897149,0.29566569736425996,0.23772896810285182
CN(C)CCCOC1(Cc2ccccc2)CCCCCC1,9.46,9.63769646703239,0.08229707842355218,0.17769646703238884
CN(C)CCCSc1c2ccccc2nn1Cc1ccccc1,9.19,9.519891870831055,0.09127075541328497,0.3298918708310552
CN(C)C(C)(CO)Cc1ccc(Cl)c(Cl)c1,9.13,9.279483283105407,0.12251634933142586,0.14948328310540582
CN(C)CCCN1c2ccccc2Sc2ccccc21,9.2,9.287747714634222,0.10238146441273463,0.08774771463422226
CN(C)CCN(Cc1cccs1)c1ccccn1.CN(C)CCN(Cc1cccs1)c1ccccn1,8.76,8.772329004251755,0.08641430853736802,0.012329004251755649
CN(C)CCCN1c2ccccc2CCc2ccc(Cl)cc21,9.2,9.305177967372192,0.05573820712661882,0.10517796737219243
CN(C)CCCN1c2ccccc2Sc2ccc(C(F)(F)F)cc21,9.2,9.379674395881114,0.09089623962664097,0.1796743958811149
CN(C)CCN1C(=O)c2cccc3cc(N)cc(c23)C1=O.O=C(O)C[C@H](O)C(=O)O,8.52,8.665968117024054,0.12869425465691456,0.14596811702405432
CN(C)C(=O)CCS[C@H](SCCC(=O)O)c1cccc(/C=C/c2ccc3ccc(Cl)cc3n2)c1,3.11,3.929616762057448,0.4338819983346168,0.8196167620574482
CCc1c2c(nc3ccc(OC(=O)N4CCC(CCn5ccc6cc(-n7c(-c8cc(C(C)C)c(O)cc8O)n[nH]c7=O)ccc65)CC4)cc13)-c1cc3c(c(=O)n1C2)COC(=O)[C@]3(O)CC,3.8,2.7642221310559663,0.46377415249558335,1.0357778689440336
CN(C)CCOC(c1ccccc1)c1ccccc1.O=C(O)CC(O)(CC(=O)O)C(=O)O,8.87,8.910551148419406,0.1134090243240826,0.04055114841940721
CN(C)CCOc1ccc(/C(=C(/CCCl)c2ccccc2)c2ccccc2)cc1.O=C(O)CC(O)(CC(=O)O)C(=O)O,8.76,8.617789403367885,0.1464175516713306,0.14221059663211477
CN(C)c1nc(N(C)C)nc(N(C)C)n1,8.75,5.441902615652478,0.5745631008788836,3.308097384347522
CN(C)N=Nc1nc[nH]c1C(N)=O,1.72,2.883424997437513,0.4867147402333287,1.1634249974375128
CN(C)[C@H](Cc1ccccc1)c1ccccc1,9.43,9.144404538671964,0.10650520353118777,0.28559546132803604
CN(C)CCn1cnc2c1c(=O)n(C)c(=O)n2C,8.65,8.61989800597029,0.179677830359598,0.030101994029710255
CN(CC(=O)O)C(=N)NP(=O)(O)O,13.57,8.157945831481324,0.6372874291709325,5.412054168518676
CN(C)CCc1c[nH]c2ccc(C[C@H]3COC(=O)N3)cc12,9.55,9.526431361800192,0.14868493693572654,0.02356863819980859
CN(CCOc1ccc(NS(C)(=O)=O)cc1)CCc1ccc(NS(C)(=O)=O)cc1,8.99,9.028518163745975,0.12249711920926255,0.03851816374597483
CN(C)c1ccc(-c2nc(=O)n(C)nc2-c2ccc(N(C)C)cc2)cc1,4.1,4.316886355726649,0.43893182300956973,0.2168863557266496
CN1C(C(=O)Nc2ccccn2)=C(O)c2sccc2S1(=O)=O,4.26,4.088295177927658,0.2339939041265048,0.17170482207234183
CN(CCOc1ccc(CC2SC(=O)NC2=O)cc1)c1ccccn1,6.23,6.382185272098357,0.45055576694160643,0.15218527209835653
CN/C(=N\CCSCc1nc[nH]c1C)NC#N,6.91,7.726408665985639,0.3053751840428272,0.8164086659856391
CN(Cc1cnc2nc(N)nc(N)c2n1)c1ccc(C(=O)N[C@@H](CCC(=O)O)C(=O)O)cc1,2.8,2.818147130550228,0.31103238340354833,0.01814713055022832
CN1CCC(=C2c3ccccc3Oc3ccc(Cl)cc32)CC1,7.82,7.640419905933944,0.15705257697925448,0.1795800940660559
CN1CCN(C2=Cc3cc(Cl)ccc3/C(=C/C#N)c3ccccc32)CC1,7.53,7.540697773713094,0.22531579529810947,0.010697773713093994
CN(c1nccc(=O)[nH]1)C1CCN(c2nc3ccccc3n2Cc2ccc(F)cc2)CC1,5.63,5.440456114231651,0.4320485688290706,0.1895438857683489
CN1C(=O)CN=C(C2=CCCCC2)c2cc([N+](=O)[O-])ccc21,3.02,3.057726848886143,0.3576478216367809,0.03772684888614286
CN1C(=O)CN=C(c2ccccc2)c2cc([N+](=O)[O-])ccc21,2.72,2.6571656751640282,0.3489525755974903,0.06283432483597196
CN1CC(CCOC(=O)C(O)(c2ccccc2)c2ccccc2)C2CCCCC21,10.46,9.34400348460672,0.23672644169250798,1.115996515393281
CN1CCN(c2nc(C(C)(C)C)cs2)CC1,7.18,7.3822549442848695,0.24856186325659477,0.2022549442848698
CN1CCCC(=C(c2cccs2)c2cccs2)C1,7.84,8.15199663735648,0.3318002897975616,0.3119966373564793
CN1CCN(C2=Nc3ccccc3Cc3ccccc32)CC1,7.38,7.490980992208333,0.11747881885357345,0.11098099220833291
CN1CCCC1COC(=O)C(Oc1ccc(Cl)cc1)Oc1ccc(Cl)cc1,8.15,8.613471164253166,0.11002228728978158,0.4634711642531659
CN1CCN(C(=O)OC2c3nccnc3C(=O)N2c2ccc(Cl)cn2)CC1,6.86,6.654258984741941,0.1882260771999087,0.20574101525805943
CN1CCN(c2ccc(C(=O)Nc3n[nH]c4ccc(Cc5cc(F)cc(F)c5)cc34)c(NC3CCOCC3)c2)CC1,7.78,7.930370653704225,0.27359850390435353,0.15037065370422464
CN1CCN2c3c(cccc31)[C@@H]1CN(CCCC(=O)c3ccc(F)cc3)CC[C@@H]12,8.47,8.046891932479356,0.2607024466045779,0.4231080675206442
CN1CC[C@]23c4c5ccc(O)c4O[C@H]2[C@@H](O)C=C[C@H]3[C@H]1C5,9.12,9.252495275853558,0.17773740390085563,0.13249527585355914
CN1C[C@@H](NS(=O)(=O)N(C)C)C[C@@H]2c3cccc4c3c(cn4C)C[C@H]21,6.88,6.985914956590333,0.13805239205681824,0.10591495659033345
CN1CCc2cc(Cl)c(O)cc2[C@H]2c3ccccc3CC[C@@H]21,8.52,8.691479784055101,0.2035711641923202,0.17147978405510145
CN1c2c([nH]c(N)nc2=O)NC[C@@H]1CNc1ccc(C(=O)N[C@@H](CCC(=O)[O-])C(=O)[O-])cc1,5.3,5.010482119420006,0.2525737277406597,0.28951788057999384
CN1c2c(oc(=O)n(-c3ccccn3)c2=O)-c2ccccc2S1(=O)=O,0.92,2.0312348823560233,0.4239376691184824,1.1112348823560234
CN1c2cc(F)ccc2C(c2ccccc2)=NCC1CNC(=O)c1ccoc1,6.5,6.057236645586252,0.28744872477654504,0.44276335441374837
CNC(=O)Oc1ccc2c(c1)[C@@]1(C)CCN(C)[C@@H]1N2C,6.59,6.467020223064603,0.14896709365205665,0.12297977693539686
CNC(=O)Oc1ccc2c(c1)[C@]1(C)CCN(C)[C@@H]1N2C.CNC(=O)Oc1ccc2c(c1)[C@]1(C)CCN(C)[C@@H]1N2C,6.59,6.383077408582283,0.15046820333653677,0.20692259141771707
CNC(=N)NCCC[C@H](N)C(=O)O,12.64,12.414272117739664,0.6065727384902732,0.2257278822603368
CN1CCN(CC/C=C2/c3ccccc3Sc3ccc(S(=O)(=O)N(C)C)cc32)CC1,8.16,8.23488099711894,0.1422026217155216,0.07488099711894058
CN1CCN(c2c(F)cc3c(=O)c(C(=O)O)cn(CCF)c3c2F)CC1,5.99,6.411344764388656,0.1345363688457628,0.42134476438865587
CN1CCN(c2c(F)cc3c(=O)c(C(=O)O)cn4c3c2SCC4)CC1,6.04,6.789812820347374,0.1528983590075357,0.7498128203473744
CN1CCC[C@H]1CCNC(=O)c1cn2c3c(c(N4CCC(c5cnccn5)C4)c(F)cc3c1=O)Oc1cc3ccccc3cc1-2,8.68,8.575861309079297,0.13471945139290115,0.10413869092070271
CC[C@]1(O)C[C@@H]2CN(CCc3c([nH]c4ccccc34)[C@@](C(=O)OC)(c3cc4c(cc3OC)N(C)[C@H]3[C@@](O)(C(N)=O)[C@H](O)[C@]5(CC)C=CCN6CC[C@]43[C@@H]65)C2)C1,8.68,8.719530283825673,0.07120672149468844,0.03953028382567325
CC[C@]1(c2ccccc2)OC[C@H]([C@@H]2CCCCN2)O1,9.68,9.584783620978502,0.16655633603677467,0.09521637902149749
CN1CC[C@]23c4c5ccc(O)c4O[C@H]2[C@@H](O[C@@H]2O[C@H](C(=O)O)[C@@H](O)[C@H](O)[C@H]2O)C=C[C@H]3[C@H]1C5,9.14,9.477304085588843,0.3030695596171956,0.3373040855888423
CNC(=O)c1cc(COc2nnc(Nc3ccc(Cl)cc3)c3ccoc23)ccn1,2.05,3.2366886937648034,0.42604451145411715,1.1866886937648036
CN1CCN(c2ccc(OC(F)(F)F)c(Nc3ncc4c(n3)-c3c(c(C(N)=O)nn3CCO)CC4)c2)CC1,7.81,7.580422514980333,0.16369030377050384,0.22957748501966702
CN1c2c([nH]c(N)nc2=O)NCC1CCNc1ccc(C(=O)N[C@@H](CCC(=O)O)C(=O)O)cc1,5.36,5.786077635852873,0.2886517340598142,0.42607763585287284
CN1N=C2CCN(C(=O)[C@@H](COCc3ccccc3)NC(=O)C(C)(C)N)C[C@@]2(Cc2ccccc2)C1=O,8.34,8.354235334320872,0.31631308486361115,0.01423533432087254
CNC1CCCN(c2c(F)cc3c(=O)c(C(=O)O)cn(C4CC4)c3c2OC)C1,9.56,9.860606319528317,0.13400159326765212,0.30060631952831685
CC[C@H]1OC(=O)[C@H](C)[C@@H](O[C@H]2C[C@@](C)(OC)[C@@H](O)[C@H](C)O2)[C@H](C)[C@@H](O[C@@H]2O[C@H](C)C[C@H](N(C)C)[C@H]2O)[C@](C)(O)C[C@@H](C)[C@@H]2N[C@@H](COCCOC)O[C@H]([C@H]2C)[C@]1(C)O,13.48,8.921427448820504,0.2777287278865806,4.558572551179497
CC[C@H]1OC(=O)[C@H](C)[C@@H](O[C@H]2C[C@@](C)(OC)[C@@H](O)[C@H](C)O2)[C@H](C)[C@@H](O[C@@H]2O[C@H](C)C[C@H](N(C)C)[C@H]2O)[C@](C)(OC)C[C@@H](C)C(=O)[C@H](C)[C@@H](O)[C@]1(C)O,8.38,8.304238117012403,0.09145337600109732,0.07576188298759767
CN1C[C@@H]2C[C@H]1CN2c1cc2c(cc1F)c(=O)c(C(=O)O)cn2C1CC1,6.72,6.799081505927843,0.2158802997006427,0.07908150592784313
CN1C[C@H](C(=O)N[C@]2(C)O[C@@]3(O)[C@@H]4CCCN4C(=O)[C@H](Cc4ccccc4)N3C2=O)C=C2c3cccc4[nH]cc(c34)C[C@H]21,7.78,7.926735967689281,0.17634641488346936,0.14673596768928032
CNCCON=c1c2ccccc2ccc2ccccc12,8.79,9.169992657066526,0.18210960669507378,0.3799926570665271
CNCC[C@@H](O)[C@@H]1C[C@H](SC2=C(C(=O)O)N3C(=O)[C@H]([C@@H](C)O)[C@H]3[C@H]2C)CN1,10.59,10.813228943722006,0.15217573633015766,0.22322894372200608
CNCCc1ccccn1,9.77,10.035548437805641,0.16825275564688374,0.2655484378056414
CC[C@H]1OC(=O)[C@H](C)[C@@H](O[C@H]2C[C@@](C)(OC)[C@@H](O)[C@H](C)O2)[C@H](C)[C@@H](O[C@@H]2O[C@H](C)C[C@H](N(C)C)[C@H]2O)[C@](C)(O)C[C@@H](C)C(=O)[C@H](C)[C@@H](O)[C@]1(C)O,8.38,8.38080840882337,0.08166237573191805,0.0008084088233690778
CNCC(=O)c1ccc(O)c(O)c1,8.24,7.523907921211267,0.20247272489938128,0.7160920787887335
CNCC(O)c1ccc(O)cc1,9.15,9.441031364407097,0.1525211649203039,0.29103136440709676
CN[C@]1(c2ccccc2Cl)CCCCC1=O,7.16,7.3264781470853375,0.08595392882790825,0.16647814708533737
CNCc1ccc(-c2[nH]c3cc(F)cc4c3c2CCNC4=O)cc1,9.32,9.355487642719632,0.11678678037146065,0.03548764271963201
CNc1ccc(-c2cc3cc(O)ccc3o2)c([18F])n1,0.89,1.9725511857053128,1.5739489096349897,1.082551185705313
CNc1ccc(-c2nc3ccc(O)cc3s2)cc1[18F],2.89,2.797273844942076,0.2209046910886049,0.09272615505792414
CNS(=O)(=O)CCc1ccc2[nH]cc(C3CCN(C)CC3)c2c1,9.18,8.807753520857137,0.19082732325231566,0.3722464791428628
CNS(=O)(=O)Cc1ccc2[nH]cc(CCN(C)C)c2c1,9.54,9.59841074745332,0.10921832774502374,0.058410747453320866
CO/N=C(\C(=O)N[C@@H]1C(=O)N2C(C(=O)O)=C(COC(C)=O)C[S+]([O-])[C@H]12)c1csc(N)n1,3.41,4.418521381818621,0.43609437156087366,1.0085213818186212
CO/N=C(\C(=O)N[C@@H]1C(=O)N2C(C(=O)O)=C(CSc3nc(=O)c(O)nn3C)CS[C@H]12)c1csc(N)n1,3.54,3.5493101123959674,0.1719533292182411,0.009310112395967352
CO/N=C(\C(=O)N[C@@H]1C(=O)N2C(C(=O)O)=C(C[N+]3(C)CCCC3)CS[C@H]12)c1csc(N)n1,3.62,3.527647730606278,0.3937492204933814,0.09235226939372199
CNc1nc(Cl)c(SC)c(N2CCN(C)CC2)n1,6.76,7.135380498721188,0.2991968081605989,0.3753804987211886
COC(=O)C(CN)c1c[nH]c2ccc(OC)cc12,8.83,8.966680981757726,0.20569211715577596,0.13668098175772592
CO/N=C(\C#N)[C@H]1CN2CCC1CC2,7.63,8.219721188009654,0.22868996200435726,0.589721188009654
CO/N=C(\C(=O)N[C@@H]1C(=O)N2C(C(=O)O)=C(C)CS[C@H]12)c1csc(N)n1,3.61,3.7766590000069917,0.27194268211111533,0.16665900000699185
CO/N=C(\C(=O)N[C@@H]1C(=O)N2C(C(=O)O)=C(COC(C)=O)CS[C@H]12)c1csc(N)n1,3.58,4.038508459789929,0.1494000407517983,0.45850845978992893
CO/N=C(\C(=O)N[C@@H]1C(=O)N2C(C(=O)[O-])=C(C[N+]3(C)CCCC3)CS[C@H]12)c1csc(N)n1,3.62,3.588583451763543,0.39838879628324064,0.03141654823645723
CO/N=C(\C(=O)N[C@@H]1C(=O)N2C(C(=O)[O-])=CCS[C@H]12)c1csc(N)n1,3.6,3.7369669569061044,0.1927387382219027,0.13696695690610428
CN[C@@H](C)C(=O)N[C@H]1CN(C(=O)CC(C)C)CC[C@H]2CC[C@@H](C(=O)NC(c3ccccc3)c3ccccc3)N2C1=O,8.6,8.775414505152032,0.1675784369442958,0.17541450515203216
COC(=O)CC[C@@H]1N=C(c2ccccn2)c2cc(Br)ccc2-n2c(C)cnc21,5.61,5.453845606460105,0.35585439268950975,0.1561543935398957
COC(=O)Nc1nc2cc(C(=O)c3ccccc3)ccc2[nH]1,3.42,3.6976566903559673,0.1788930852437733,0.2776566903559674
COC(=O)Nc1nc2cc(Sc3ccccc3)ccc2[nH]1,4.06,4.471311706469092,0.27353135399813444,0.41131170646909254
CN[C@@H]1[C@H](O[C@H]2[C@H](O[C@H]3[C@H](O)[C@@H](O)[C@H](NC(=N)N)[C@@H](O)[C@@H]3NC(=N)N)O[C@@H](C)[C@]2(O)C=O)O[C@@H](CO)[C@H](O)[C@H]1O,10.07,11.388616491416558,0.21069873171800674,1.3186164914165577
COC(=O)C[C@](O)(CCCC(C)(C)O)C(=O)O[C@@H]1C(OC)=C[C@]23CCCN2CCc2cc4c(cc2[C@H]13)OCO4,9.42,8.937349574788906,0.37005384741504965,0.48265042521109436
COCCCCn1c(C(=O)N(CC(C)C)[C@@H]2CNC[C@H](C(=O)N3CCOCC3)C2)nc2ccccc21,8.85,9.465993303799841,0.2771402415653883,0.6159933037998417
COC(=O)[C@H](c1ccccc1)[C@H]1CCCCN1,9.09,9.376756703767109,0.24297642192590638,0.28675670376710904
COC(=O)N1CC2(CC2)C[C@H](C(=O)NO)[C@H]1C(=O)N1CCN(c2ccccc2)CC1,3.43,3.276639565109177,0.46797677014281724,0.15336043489082307
COC1=C(C)C(=O)C2=C(C1=O)[C@@H](COC(N)=O)[C@@]1(OC)[C@H]3N[C@H]3CN21,5.6,5.748750546666198,0.3892834165897685,0.14875054666619825
COC(=O)C1=C(C)NC(C)=C(C(=O)OCCc2ccc(N3CCN(C(c4ccccc4)c4ccccc4)CC3)cc2)C1c1cccc([N+](=O)[O-])c1,8.38,7.967587228158112,0.23528743871766486,0.41241277184188885
COC(=O)C1=C(C)NC(C)=C(C(=O)OCCCN2CCC(c3ccccc3)(c3ccccc3)CC2)[C@@H]1c1cccc([N+](=O)[O-])c1,9.59,9.596291312165855,0.21794994347091554,0.00629131216585499
COC(=O)[C@H]1[C@H]2C[C@@H]3c4[nH]c5cc(OC)ccc5c4CCN3C[C@H]2C[C@@H](OC(=O)COc2ccc(OC)cc2)[C@@H]1OC,7.02,7.14417394415801,0.12735242622063675,0.12417394415801031
COC(=O)Nc1nc2ccccc2[nH]1,4.28,4.378326250324459,0.1831733350576312,0.09832625032445907
COCCCOc1cc(C[C@@H](C[C@H](N)[C@@H](O)C[C@H](C(=O)NCC(C)(C)C(N)=O)C(C)C)C(C)C)ccc1OC,9.57,9.61948161839091,0.14560692386014157,0.04948161839091014
COCCCOc1ccnc(C[S+]([O-])c2nc3ccccc3[nH]2)c1C,4.24,3.8307645620398865,0.3175685546147953,0.40923543796011375
CONC(=N)c1ccc(CNC(=O)[C@@H]2CCN2C(=O)[C@H](O)c2cc(Cl)cc(OC(F)F)c2)cc1,8.89,7.385079722555848,0.6733143493840137,1.5049202774441524
COCc1c(C(C)C)nc(C(C)C)c(/C=C/[C@@H](O)C[C@@H](O)CC(=O)O)c1-c1ccc(F)cc1,5.58,5.9160035174737935,0.24311157846873346,0.3360035174737934
COCCOc1ccc(OCC(O)CNCCOc2ccc(O)c(C(N)=O)c2)cc1,9.03,8.766658547209069,0.15043984060069726,0.2633414527909306
COCCNCc1ccc(-c2cc3nccc(Oc4ccc(NC(=O)C5(C(=O)Nc6ccc(F)cc6)CC5)cc4F)c3s2)nc1,8.33,8.566811000935441,0.19562868006165773,0.23681100093544138
COC(=O)[C@H]1[C@H]2C[C@@H]3c4[nH]c5cc(OC)ccc5c4CCN3C[C@H]2C[C@@H](OC(=O)c2cc(OC)c(OC)c(OC)c2)[C@@H]1OC,7.02,7.33107733784591,0.143948114328704,0.3110773378459104
COc1c(N2CCNC(C)C2)c(F)cc2c(=O)c(C(=O)O)cn(C3CC3)c12,8.73,8.896608575578702,0.04753103179025495,0.16660857557870123
COc1c(N2C[C@@H](C)C[C@H](N)C2)ccc2c(=O)c(C(=O)O)cn(C3CC3)c12,9.66,9.614499526010082,0.2122058837078795,0.04550047398991808
COc1c(N2C[C@@H]3CCCN[C@@H]3C2)c(F)cc2c(=O)c(C(=O)O)cn(C3CC3)c12,9.42,9.735740449133704,0.18857164929152478,0.31574044913370436
COc1cc(Cc2cnc(N)nc2N)cc(OC)c1OC.COc1cc(Cc2cnc(N)nc2N)cc(OC)c1OC,7.16,7.19388343383382,0.14478405993186327,0.033883433833819865
CO[C@@H]1[C@H](OP(=O)(S)OC[C@H]2O[C@@H](n3cnc4c(N)ncnc43)C[C@@H]2O)[C@@H](CO)O[C@H]1n1ccc(=O)[nH]c1=O,4.94,4.007876525833664,0.6821519527799423,0.9321234741663362
COc1c(C)cc(N(CCCl)CCCl)c2ccccc12,3.08,2.7154313795878333,0.8807415637688808,0.36456862041216676
CO[C@@H]([C@@H]1OC(C(=O)O)=C[C@H](NC(=N)N)[C@H]1NC(C)=O)[C@H](O)CO,11.65,11.67091462757115,0.23063249280764755,0.020914627571150035
COc1cc(Cc2cnc(N)nc2N)cc(OC)c1Br,7.16,6.672696031553855,0.17632223321591045,0.4873039684461453
COc1cc(/C=C/C(=O)N2CCN(CC(=O)NC(C)C)CC2)cc(OC)c1OC,5.74,5.6587497887515195,0.3296281890583593,0.08125021124848075
COc1cc(N)c(Cl)cc1C(=O)NCC1CCN(CCCn2ccnn2)CC1,9.21,8.726043573571342,0.1455574995022605,0.48395642642865866
COc1cc(N)c(Cl)cc1C(=O)N[C@@H]1CCNC[C@@H]1OC,9.32,9.774356160916238,0.312942426601111,0.45435616091623743
COc1cc(Nc2ncc(F)c(Nc3ccc4c(n3)NC(=O)C(C)(C)O4)n2)cc(OC)c1OC,3.05,2.7419191444720403,0.2566176486397897,0.3080808555279595
COc1cc(C(=O)O)ccc1NC(=O)[C@@H]1N[C@@H](CC(C)(C)C)[C@](C#N)(c2ccc(Cl)cc2F)[C@H]1c1cccc(Cl)c1F,7.1,7.423928483815331,0.4437822040785736,0.32392848381533135
CO[C@]1(CN2CCN3CCCC[C@@H]3C2)/C=C/C[C@H](C)[C@@H](C)S(=O)(=O)NC(=O)c2ccc3c(c2)N(C[C@@H]2CC[C@H]21)C[C@@]1(CCCc2cc(Cl)ccc21)CO3,9.14,8.846185468322204,0.2511256941327947,0.29381453167779625
CO[C@]12C=C[C@@]3(C[C@@H]1C(C)(C)O)[C@H]1Cc4ccc(O)c5c4[C@@]3(CCN1CC1CC1)[C@H]2O5,9.54,9.741433585443136,0.12290673965793844,0.20143358544313728
CO[C@]12CC[C@@]3(C[C@@H]1[C@](C)(O)C(C)(C)C)[C@H]1Cc4ccc(O)c5c4[C@@]3(CCN1)[C@H]2O5,10.49,10.062503093194627,0.13308671375496403,0.42749690680537356
COc1cc(NS(C)(=O)=O)ccc1Nc1c2ccccc2nc2ccccc12,8.44,8.391388731452665,0.4545375530026579,0.048611268547334774
COc1cc(Nc2c(C#N)cnc3cc(OCCCN4CCN(C)CC4)c(OC)cc23)c(Cl)cc1Cl,8.03,8.012499447024615,0.22573594325429444,0.017500552975384664
COc1ccc(-c2c(-c3ccc(C#N)c(F)c3)nc(N3CCC(N)CC3)n(C)c2=O)cc1F,9.48,9.774790108674338,0.08972054595638723,0.29479010867433786
CO[C@H]1[C@@H](O)[C@H](N)[C@@H](O[C@H]2O[C@H]([C@H](C)N)CC[C@H]2N)[C@H](O)[C@@H]1N(C)C(=O)CN,9.8,9.847427015186549,0.20565927971674045,0.047427015186547905
COc1cc2c(N)nc(N3CCN(C(=O)OCC(C)(C)O)CC3)nc2c(OC)c1OC,5.99,6.0479973190948,0.5497979621602437,0.05799731909479977
COc1cc2c(cc1OC)-c1c/c(=N\c3c(C)cc(C)cc3C)n(C)c(=O)n1CC2,5.37,4.916944018460799,0.7347970403516334,0.453055981539201
COc1cc2nc(N3CCN(C(=O)C4COc5ccccc5O4)CC3)nc(N)c2cc1OC,7.24,7.104928023356896,0.37304800923228276,0.1350719766431041
COc1cc2nc(N3CCN(C(=O)c4ccco4)CC3)nc(N)c2cc1OC,7.24,7.1062763685777215,0.2936328386004048,0.13372363142227872
COc1cc2c(cc1OC)C1CC(c3ccc(Cl)cc3)CCN1CC2,8.2,8.401008698308072,0.23518205021733538,0.20100869830807255
COc1cc2c(cc1OC)CN(CCc1ccc(NC(=O)c3cccc4c(=O)c5cccc(OC)c5[nH]c34)cc1)CC2,8.36,7.42860486857423,0.17374367086199768,0.9313951314257691
COc1cc2c(cc1OC)CN(c1cc(N)c3cc(OC)c(OC)cc3n1)CC2,9.46,8.09063068383864,0.563487978666588,1.369369316161361
COc1ccc(-n2nnnc2C(F)(F)F)cc1CN[C@H]1CCCN[C@H]1c1ccccc1,8.82,9.43543954661013,0.12951607617133645,0.6154395466101299
COc1cc(N2CCC(N3CCN(C)CC3)CC2)ccc1Nc1ncc(Cl)c(Nc2ccccc2P(C)(C)=O)n1,8.48,8.995869482664549,0.2905478146700632,0.5158694826645487
COc1ccc(C(=O)Oc2ccc(C(O)CNC(C)(C)C)cc2OC(C)=O)cc1,9.59,9.72465110592646,0.10923620022609999,0.13465110592646035
COc1ccc(C(=O)NCc2ccc(OCCN(C)C)cc2)cc1OC,8.77,8.500683542034299,0.16783564560298303,0.2693164579657008
COc1ccc(-n2c3ccccc3c(=O)n2CCCCN2CCN(c3ccc(F)cc3)CC2)cc1,8.32,8.161628130615693,0.23017453105253896,0.15837186938430747
COc1ccc(CN2CCN(C(c3ccc(F)cc3)c3ccc(F)cc3)CC2)c(OC)c1OC,6.73,7.25329859464704,0.06644214144363643,0.5232985946470396
COc1ccc(CCN2CCC(Nc3nc4ccccc4n3Cc3ccc(F)cc3)CC2)cc1,8.73,8.805713276232856,0.30759042271514014,0.07571327623285562
COc1ccc(CCN2CCN(c3ccccc3Cl)CC2)cc1OC,7.23,7.650368539833677,0.16156071987206874,0.4203685398336763
COc1ccc(C(CCCc2ccccc2)N(C)C)cc1OC,9.07,9.166760301243686,0.24939817315356339,0.09676030124368573
COc1ccc(C(O)CN2CCN(C(c3ccccc3)c3ccccc3)CC2)cc1OC,7.85,7.622252888310728,0.10159155836994371,0.22774711168927197
COc1ccc(CCC(C)NCC(O)c2ccc(O)c([S+](C)[O-])c2)cc1,9.72,9.207061215953024,0.3435648110375072,0.5129387840469768
COc1ccc(CCN(C)CCCC(C#N)(c2ccc(OC)c(OC)c2)C(C)C)cc1OC,9.68,9.674929793015268,0.10566166949419764,0.005070206984731485
COc1ccc(Cl)c(C(=O)N2C3CCC2CN(Cc2c(-c4ccc(C(C)C)cc4)nc4ncccn24)C3)n1,6.67,6.9594137906496965,0.3846943015446151,0.2894137906496965
COc1ccc(Sc2nc(N)nc3c2ncn3CCOCP(=O)(OCC(F)(F)F)OCC(F)(F)F)cc1,4.26,3.755000620440846,0.24801048606331524,0.5049993795591536
COc1ccc([C@@H](O)c2cc(-c3ncnc4cc(N5CCOCC5)ccc34)c(F)cc2Cl)nn1,3.08,3.3098203996206363,0.20488355433577063,0.22982039962063627
COc1ccc2c(c1)N(CC(C)CN1CCC(O)CC1)c1ccccc1S2,8.73,9.12282056488841,0.13014409557489032,0.3928205648884102
COc1ccc(S(=O)(=O)NCc2cc(CN3CCCC3)c(O)c(CN3CCCC3)c2)cc1,9.93,9.363967518388721,0.29955389489038675,0.5660324816112787
COc1ccc(S(=O)(=O)N[C@@H](CNc2nc(C)nc(N3CCC(c4ccc5c(n4)NCCC5)CC3)c2C)C(=O)O)cc1,8.91,8.154555107672861,0.1917261672511048,0.7554448923271391
COc1ccc(S(=O)(=O)Nc2cccnc2Nc2ccc(O)cc2)cc1,4.23,4.76008344809946,0.3168692021236781,0.5300834480994592
COc1ccc2c(C)c(C(C)=O)c(C)nc2c1,5.47,4.186858275104082,0.43964721431300785,1.283141724895918
COc1ccc(CCN(C)CCCN2CCc3cc(OC)c(OC)cc3CC2=O)cc1OC,9.2,9.239911929278938,0.1871054719724825,0.039911929278938274
COc1ccc(C[C@]2(C)CN(C(c3ccccc3)c3ccccc3)CCN2C)cc1OC,8.73,8.185870176718884,0.14011797924472458,0.544129823281116
COc1ccc(Cc2cnc(N)nc2N)cc1OC,7.16,7.233527799335015,0.13569853039210944,0.07352779933501452
COc1ccc2c3c1O[C@H]1C(=O)CC[C@@]4(O)[C@@H](C2)N(C)CC[C@]314,8.21,8.29945321863249,0.09031861339204249,0.08945321863248878
COc1ccc2c(c1)C13CCCCC1C(C2)N(C)CC3,9.85,9.946464349171412,0.11484534385042794,0.09646434917141278
COc1ccc2c(c1)CC[C@H](CN(C)CC(=O)O)[C@@H]2c1ccccc1,10.59,9.699982164872438,0.3815160578589683,0.890017835127562
COc1cccc(/C=N/OCC(O)CN2CCN(c3ccccc3OC)CC2)c1,7.5,6.893177934303194,0.1564880353151828,0.6068220656968064
COc1ccc([C@@H]2Sc3ccccc3N(CCN(C)C)C(=O)[C@@H]2OC(=O)c2cccnc2)cc1,8.18,8.272122176353793,0.13024574975615738,0.0921221763537936
COc1ccc([C@@H]2Sc3ccccc3N(CCN(C)C)C(=O)[C@@H]2OC(C)=O)cc1,8.18,8.27538089348904,0.13410413040293473,0.09538089348903966
COc1ccc2c(c1)c(CC(=O)O)c(C)n2C(=O)c1cccnc1,4.0,4.374049047341809,0.35020296065411294,0.374049047341809
COc1cccc(CCN(C)CCCC(C#N)(c2ccc(OC)c(OC)c2)C(C)C)c1,9.69,9.704822471813856,0.1157432697494319,0.014822471813856097
COc1cccc(N(C)C(=S)Oc2ccc3c(c2)CCCC3)n1,1.48,0.9905137126288317,0.2567862730053891,0.4894862873711683
COc1ccccc1N1CCN(CCCNc2cc(=O)n(C)c(=O)n2C)CC1,7.81,7.8953841671249565,0.18924444963248108,0.08538416712495689
COc1ccc2c3c1O[C@H]1[C@@H](O)C=C[C@H]4[C@@H](C2)N(C)CC[C@@]341,9.19,9.352418132925871,0.12397057596100321,0.16241813292587182
COc1ccc2c3c1O[C@H]1[C@@H](OC(=O)c4cccnc4)C=C[C@H]4[C@@H](C2)N(C)CC[C@@]341,9.16,9.178609711171031,0.11825144010985543,0.01860971117103105
COc1ccc2c3c1O[C@H]1[C@@H](OC(=O)c4cccnc4)CC[C@H]4[C@@H](C2)N(C)CC[C@@]341,9.3,9.311663686244561,0.12052486485191159,0.011663686244560267
COc1ccc2c(c1)[nH]c1c(C)nccc12,6.15,6.6802363663466675,0.14567050055394026,0.5302363663466672
COc1ccccc1CC(C)NC(C)Cc1ccccc1OC,10.16,10.113312761882465,0.06048600189990997,0.046687238117534946
COc1ccc2[nH]c([S+]([O-])Cc3ncc(C)c(OC)c3C)nc2c1,4.77,4.578409465308002,0.31403720443679384,0.19159053469199794
COc1ccc2c(=O)c3ccccc3oc2c1CN1CCCCC1,7.25,7.365782299127285,0.29185461761097453,0.115782299127285
CS(=O)(=O)CC(=O)N1CC2(C1)OCc1cc(C3=NO[C@@](c4cc(Cl)c(F)c(Cl)c4)(C(F)(F)F)C3)ccc12,1.29,1.4221582177599603,0.5540166753132484,0.13215821775996028
COc1ccnc(C[S+]([O-])c2nc3ccc(OC(F)F)cc3[nH]2)c1OC,3.55,2.8905559992587486,0.40639050612211497,0.6594440007412512
COc1ccsc1CNCC[C@@]1(c2ccccn2)CCOC2(CCCC2)C1,9.12,9.156780072012534,0.262834425994585,0.03678007201253486
COc1ccccc1N1CCN(CCCC(=O)c2ccc(F)cc2)CC1,7.18,7.04052442886199,0.06363124216912043,0.1394755711380098
COc1ccccc1N1CCN(CCCNC(=O)c2cccc3c(=O)c(C)c(-c4ccccc4)oc23)CC1,6.83,7.237578992307237,0.11263014186321879,0.40757899230723726
COc1cccc2c1CCOC2C1=NCCN1,8.69,8.546305617503085,0.3229336766267839,0.14369438249691413
COc1nc(/C=C/c2nc3n(n2)CCC[C@H]3c2ccccc2C(F)(F)F)ccc1-n1cnc(C)c1,5.84,5.009484160532467,0.2328687282751674,0.8305158394675329
COc1ccccc1OC[C@@H](O)CNC(C)C,9.67,9.662398528709696,0.08522099005246353,0.007601471290303863
COc1ccccc1Oc1c(NS(=O)(=O)c2ccc(C(C)(C)C)cc2)nc(-c2ncccn2)nc1OCCO,0.57,0.18005355508902587,0.31644087711113783,0.3899464449109741
COc1ccccc1Oc1c(NS(=O)(=O)c2ccc(C(C)C)cn2)nc(-c2ccnc(-c3nnn[nH]3)c2)nc1OCCO,3.08,2.5769475255757444,0.3228087618507373,0.5030524744242557
COc1nc(N)nc2c1ncn2[C@@H]1O[C@H](CO)[C@@H](O)[C@@H]1O,4.47,3.241498103540465,0.45226735912802873,1.2285018964595347
CS(=O)(=O)c1ccc(-c2cnc(N)c(-c3ccc(C(F)(F)F)nc3)c2)cc1,5.9,5.298591332964949,0.27114839267388324,0.6014086670350514
COc1ccc2c(c1)-c1nn(CCCN(C)C)c3ccc([N+](=O)[O-])c(c13)N2,9.66,9.370192363436681,0.22951355406763022,0.2898076365633191
COc1cnc(-n2cnc(C)n2)c2[nH]cc(C(=O)C(=O)N3CCN(C(=O)c4ccccc4)CC3)c12,1.25,1.9558385405425582,0.3257249580411891,0.7058385405425582
C[C@@H](O)[C@@H](C)Oc1nc(Nc2ccc(S(=N)(=O)C3CC3)cc2)ncc1C(F)(F)F,2.74,2.8487485764569196,0.8273006603581903,0.10874857645691938
C[C@@H](O)[C@H]1C(=O)N2C(C(=O)O)=C(SCCNC=N)C[C@H]12,11.8,11.361959654822204,0.21276495720474303,0.43804034517779655
COc1ncc(-c2nc3c(n2C(C)C)[C@H](c2ccc(Cl)cc2)N(c2cc(Cl)cn(C)c2=O)C3=O)c(OC)n1,2.52,1.5818980944646022,0.34112767227451524,0.9381019055353979
COc1ncc(C)c(-c2ccc3c(c2)[nH]c(=O)c2cnn([C@H]4CCOC4)c23)c1C,3.86,2.824805016185618,0.6048237149152549,1.0351949838143817
COc1nccnc1NS(=O)(=O)c1ccc(N)cc1,1.98,2.035694711245889,0.251307367965074,0.055694711245889206
C[C@@H](CCc1ccc(O)cc1)NCCc1ccc(O)c(O)c1,9.27,9.87348945932785,0.19598598514571058,0.6034894593278501
CS(=O)(=O)c1ccc2c(c1)N(CCCN1CCC(C(N)=O)CC1)c1ccccc1S2,7.25,8.23578203993991,0.1461965265302592,0.9857820399399095
C[C@@H](N)c1cc(Cl)ccc1Cn1c(=S)[nH]c(=O)c2[nH]ccc21,9.32,9.087088215035706,0.17210094396787284,0.2329117849642941
COc1cccc2c1C(=O)c1c(O)c3c(c(O)c1C2=O)C[C@@](O)(C(=O)CO)C[C@@H]3O[C@H]1C[C@H](N)[C@H](O)[C@H](C)O1,9.03,9.61128075995963,0.1212489421402292,0.5812807599596308
COc1cccc2c1C(=O)c1c(O)c3c(c(O)c1C2=O)C[C@@](O)(C(=O)CO)C[C@@H]3O[C@H]1C[C@H](N2CCO[C@H](OC)C2)[C@H](O)[C@H](C)O1,5.47,5.123867126865752,0.6737475923140989,0.34613287313424745
C[C@@H](O)[C@H]1C(=O)N2C(C(=O)O)=C(S[C@@H]3CN[C@H](C(=O)Nc4cccc(C(=O)O)c4)C3)[C@H](C)[C@H]12,9.03,9.482389897816264,0.12452429327358494,0.45238989781626415
C[C@@H](O)[C@H]1C(=O)N2C(C(=O)O)=C(S[C@H]3C[C@@H](C(=O)N4CC[C@H](NC(=O)CNC(=N)N)C4)N(C)C3)[C@H](C)[C@H]12,11.2,11.671871141210435,0.25631866791721575,0.4718711412104355
C[C@@H]([C@@H](O)c1ccc(O)cc1)N1CCC(O)(c2ccccc2)CC1,8.64,8.797879572895647,0.1726676502873326,0.1578795728956468
C[C@@H](c1cc(Cl)cc2ccccc12)N(C)C(=O)CC1(c2ccc(F)cc2)CCN(C)CC1,8.54,8.705267444163173,0.16137968237252853,0.16526744416317385
C[C@@H](Oc1nnc(-c2ccncc2)n1C)c1cc(-c2cccc(Cl)c2)on1,3.89,4.575655312941825,0.21932886982824118,0.6856553129418246
C[C@@H]1CCC[C@H](C)N1CCCC(O)(c1ccccc1)c1ccccn1,9.55,10.03826920273363,0.1502083150774782,0.4882692027336297
C[C@@H](c1ncncc1F)[C@](O)(Cn1cncn1)c1ccc(F)cc1F,2.01,2.03480298026503,0.31327361373270934,0.02480298026503025
C[C@@H]1COCCN1c1cc(C2([S@](C)(=N)=O)CC2)nc(-c2cc[nH]c3nccc2-3)n1,5.49,5.400882714824259,0.35772519314660745,0.08911728517574158
C[C@H](N)Cc1ccccc1.C[C@H](N)Cc1ccccc1,10.01,10.060899108724268,0.09649481255776658,0.05089910872426806
C[C@@H]1[C@H](c2ccccc2)C[C@H](NC(=O)c2cnc3c(c2)C[C@@]2(C3)C(=O)Nc3ncccc32)C(=O)N1CC(F)(F)F,3.83,4.083620563040948,0.22340226516419226,0.2536205630409478
C[C@H](O)[C@H](O)[C@H]1CNc2nc(N)nc(N)c2N1,6.97,6.332924003388293,0.8269414653816153,0.6370759966117063
C[C@@H]1OC(=O)N[C@@H]1C(=O)N[C@@H](Cc1cscn1)C(=O)N1CCC[C@H]1C,2.46,2.4580932973340044,0.5784144279850821,0.0019067026659955744
C[C@H]1CNC(=O)c2cnn3cc4c(nc23)N(Cc2cc(F)cnc2O1)[C@@H]1CCC[C@@H]1O4,1.01,1.0061409191912127,0.3489331687566418,0.003859080808787274
C[C@H]1CNCCc2ccc(Cl)cc21,10.12,10.119752410714929,0.25295787361654226,0.00024758928507040423
C[C@@H]1CN(c2c(F)c(N)c3c(=O)c(C(=O)O)cn(C4CC4)c3c2F)C[C@H](C)N1,8.79,8.61753091308994,0.3569154923190914,0.17246908691005913
C[C@H](N[C@@H](CCc1ccccc1)C(=O)O)C(=O)N1CCC[C@H]1C(=O)O,7.83,8.224894817915454,0.18052979392465657,0.39489481791545344
C[C@H](N[C@@H](CCc1ccccc1)C(=O)O)C(=O)N1Cc2ccccc2C[C@H]1C(=O)O,7.8,8.482562327636078,0.19989430445185372,0.6825623276360782
C[C@@]1(O)CC[C@H]2[C@H](CC[C@@H]3[C@@H]2CC[C@]2(C)[C@@H](C(=O)Cn4cc(C#N)cn4)CC[C@@H]32)C1,1.36,0.7871066243107504,0.2998705694205098,0.5728933756892497
C[C@H]1COc2c(N3CCN(C)CC3)c(F)cc3c(=O)c(C(=O)O)cn1c23,6.16,6.568231422577125,0.2639370340864005,0.4082314225771251
C[C@](N)(Cc1ccc(O)c(O)c1)C(=O)O,9.85,9.60647321788829,0.18157284318235242,0.24352678211170975
C[C@]12N[C@H](Cc3ccccc31)c1ccccc12,8.02,8.235364136651308,0.22636099287789793,0.21536413665130816
C[S+](CC[C@H](N)C(=O)[O-])C[C@H]1O[C@@H](n2cnc3c(N)ncnc32)[C@H](O)[C@@H]1O,9.41,9.446278315048216,0.162297182830878,0.036278315048216214
C[C@H]1[C@H](NC(=O)/C(=N\OC(C)(C)C(=O)O)c2csc(N)n2)C(=O)N1S(=O)(=O)O,3.91,4.0415320774203884,0.2388799629523121,0.1315320774203883
C[C@H]1[C@H](c2ccccc2)OCCN1C,7.28,7.239438629923734,0.10568723892843013,0.040561370076265924
C[C@@H]1O[C@@H](O[C@@H]2[C@H](C)O[C@@H](O[C@H]3C[C@](O)(C(=O)CO)Cc4c(O)c5c(c(O)c43)C(=O)c3ccccc3C5=O)C[C@@H]2O)C[C@H](N)[C@@H]1O,10.06,9.623501931985036,0.1303505705789749,0.4364980680149646
C[N+]1(C)CCN(CC(O)(c2ccccc2)C2CCCCC2)CC1,4.95,4.887323899979364,0.09612492961646481,0.06267610002063595
C[C@]1(COc2ccc(N3CCC(Oc4ccc(OC(F)(F)F)cc4)CC3)cc2)Cn2cc([N+](=O)[O-])nc2O1,5.51,4.241105924966608,0.5732014816373386,1.2688940750333915
Cc1[nH]c(=O)c(C#N)cc1-c1ccncc1,4.82,4.903991159927132,0.22663765693357246,0.08399115992713213
Cc1[nH]cnc1CN1CCc2c(c3ccccc3n2C)C1=O,6.81,6.611986513847822,0.22592644732121314,0.19801348615217762
C[C@H]1CN(C2COC2)CCN1c1ccc(Nc2cc(-c3ccnc(N4CCn5c(cc6c5CC(C)(C)C6)C4=O)c3CO)cn(C)c2=O)nc1,6.31,7.02054990258393,0.29050983300163796,0.7105499025839306
C[C@H]1CNC(=O)Nc2cnn3ccc(nc23)N2C[C@@H](F)C[C@@H]2c2cc(F)cnc2O1,1.08,1.3843841646948385,0.4785002256451785,0.3043841646948384
Cc1c(C(=O)NCCC#N)[n+]([O-])c2ccccc2[n+]1[O-],1.07,1.3744220433017647,0.45345238295741586,0.3044220433017646
Cc1c(CN(C)C(=O)/C=C/c2cnc3c(c2)CCC(=O)N3COP(=O)(O)O)oc2ccccc12,2.86,2.124848065028911,0.3650993039136731,0.7351519349710887
Cc1c(F)cc(C(=O)NC2CC2)cc1-c1ccc(C(=O)NCC(C)(C)C)cn1,2.6,3.362603004426584,0.28268152095750665,0.7626030044265839
Cc1c(C)c2ccc(OCCCN3CCN(Cc4ccc(Cl)cc4)CC3)cc2oc1=O,7.67,7.315359420886911,0.2171175369165753,0.3546405791130889
Cc1c(C(C)C)c(=O)n(-c2ccccc2)n1C,0.87,0.2774141708609985,0.6103040765590914,0.5925858291390015
Cc1cc(C)c(N)c(C#Cc2cccc(F)c2)n1,4.89,2.862307024775728,0.6350703003945439,2.0276929752242716
Cc1c(OCC(F)(F)F)ccnc1C[S+]([O-])c1nc2ccccc2[nH]1,4.16,3.846356566822743,0.19902195438804646,0.31364343317725707
Cc1cc(-c2ccc3c(c2)CC[C@H]3N2CC3(CCN(C(=O)Cc4cn5cc(C)sc5n4)CC3)C2)ncn1,8.67,8.39063169752863,0.18666218269292856,0.27936830247137046
Cc1cc(C)cc([C@@H]2CCCN2Cc2ccc(Oc3ccc(C(N)=O)cc3F)cc2)c1,8.97,7.935764637144511,0.2339950198102811,1.0342353628554894
Cc1cc(NCCN2CCN(C(c3ccccc3)c3ccccc3)CC2)c([N+](=O)[O-])c(C)n1,8.11,7.563122819221272,0.22675086743868994,0.5468771807787274
Cc1cc(C)c2cccc(OCc3c(Cl)ccc(S(=O)(=O)NC4(C(=O)N5CCN(C(=O)[C@@H](N)CCC[N+](C)(C)C)CC5)CCOCC4)c3Cl)c2n1,8.14,7.959541882792998,0.25959924972115755,0.180458117207003
Cc1cc(O)ccc1/C=N/NC1=NCCN1,7.66,8.135158971624051,0.34139176972579843,0.47515897162405096
Cc1cc(O)c2c(ccc3nc(-c4ccco4)[nH]c32)n1,3.85,5.519495084250337,0.568708365080748,1.6694950842503373
Cc1cc(NS(=O)(=O)c2ccc(N)cc2)no1,1.97,2.124342006096385,0.26255633657777716,0.15434200609638515
Cc1cc(Nc2cc(N)ncn2)c(=O)n2c1C(=O)NC21CCCCC1,6.35,4.836695754363805,0.5505606938419392,1.5133042456361947
Cc1ccc(N2CCNCC2)c(S(=O)(=O)O)c1,8.84,8.74568662902514,0.12670823700118297,0.09431337097485937
Cc1cc2c(cc1CC(=O)c1sccc1S(=O)(=O)Nc1onc(C)c1Cl)OCO2,0.75,0.542694603480504,0.282438984674053,0.20730539651949598
Cc1cc2c(cc1CC1=NCCN1)C1CCC2CC1,10.28,10.639574456378487,0.21492066268046187,0.3595744563784873
Cc1cc(F)c(C(=O)Nc2cccc(-c3nncn3C(C)C)n2)cc1-n1cnc(C2CC2)c1,5.75,4.679710350203225,0.3847073144336015,1.0702896497967753
Cc1cc2nc3c(=O)[nH]c(=O)nc-3n(C[C@H](O)[C@H](O)[C@H](O)COP(=O)(O)OP(=O)(O)OC[C@H]3O[C@@H](n4cnc5c(N)ncnc54)[C@H](O)[C@@H]3O)c2cc1C,4.88,3.857430843881802,0.5214932072738022,1.0225691561181978
Cc1ccc(O)c([C@H](CCN(C(C)C)C(C)C)c2ccccc2)c1,11.01,10.913837941998652,0.16599224303441207,0.09616205800134736
Cc1cc(OCCN(C)C)c(C(C)C)cc1OC(=O)OC(C)C,8.78,8.665595518905963,0.17948226781214874,0.11440448109403611
Cc1ccc(C(=O)N(CCCN)C(c2nc3snc(C)c3c(=O)n2Cc2ccccc2)C(C)C)cc1,9.77,9.669479867383671,0.1750781794044332,0.10052013261632808
Cc1ccc(Cc2ccccc2)c(N2CCNCC2)c1,8.89,9.267129432922612,0.07336086361632736,0.3771294329226116
Cc1cc(Nc2ncc(Cl)c(Nc3ccccc3S(=O)(=O)C(C)C)n2)c(OC(C)C)cc1C1CCNCC1,10.07,10.009688452812666,0.17176650441029498,0.060311547187334114
Cc1cccc(Nc2ccncc2S(=O)(=O)NC(=O)NC(C)C)c1,4.2,4.610318909019417,0.39184242501747013,0.41031890901941726
Cc1ccc(NC(=O)c2ccc(CN3CCN(C)CC3)cc2)cc1Nc1nccc(-c2cccnc2)n1,7.84,7.5427052356796365,0.10154473957444098,0.2972947643203634
Cc1cccc(C)c1NC(=O)NCCCNC(C)C,10.43,10.20714192232543,0.10873730498321808,0.22285807767456944
Cc1cccc(OC2CCN(Cc3cc(=O)[nH]c(=O)[nH]3)CC2)c1C,7.35,7.76467754952279,0.27497967493060316,0.4146775495227901
Cc1cccc(C)c1NC(=O)C(C)N,8.23,8.240313028364383,0.12392048147356746,0.010313028364382859
Cc1cccc(C)c1NC(=O)C1CCCCN1C,7.25,7.365769674335462,0.12945090813270937,0.11576967433546237
Cc1ccc2c(c1)c1c(n2CCc2ccc(C)nc2)CCN(C)C1,7.14,7.232575574745293,0.2750706583091849,0.09257557474529321
Cc1cccc(C)c1NC(=O)C1CCCCN1CC1CC1,7.97,8.396509781034931,0.11600516490390465,0.4265097810349312
Cc1cccc(C)c1NC(=O)CN1CCCCCC1,7.7,7.168308124778056,0.10369268889346255,0.5316918752219442
Cc1ccccc1C(O)(c1ccccc1C)C1CN2CCC1CC2,8.95,9.093197778257947,0.2546690849606727,0.14319777825794766
Cc1ccccc1OCC(O)CN1C(C)(C)CCC1(C)C,10.1,9.625927724144026,0.18183905807251294,0.4740722758559741
Cc1ccccc1OCC(O)CNCCOc1ccc(C(N)=O)cc1,8.75,8.699833723090011,0.14479833209960535,0.050166276909989094
Cc1nc(C2CCCCC2)c(-c2ccc(S(N)(=O)=O)c(F)c2)o1,1.07,0.5211609687753002,0.40461234887973496,0.5488390312246999
Cc1n[nH]c(C)c1CCCOc1cc(C(=O)O)ccc1F,3.67,2.775447176322832,0.5175492743932607,0.8945528236771678
Cc1nccn1CC1CCc2c(c3ccccc3n2C)C1=O,7.34,7.053916137877596,0.18775938279198728,0.2860838621224042
Cc1nccn1CCC(C(N)=O)(c1ccccc1)c1ccccc1,7.35,7.413352952737,0.09567344587386044,0.06335295273700048
Cc1ncc(-c2ccnc(Nc3ccc(S(C)(=O)=O)cc3)n2)n1C(C)C,6.0,5.559892879450922,0.2545495945223268,0.44010712054907764
Cc1cccn2c(=O)c(-c3nnn[nH]3)cnc12,0.39,2.019084914334377,1.1014417635889329,1.6290849143343769
Cc1ccn(-c2cc(Cl)ccc2[C@@H](Oc2cc(-c3ccc(C[C@H](N)C(=O)O)cc3)nc(N)n2)C(F)(F)F)n1,9.42,8.994860050736184,0.2124830639440191,0.4251399492638157
Cc1ccsc1C(=CCCN1CCC[C@@H](C(=O)O)C1)c1sccc1C,9.26,9.417886523441497,0.18955172258699712,0.15788652344149767
Cc1nc(-c2ccc(OCC(C)C)c(C#N)c2)sc1C(=O)O,0.39,1.082017954733768,0.3576750068417686,0.692017954733768
Cc1ncc(C[n+]2csc(CCOP(=O)(O)OP(=O)(O)O)c2C)c(N)n1,6.48,5.39019803643952,0.5285964149781975,1.0898019635604808
Cc1cnc(C[S@@+]([O-])c2nc3ccccc3[nH]2)c(C)c1OCC1COC(C)(C)OC1,4.74,4.039623977323691,0.28491130665611364,0.7003760226763092
Cc1cnc(NC(=O)C2=C(O)c3ccccc3S(=O)(=O)N2C)s1,0.47,1.9958992329009715,0.1754943787980295,1.5258992329009715
Cc1nc2c([nH]1)-c1ccccc1N(C(=O)c1ccc(NC(=O)c3ccccc3-c3ccccc3)cc1)CC2,6.56,6.34219491187042,0.22468599384859492,0.21780508812957944
Cc1nc(Nc2ncc(C(=O)Nc3c(C)cccc3Cl)s2)cc(N2CCN(CCO)CC2)n1,7.19,7.394084663272378,0.156706901450048,0.2040846632723774
Cc1cnc(NC2CCOCC2)nc1-n1cnc(C(=O)N[C@H](CN)c2cc(F)cc(Cl)c2)c1,8.67,9.215089373991479,0.23343636335002046,0.5450893739914786
Clc1ccc(C(Cn2ccnc2)OCc2c(Cl)cccc2Cl)cc1,6.48,6.529812682449754,0.05568058053122854,0.04981268244975379
Clc1ccc2c(c1)C(N1CCNCC1)=Nc1ccccc1O2,8.83,8.707414485899259,0.10989381084020358,0.12258551410074148
Clc1ccc2nsnc2c1NC1=NCCN1,7.49,7.458561929808894,0.3715847414717416,0.031438070191105894
Cc1nc2ccccn2c(=O)c1CCN1CCC(Nc2nc3cccnc3n2Cc2ccco2)CC1,8.41,8.408696276016787,0.24401360686712217,0.0013037239832129899
Cc1nc2ccccn2c(=O)c1CCN1CCc2oc3ccccc3c2C1,7.39,7.040952845769496,0.18942218007464448,0.3490471542305036
Cc1nc2n(c(=O)c1CCN1CCC(c3noc4cc(F)ccc34)CC1)CCCC2,8.76,8.625161018868567,0.16623976660794446,0.13483898113143233
Cc1nc2n(c(=O)c1CCN1CCC(c3noc4cc(F)ccc34)CC1)CCCC2O,8.76,8.473644252958108,0.16696804524867848,0.2863557470418918
Cc1onc(-c2ccccc2)c1-c1ccc(S(N)(=O)=O)cc1,0.42,0.8120469516963581,0.4117371288076376,0.3920469516963581
Cc1cnc(C(=O)NCCc2ccc(S(=O)(=O)NC(=O)NC3CCCCC3)cc2)cn1,0.06,1.261320771270692,0.37427326165869584,1.201320771270692
Cc1nc2cccc(C(F)(F)F)c2c(=O)n1-c1ccc(OCCCN2CCCC2)cc1,9.37,9.007089778626144,0.12503266761472195,0.36291022137385553
Cc1nc2ccccc2c(-c2ccc3c4c(ccnc24)CCO3)c1[C@H](OC(C)(C)C)C(=O)O,5.08,5.205723924627195,0.15541224441570556,0.12572392462719506
Cc1noc(NS(=O)(=O)c2ccc(N)cc2)c1C,2.17,2.128739008970444,0.18390439919724483,0.04126099102955605
Clc1ccccc1-c1nc(-c2ccncc2)no1,2.65,4.2296539803063045,0.5339424270418635,1.5796539803063046
Cc1nnc(SCC2=C(C(=O)O)N3C(=O)[C@@H](NC(=O)Cn4cc(Cl)c(=O)c(Cl)c4)[C@H]3SC2)s1,0.24,0.6957250459105138,0.4787287160431851,0.45572504591051377
Cc1nnc(SCC2=C(C(=O)O)N3C(=O)[C@@H](NC(=O)Cn4cnnn4)[C@H]3SC2)s1,0.26,-0.005353274920158579,0.34897230719759337,0.2653532749201586
Clc1ccc(C/C(=C\CN2CCCC2)c2ccccc2)cc1,8.91,9.045644425371227,0.15215557088294374,0.13564442537122723
Clc1ccc(C2(Cn3cncn3)OCCO2)c(Cl)c1,1.95,1.7463711608209742,0.3533465702948522,0.20362883917902574
Clc1ccc(COC(Cn2ccnc2)c2ccc(Cl)cc2Cl)c(Cl)c1,6.48,6.660106459576101,0.09521431549912214,0.18010645957610016
Cc1nnc2n1-c1sc(CCc3ccc(CC(C)C)cc3)cc1C(c1ccccc1Cl)=NC2C,4.45,3.8771492478641827,0.37395294981325256,0.5728507521358175
Cc1sc2c(c1C)C(c1ccc(Cl)cc1)=N[C@@H](CC(=O)NCCCN1CCN(C)CC1)c1nnc(C)n1-2,8.1,7.907821512584701,0.17736076342733745,0.19217848741529853
Cc1sc2c(c1C)C(c1ccc(Cl)cc1)=N[C@@H](CC(=O)Nc1ccc(O)cc1)c1nnc(C)n1-2,4.21,3.5706443474303944,0.23497413157154232,0.6393556525696056
Cn1cc(-c2nc(N[C@@H]3CCCC[C@@H]3N)c(F)c3c2C(=O)NC3)cn1,9.91,9.797476063582247,0.15506346766069032,0.11252393641775349
Cn1c(=O)c2c(ncn2CCN2CCC(C(=O)c3ccc(F)cc3)CC2)n(C)c1=O,7.57,7.730082080183739,0.18203070769078294,0.16008208018373882
Cn1cc(-c2ccc(F)c(C(F)(F)F)c2)nc1C1CCN(c2ncnc3[nH]ncc23)CC1,5.74,5.594910734568943,0.39714221612070133,0.14508926543105716
Cn1cnc([N+](=O)[O-])c1Sc1nc(N)nc2[nH]cnc12,4.3,3.536131163807404,0.39424656999241015,0.7638688361925956
Clc1ccc([C@]23CNC[C@H]2C3)cc1Cl,10.48,10.435150838855623,0.12618397452624752,0.04484916114437709
Cn1c(-c2ccccn2)c(C2CCCC2)c2ccc(C(=O)NC3(C(=O)Nc4ccc(/C=C/C(=O)O)cc4)CCC3)cc21,4.09,3.7425321465757606,0.4755035517370278,0.34746785342423925
Cc1oc2c(C)c3oc(=O)cc(C)c3cc2c1COCCN,9.45,9.572737034837903,0.1687889998332471,0.12273703483790399
Cn1c(Nc2ccc(C(F)(F)F)cc2)nc2cc(Oc3ccnc(-c4ncc(C(F)(F)F)[nH]4)c3)ccc21,7.21,5.777534060349174,0.37866987440513744,1.4324659396508261
Cn1c(C2(NC(=O)c3ccc4c(C5CCCC5)c(-c5ncc(Br)cn5)n(C)c4c3)CCC2)nc2ccc(/C=C/C(=O)O)cc21,4.63,3.161158819986258,0.5708758152383698,1.468841180013742
Cn1c(CNc2ccc(C(=N)N)cc2)nc2cc(C(=O)N(CCC(=O)O)c3ccccn3)ccc21,12.52,11.571577767176276,0.30547496310827993,0.9484222328237237
CC[C@H]1CN2CC[C@H]1C[C@H]2[C@H](O)c1cccc2ccc(OCCC(C)C)cc12,9.42,9.30473697570066,0.12021609835775776,0.11526302429933999
CC[C@H]1C[C@@H]2CN(CCc3c([nH]c4ccccc34)[C@@](C(=O)OC)(c3cc4c(cc3OC)N(C=O)[C@H]3[C@@](O)(C(=O)OC)[C@H](OC(C)=O)[C@]5(CC)C=CCN6CC[C@]43[C@@H]65)C2)C1,8.94,9.098325480425125,0.16558520511456415,0.15832548042512506
Fc1ccc2nc(CCC#Cc3ccccn3)cn2c1,6.29,5.8623379576738355,0.34390004008155517,0.42766204232616456
Fc1cccc(Br)c1NC1=NCCN1,8.06,8.472495846040648,0.25664658771850096,0.41249584604064715
N#C/C(=C1/SC[C@@H](c2ccc(Cl)cc2Cl)S1)n1ccnc1,5.89,5.845152260805503,0.27461209050653956,0.04484773919449658
Fc1ccc([C@@H]2CCNC[C@H]2COc2ccc3c(c2)OCO3)cc1,9.77,10.159185856811915,0.11909512896406406,0.3891858568119151
N#C[C@@H]1C[C@H](F)CN1C(=O)[C@@H](N)C(c1ccc(F)cc1)c1ccc(F)cc1,7.97,7.549298529873944,0.320460676812944,0.42070147012605563
Fc1ccc(-c2ccc(CN3CCN(c4cccc5ccoc45)CC3)[nH]2)cc1,7.13,6.612833941325782,0.2115834358590569,0.5171660586742179
Fc1ccc(-c2cncc(CN3CCN(c4cccc5c4OCCO5)CC3)c2)cc1,7.05,6.748787610180521,0.19593705774343653,0.3012123898194785
N=C(N)NN1Cc2c(Cl)ccc(Cl)c2C1,11.52,10.164042813003274,0.35752288499122437,1.3559571869967257
N=C(N)NN=C(/C=C/c1ccc([N+](=O)[O-])o1)/C=C/c1ccc([N+](=O)[O-])o1,6.37,7.477564153675789,0.24463966007652013,1.1075641536757885
N=C(N)NNCCOc1c(Cl)cccc1Cl,11.22,10.287927035794748,0.38420101588082817,0.9320729642052523
N=C(N)NCCN1CCCCCCC1.N=C(N)NCCN1CCCCCCC1,12.23,12.37942441937906,0.1751505227254649,0.14942441937905926
N=C(N)NCc1ccc(OCCCF)c(Br)c1,11.68,11.797339106114963,0.14789549164182025,0.11733910611496334
N=C(N)c1cccc(NC(=O)Nc2cccc(C(=N)N)c2)c1,11.25,11.955136534751071,0.2174774014179764,0.7051365347510714
N#Cc1ccc([C@H]2CCCc3cncn32)cc1,6.87,6.8107513235778345,0.15096300926326015,0.05924867642216558
N#Cc1c(N2C[C@@H]3NCCO[C@H]3C2)c(F)cc2c(=O)c(C(=O)O)cn(C3CC3)c12,7.54,7.321905522195268,0.25417560919812965,0.21809447780473246
N=C(N)N/N=C/c1c(Cl)cccc1Cl,8.18,8.151946742969637,0.16572586701975683,0.0280532570303631
N=C(N)N/N=C1\CCc2c(C(=N)N)cccc21,11.29,10.294042717972093,0.36704392685855225,0.9959572820279057
N=C(N)c1ccc(-c2ccccc2[N+](=O)[O-])o1,7.14,9.207280964707063,0.5811205465274901,2.067280964707064
N=C(N)c1ccc(/C=C/c2ccc(C(=N)N)cc2O)cc1.O=S(=O)(O)CCO.O=S(=O)(O)CCO,12.14,11.80504432918259,0.18246000911387966,0.3349556708174113
N=C(N)NC(=O)Cc1c(Cl)cccc1Cl,8.65,8.489110552346371,0.17629546874214988,0.1608894476536289
N=C(N)NC(=O)c1cnn(-c2cccc3ncccc23)c1C1CC1,6.69,8.174010885746302,0.26799450311955897,1.4840108857463017
NC(=O)NS(=O)(=O)c1ccc(N)cc1,2.1,1.840748892704331,0.32900501344264965,0.25925110729566914
N#Cc1ccc(N2C[C@H](N)C[C@H](C(F)(F)F)C2)c2cccnc12,9.85,9.534983241917743,0.17178932313885828,0.3150167580822565
N#Cc1ccc(NC(=O)NC(=N)N)cc1Cl,7.06,7.831008766071458,0.21159366658534648,0.771008766071458
N#Cc1ccccc1-c1cc(-c2ccccn2)cn(-c2ccccc2)c1=O,4.01,4.124427518895152,0.42402225423987133,0.11442751889515179
N#Cc1ccc2[nH]cc(CCCCN3CCN(c4ccc5oc(C(N)=O)cc5c4)CC3)c2c1,8.6,8.061118716554644,0.14006010053695483,0.538881283445356
N=C(N)Nc1nc(CSCCC(=N)NS(N)(=O)=O)cs1,8.38,8.47223526571263,0.3650947002804683,0.0922352657126293
NC(=O)c1ncn([C@@H]2O[C@H](CO)[C@@H](O)[C@H]2O)c1N,4.82,4.456531823993894,0.5839531637045253,0.3634681760061067
NC(=O)c1ncn([C@@H]2O[C@H](COP(=O)(O)O)[C@@H](O)[C@H]2O)c1O,2.78,3.2852402189909826,0.4494105221130073,0.5052402189909828
N=C(NC(N)=O)Nc1c(Cl)cccc1Cl,6.57,5.591067092462784,0.4184741613608302,0.9789329075372164
NC(=O)[C@@H]1CC[C@H](c2ccc(OCc3ccccc3F)cc2)N1,8.84,8.45068279387528,0.31350343609472164,0.3893172061247192
NC(=S)N/N=C/c1cccnc1,4.38,3.9311524419126593,0.3239637235637054,0.44884755808734056
NCCCCCC(=O)O,10.21,10.379912078354732,0.11298891153578454,0.16991207835473077
N=C1C=CC(=C(c2ccc(N)cc2)c2ccc(N)cc2)C=C1,10.29,10.89248577700275,0.675956819704591,0.6024857770027516
NC(=O)CCC/N=C(\c1ccc(Cl)cc1)c1cc(F)ccc1O,4.99,4.481753329818022,0.4627620485226103,0.5082466701819781
NCCCNCCSP(=O)(O)O,10.71,10.623156125841305,0.20754558160335979,0.08684387415869566
NCCC[C@H](N)C(=O)O.O=C(O)Cc1ccccc1,10.29,7.490065369898443,0.8044255707815186,2.799934630101556
NCC1(CC(=O)O)CCCCC1,9.91,10.131164190838515,0.23895037624163176,0.22116419083851468
NC1CCN(c2c(F)cc3c(=O)c(C(=O)O)cn(C4CC4)c3c2Cl)C1,9.63,9.474877315108541,0.13379151046631688,0.15512268489145953
N=C(N)c1ccc(CNC(=O)[C@@H]2CCN2C(=O)[C@H](NCC(=O)O)C2CCCCC2)cc1,11.48,13.105988472832214,0.6398721742992962,1.6259884728322138
NC(=O)c1cnc2n1CCc1ccccc1C21CCNCC1,9.96,10.68465685423698,0.2559872104473943,0.7246568542369793
NCCc1cc(O)c(O)cc1O,9.17,9.624841698550867,0.1951544456982554,0.454841698550867
NCCc1cc[nH]n1,9.56,9.65277801933065,0.2591113782573163,0.09277801933065
NCCc1ccc(O)c(O)c1,9.27,9.474456690307928,0.10153000256856302,0.20445669030792857
NCC(=O)Nc1cncc(-c2nn3c(=O)cc(N4CCNCC4)nc3s2)c1,8.97,9.068490700460469,0.23174013316074274,0.09849070046046826
NCC(CC(=O)O)c1ccccc1,9.8,9.861593712545702,0.10095253002624469,0.061593712545700896
NCCC(=O)N[C@@H](Cc1c[nH]cn1)C(=O)O,9.13,9.687769762163509,0.11685010612205973,0.5577697621635078
N[C@@H](Cc1ccc(N(CCCl)CCCl)cc1)C(=O)O,9.51,9.53147578214234,0.128450541864495,0.021475782142340805
NS(=O)(=O)c1cc(C(=O)NN2C[C@@H]3[C@H]4CC[C@H](C4)[C@@H]3C2)ccc1Cl,1.35,0.8235673788484099,0.47479643509913083,0.5264326211515902
N[C@H](Cc1cc(I)c(Oc2ccc(O)c(I)c2)c(I)c1)C(=O)O,9.48,9.59424000361693,0.09209242557490979,0.11424000361692954
N[C@@]1(C(=O)O)CS(=O)(=O)[C@H]2[C@H](C(=O)O)[C@H]21,8.08,8.039327498742168,0.18611060240440577,0.040672501257832394
Nc1ccc(S(=O)(=O)Nc2ncccn2)cc1,2.01,1.461579870638235,0.21697174464322844,0.5484201293617648
N[C@@H](Cc1ccccc1)C(=O)O,9.45,9.41448146722583,0.11313174993808332,0.03551853277416939
N[C@@H]1CN(c2c(F)cc3c(=O)c(C(=O)O)cn([C@@H]4C[C@@H]4F)c3c2Cl)CC12CC2,9.37,9.473045381772794,0.13615345000365453,0.10304538177279454
Nc1ccc(C(=O)Oc2ccccc2)c(O)c1,2.32,2.0835264054393274,0.22990682346235594,0.2364735945606724
NC(=O)C1CN(CC(=O)Nc2c(Cl)cccc2Cl)CCN1CCCC(c1ccc(F)cc1)c1ccc(F)cc1,6.26,7.094070891383116,0.2025817070668544,0.8340708913831163
NC(=O)C1CN(CCCCC(c2ccc(F)cc2)c2ccc(F)cc2)CCN1CC(=O)Nc1c(Cl)cc(N)cc1Cl,7.87,7.786545956886679,0.19587699464879088,0.0834540431133215
Nc1ccc(/C=C/c2ccc([N+](=O)[O-])o2)nn1,4.15,2.638381194492487,0.4756593075680285,1.5116188055075135
N[C@@H](C(=O)N[C@@H]1C(=O)N2C(C(=O)O)=C(CSc3c[nH]nn3)CS[C@H]12)c1ccc(O)cc1,7.22,7.366292878348958,0.16339940141957096,0.14629287834895788
Nc1ccc(S(=O)(=O)c2cnc(N)s2)cc1,2.26,2.4425385576992555,0.2529617901385607,0.18253855769925575
NCCCC[C@H](N[C@@H](CCc1ccccc1)C(=O)O)C(=O)N1CCC[C@H]1C(=O)O,10.21,10.22626312340445,0.16695060018330943,0.016263123404449686
N[C@H](C(=O)O)c1ccc(O)cc1,8.57,8.496112744826313,0.2364287221119267,0.07388725517368755
Nc1c([18F])ccc2cnc(-n3ccc4ccncc43)cc12,5.32,5.598004918070852,0.5311955832997572,0.2780049180708515
NC[C@H](O)c1ccc(O)c(O)c1,8.85,8.81374965217032,0.1001234303004129,0.03625034782968051
NC[C@H]1O[C@H](O[C@H]2[C@H](O)[C@@H](O[C@H]3O[C@H](CO)[C@@H](O)[C@H](N)[C@H]3O)[C@H](N)C[C@@H]2N)[C@H](N)C[C@@H]1O,9.54,9.162296096589413,0.15670454363128003,0.3777039034105858
NC[C@H]1O[C@H](O[C@H]2[C@H](O)[C@@H](O[C@H]3O[C@H](CO)[C@@H](O)[C@H](N)[C@H]3O)[C@H](N)C[C@@H]2N)[C@H](O)[C@@H](O)[C@@H]1O,9.34,9.215175448479158,0.07925361368455484,0.12482455152084171
NC[C@H]1O[C@H](O[C@H]2[C@H](O[C@@H]3O[C@H](CO)[C@@H](O)[C@H]3O)[C@@H](O)[C@H](N)C[C@@H]2N)[C@H](N)[C@@H](O)[C@@H]1O,9.59,9.179078665044392,0.09745226302661851,0.41092133495560823
Nc1ccc(S(=O)(=O)N2CC3CCC(CC3)C2)cc1,2.42,2.5447699328869,0.3204817653750238,0.12476993288689986
Nc1ccc(O)c(C(=O)O)c1,5.87,2.648369036842202,0.17244007396197797,3.221630963157798
Nc1nc(N)c2nc(-c3ccccc3)c(N)nc2n1,1.86,3.4141869699626795,0.5425469395571328,1.5541869699626794
Nc1nc(N)c2nc(-c3ccco3)c(N)nc2n1,1.83,3.4093537602976776,0.7945173972035785,1.5793537602976775
Nc1c(CC(=O)O)cccc1C(=O)c1ccc(Br)cc1,1.59,1.2229320833952184,0.20761772937111198,0.36706791660478166
Nc1c(CC(=O)O)cccc1C(=O)c1ccccc1,1.77,1.6955075955227445,0.2819841126685741,0.07449240447725547
Nc1nc(NC2CC2)c2ncn([C@H]3C=C[C@@H](CO)C3)c2n1.O=C(O)CCC(=O)O,5.8,5.9156357575992775,0.2691600402918803,0.11563575759927769
Nc1nc(=O)c2c([nH]1)N[C@@H]1O[C@@H]3COP(=O)(O)O[C@@H]3C(O)(O)[C@@H]1N2,5.03,3.101130554101464,0.49513255829978264,1.928869445898536
Nc1nc(=O)c2nc(CNc3ccc(C(=O)N[C@@H](CCC(=O)O)C(=O)[O-])cc3)cnc2[nH]1,2.09,2.268975427778493,0.3606337326559542,0.17897542777849296
Nc1nc2c(ncn2COC(CO)CO)c(=O)[nH]1,0.58,-0.48457254928088006,0.3151308112002005,1.06457254928088
Nc1nc2c(ncn2COCCO)c(=O)[nH]1,0.6,-0.41541640326612195,0.3678492620125183,1.015416403266122
Nc1nc(N)c2ncn([C@H]3CO[C@@H](CO)O3)c2n1,5.83,3.682262680018732,0.33076197805107843,2.147737319981268
Nc1nc2[nH]cnc2c(=S)[nH]1,1.84,1.6886508438463839,0.5566321770737976,0.15134915615361622
Nc1nc(OCCc2ccc(Cl)cc2)nc2c1ncn2[C@@H]1O[C@H](CO)[C@@H](O)[C@H]1O,4.21,2.948791767050448,0.6282952392295647,1.261208232949552
Nc1ncnc2c1ncn2CCOCP(=O)(O)O,3.75,4.379769078593456,0.3821635724353051,0.6297690785934558
Nc1nc(=O)c2ncn(CCC(CO)CO)c2[nH]1,0.94,2.5655497977037127,0.36581071467633486,1.6255497977037128
Nc1nc(=O)c2sc(=O)n([C@@H]3O[C@H](CO)[C@@H](O)[C@H]3O)c2[nH]1,3.15,1.7809048714038287,0.49369052659344226,1.3690951285961712
Nc1nc2ccc(OC(F)(F)F)cc2s1,4.57,4.043194529929805,0.37143665556209243,0.5268054700701956
Nc1ncc2ncn(CC(CO)CO)c2n1,3.64,3.561391028720741,0.4298596414410089,0.07860897127925925
Nc1ncnc2c1ncn2[C@@H]1O[C@H](C[C@@H](N)CC[C@H](N)C(=O)O)[C@@H](O)[C@H]1O,10.07,11.296194441620917,0.5710695168411387,1.2261944416209172
Nc1ncnc2c1ncn2[C@H]1CC[C@@H](COP(=O)(O)OP(=O)(O)OP(=O)(O)O)O1,4.94,4.531256139111392,0.3011881289246296,0.4087438608886087
Nc1nc(/C(=C/CC(=O)O)C(=O)N[C@@H]2C(=O)N3C(C(=O)O)=CCS[C@H]23)cs1,4.68,4.473974181234628,0.24483485237954464,0.2060258187653714
Nc1nc(/C(=N\O[C@H](C(=O)O)c2ccc(O)c(O)c2)C(=O)N[C@@H]2C(=O)N3C(C(=O)O)=CCS[C@H]23)cs1,3.84,3.6109195767584112,0.24282138484860524,0.22908042324158862
Nc1nc(=O)c2c([nH]1)NCC(CNc1ccc(C(=O)N[C@@H](CCC(=O)O)C(=O)O)cc1)N2C=O,4.67,4.751236915390789,0.21121921087236853,0.08123691539078948
Nc1ncnc2c1ncn2[C@@H]1O[C@H](COP(=O)(O)O)[C@@H](O)[C@@H]1O,4.88,4.989713638705718,0.28312736566718705,0.10971363870571782
O=C(CCN1CCOCC1)c1ccccc1O,5.9,5.842693734904838,0.2147837419630839,0.057306265095162345
O=C(CCCN1CCN2CCCC2C1)c1ccc(F)cc1,8.74,8.029733555233625,0.0842161555288223,0.7102664447663756
O=C(CCc1ccc(CN[C@H](C(=O)OC2CCCC2)C2CCCCC2)cn1)NO,5.71,7.086821005734971,0.47214750847578246,1.3768210057349712
O=C(CCCN1CC=C(n2c(=O)[nH]c3ccccc32)CC1)c1ccc(F)cc1,6.75,7.25898029126751,0.1159310490811194,0.5089802912675099
O=C(CCCN1CCC(O)(c2ccc(Cl)cc2)CC1)c1ccc(F)cc1,8.05,8.081616415717793,0.08454030113065285,0.03161641571779228
O=C(CCCN1CCC(O)(c2cccc(C(F)(F)F)c2)CC1)c1ccc(F)cc1,8.02,8.163104986678643,0.16965427430295235,0.1431049866786438
O=C(CCCN1CCN(c2ccc(F)cc2)CC1)NC1c2ccccc2CSc2ccccc21,8.05,7.885648900656169,0.1214652675248913,0.16435109934383174
O=C(NCCN1CCN(c2ncccn2)CC1)C12CC3CC(CC(C3)C1)C2,6.41,6.98176696233754,0.1668835514954008,0.5717669623375397
O=C(NCCNCC(O)COc1ccc(O)cc1)N1CCOCC1,8.76,8.69727429223998,0.12253850254695568,0.06272570776001984
O=C(NCCOC(=O)c1ccccc1Nc1ccnc2cc(Cl)ccc12)c1cccnc1,6.41,6.276625540807872,0.4638111298108855,0.13337445919212776
O=C(NCCO[N+](=O)[O-])c1cccnc1,3.62,3.762630014713065,0.3653079325284506,0.14263001471306502
O=C(NC(=O)c1ccccc1)NC1CCN(Cc2ccc3ccccc3c2)CC1,8.6,8.243862120158472,0.2167726315064597,0.356137879841528
O=C(O)/C=C/c1nc(CSc2c(Cl)cccc2Cl)ccc1OCCc1ccccc1,4.03,2.2904854048956382,0.36683103116277593,1.739514595104362
O=C(O)/C=C1\CN([C@H](C(=O)O)c2ccccc2Cl)CCC1S,8.3,6.937468725696607,0.46904031264993595,1.362531274303394
O=C(Nc1ccc(F)c(-c2ccn3c(N4CCOCC4)cnc3n2)c1)N1CCCC1,4.37,3.8263347231451093,0.39762039929983833,0.5436652768548909
O=C(Nc1ccc(C[C@@H]2CC[C@H]([C@H](O)c3ccccc3)N2)cc1)[C@@H]1CCc2nccc(=O)n21,10.61,9.623972184357589,0.19003209883843714,0.9860278156424105
O=C(NCc1ncccc1F)c1coc(CCNCCc2nc3ccccc3[nH]2)n1,9.28,8.952579351659567,0.20348719943701374,0.32742064834043205
O=C(N[C@@H]1CN2CCC1CC2)c1n[nH]c2ccccc12,7.85,8.034842553676107,0.29822549450415703,0.18484255367610736
O=C(N[C@H]1CN2CCC1CC2)c1c[nH]c2ccsc2c1=O,7.36,7.717140801416862,0.22085321160183302,0.357140801416862
O=C(NCC1CCCCN1)c1cc(OCC(F)(F)F)ccc1OCC(F)(F)F,9.62,9.538097505464552,0.20224422679699075,0.08190249453544673
O=C(N[C@@H]1C2CCN(CC2)[C@H]1Cc1cccnc1)c1cc2ccccc2o1,7.44,8.251811425499284,0.33390568619719196,0.8118114254992834
O=C(N[C@@H]1CC[C@@H](c2cccc(F)c2F)CN(CC(F)(F)F)C1=O)N1CCC(n2c(=O)[nH]c3ncccc32)CC1,3.16,2.6026951281316077,0.563277802932628,0.5573048718683924
O=C(Nc1c(Cl)cncc1Cl)C(=O)c1cn(Cc2ccc(F)cc2)c2ncccc12,3.05,3.5235416982776777,0.43486695918923857,0.4735416982776779
O=C(Nc1c(Cl)cncc1Cl)c1ccc(OC(F)F)c(OCC2CC2)c1,2.4,1.5753281865965338,0.4408952984598593,0.8246718134034661
O=C(Nc1c[nH]nc1-c1nc2ccc(CN3CCOCC3)cc2[nH]1)NC1CC1,6.83,6.639763760972153,0.20842350562600198,0.19023623902784692
O=C(Nc1cc(Oc2cc(F)c(NC(=O)C3(C(=O)Nc4ccc(F)cc4)CC3)cc2F)ccn1)C1CC1,4.83,4.463181482836443,0.46180900330830943,0.36681851716355673
O=C(O)C1=CS[C@@H]2/C(=C\c3cn4c(n3)COCC4)C(=O)N12,4.61,4.450457595958629,0.4366965143348945,0.1595424040413711
O=C(O)CCC(=O)O.OC(CSc1ncnc2[nH]cnc12)CN1CCN(C(c2ccc(F)cc2)c2ccc(F)cc2)CC1,7.11,7.303853437314936,0.12121755963600851,0.1938534373149361
O=C(O)CCCc1ccc(N(CCCl)CCCl)cc1,1.72,1.8822363688622459,0.5504908490935853,0.1622363688622459
O=C(O)C1C/C(=C2/CCN(c3ccccc3)C2=O)c2ccc(Cl)cc2N1,0.75,1.8894559532312496,0.5567009208930809,1.1394559532312496
O=C(O)CN1CSC(=S)N(Cc2ccccc2)C1,2.04,3.058211402537494,0.7188197091211198,1.018211402537494
O=C(CCCCCCC(=O)Nc1cccnc1)NO,4.38,4.623691832042399,0.23795395960692645,0.24369183204239953
O=C(O)CCCCON=C(c1cccnc1)c1cccc(C(F)(F)F)c1,4.25,4.374532124617365,0.263790803920171,0.12453212461736474
O=C(Nc1ccncc1)C(=O)c1cn(Cc2ccc(Cl)cc2)c2ccccc12,5.51,4.763487757233397,0.2671565906040221,0.7465122427666024
O=C(O)CNC(=O)c1ncc(C#CCOc2ccc(Cl)cc2)cc1O,1.43,1.3383509452483207,0.36426727039378864,0.09164905475167928
O=C(O)[C@H]1C2CCC(CC2)[C@@H]1Nc1nc(-c2c[nH]c3ncc(F)cc23)ncc1F,2.57,3.861999266437153,0.49707752994052734,1.2919992664371533
O=C(O)c1cccnc1,4.19,2.9027953680605316,0.2997486726678968,1.2872046319394688
O=C(O)c1c[nH]cn1,6.13,5.0093449098346365,0.27837227148600885,1.1206550901653634
O=C(O)c1cc(/N=N/c2ccc(S(=O)(=O)Nc3ccccn3)cc2)ccc1O,0.55,1.5511720815735703,0.3508508646242709,1.0011720815735703
O=C(O)c1cn(C2CC2)c2cc(N3CCNCC3)c(F)cc2c1=O,8.68,8.715309485513497,0.12078205428932808,0.03530948551349766
O=C(O)c1ccc(Nc2ncc3c(n2)-c2ccc(Cl)cc2C(c2c(F)cccc2F)=NC3)cc1,2.73,2.5443385465518693,0.18396905048942466,0.18566145344813068
O=C(c1c(F)ccc(NS(=O)(=O)N2CC[C@@H](F)C2)c1F)c1c[nH]c2ncc(-c3cnc(C4CC4)nc3)cc12,2.28,3.968074501629796,0.37051842498432314,1.6880745016297962
O=C1CCc2cc(OC[C@H](O)CN3CCN(c4ccc(C(F)(F)F)cc4)CC3)ccc2N1,7.45,6.80578340407113,0.2105414472427366,0.6442165959288699
O=C1CCc2ccc(OCCCCN3CCN(c4cccc(Cl)c4Cl)CC3)cc2N1,7.46,7.496191215778067,0.14881821416074864,0.036191215778067054
O=C1CN=C(c2ccccc2Cl)c2cc([N+](=O)[O-])ccc2N1,1.89,1.6333702111933968,0.3511655907998034,0.25662978880660314
O=C1CN=C(c2ccccn2)c2cc(Br)ccc2N1,2.65,3.1106139739833902,0.31899035342893606,0.4606139739833903
O=C1CN=C(c2ccccc2)c2cc([N+](=O)[O-])ccc2N1,2.65,2.48008862854721,0.46202641569659053,0.16991137145278978
O=C(c1ccc(Oc2ccc(F)cc2)nc1)N1CCCN(C2CCC2)CC1,8.27,8.774077050982026,0.17208373669228882,0.5040770509820263
O=C1Nc2cc(Cl)ccc2N(C(=O)CN(CCO)CCO)c2ccccc21,6.55,6.310712686622907,0.17243801430417952,0.2392873133770932
O=C(c1ccc(Nc2ccnc3cc(C(F)(F)F)ccc23)cc1)N1CCN(S(=O)(=O)c2ccc(F)cc2)CC1,6.68,5.818027075118235,0.26586415436038663,0.8619729248817647
O=C(c1ccc(OCCN2CCCCC2)cc1)c1c(-c2ccc(O)cc2)sc2cc(O)ccc12,7.95,8.210543137784112,0.1789569559831505,0.2605431377841123
O=C(c1ccc(F)cc1)C1CCN(CCCN2c3ccccc3Sc3ccc(C(F)(F)F)cc32)CC1,7.98,8.116335447038383,0.065196544153091,0.13633544703838218
O=C(c1ccc(F)cc1)C1CCN(CCn2c(=O)[nH]c3ccccc3c2=O)CC1,7.29,7.304078320032398,0.11533071613387576,0.014078320032398395
O=P(O)(O)OC(Cn1cncn1)(Cn1cncn1)c1ccc(F)cc1F,2.57,1.3333569529228224,0.2932622063335412,1.2366430470771774
O=P(NCCCO)(OCCCl)N(CCCl)CCCl,0.23,0.754599782031711,0.360703558318612,0.524599782031711
O=C1Cc2cc(CCN3CCN(c4nsc5ccccc45)CC3)c(Cl)cc2N1,7.09,7.105791509756824,0.2154567992870021,0.015791509756824418
O=C1CCc2c(Oc3ccc4c(c3)[C@@H]3[C@H](O4)[C@H]3c3nc4cc(C(F)(F)F)ccc4[nH]3)ccnc2N1,5.97,5.45050385652707,0.4162946380352404,0.5194961434729297
O=C1NCCNC1c1cccs1,6.08,5.7594240899756555,0.4542928185818765,0.3205759100243446
O=P(O)(O)C(O)(Cn1ccnc1)P(=O)(O)O,6.68,6.738861962384677,0.2534006974170155,0.05886196238467711
O=P(O)(O)Oc1ccc(C(c2ccc(OP(=O)(O)O)cc2)c2ccccn2)cc1,4.08,4.351801842860252,0.3331330943266514,0.2718018428602518
O=C1c2c(O)ccc(O)c2C(=O)c2c(NCCNCCO)ccc(NCCNCCO)c21,9.22,9.213894541280908,0.13383025727124176,0.006105458719092738
O=P1(N(CCCl)CCCl)NCCCO1,0.02,-0.6007214878589954,0.3851698957519084,0.6207214878589954
O=[N+]([O-])c1cncn1CCN1CCOCC1,6.05,6.634400224447475,0.3109543327001233,0.5844002244474753
O=[N+]([O-])c1nccn1CC(O)CN1CCCCC1,8.73,8.967724921746868,0.19955030308679883,0.23772492174686732
O=[N+]([O-])c1nccn1CC(O)C[18F],0.0,-0.31326820317754545,0.20668771592637133,0.31326820317754545
O=S1(=O)CCNCN1,5.72,5.174718120735138,1.2765678213308755,0.5452818792648619
O=c1[nH]cnc2[nH]ncc12,1.25,1.6464546717310093,0.6799383637587895,0.39645467173100934
O=c1[nH]cnc2c1ncn2[C@H]1CC[C@@H](CO)O1,0.6,0.8668446137997504,0.3856677614156892,0.26684461379975044
O=c1[nH]c(NCc2ccc(Cl)c(Cl)c2)nc2ncn(CCN3CCOCC3)c12,6.14,5.909696257749237,0.27587825033691854,0.23030374225076233
O=c1[nH]c2ccccc2n1CCCN1CCC(n2c(=O)[nH]c3cc(Cl)ccc32)CC1,7.03,7.602882611072926,0.13923025982874165,0.5728826110729255
O=c1[nH]ccc2cc(OC3CCNCC3)ccc12,9.82,9.995672808263887,0.15040223148932255,0.17567280826388654
O=c1c(CO)coc2cc(OCCCN3CCC(c4noc5cc(F)ccc45)CC3)ccc12,7.96,7.961713876169424,0.24488157648474979,0.0017138761694237559
O=c1oc(CCN2CCN(c3ccccc3)CC2)c(-c2ccc(F)cc2)o1,7.72,7.667705500740846,0.16516611969949074,0.05229449925915386
OC1CCN(c2ccc(-c3ccc(Cl)cc3Cl)nn2)CC1,3.4,3.113317271429073,0.339501271415352,0.286682728570927
O=c1[nH]c2ccccc2n1C1CCN(CCCC(c2ccc(F)cc2)c2ccc(F)cc2)CC1,8.38,8.47349793166535,0.18198197665313465,0.09349793166534859
OC(CN1CCC(Cc2ccc(F)cc2)CC1)c1ccc(Cl)cc1,8.88,8.540486508984156,0.17782852742192942,0.33951349101584505
O[C@H]1[C@H]2[C@H](O)CCCN2C[C@H]1O,9.47,9.11312066918192,0.3140570749131563,0.35687933081807977
Oc1cccc([C@@]23CCCC[C@H]2CN(CC2CC2)CC3)c1,10.54,10.82483012685134,0.16274165121023532,0.28483012685134135
OC(CCN1CCCC1)(c1ccccc1)C1CCCCC1,9.45,9.359854726749244,0.09864172848028059,0.09014527325075505
OC(CCN1CCCCC1)(c1ccccc1)C1CC2C=CC1C2,9.3,9.45113808168989,0.09882759232607717,0.15113808168988996
OC(CCN1CCCCC1)(c1ccccc1)C1CCCC1,9.32,9.319971412938289,0.07733129867116172,2.8587061711604633e-05
O=c1cccc2n1C[C@@H]1CNC[C@H]2C1,9.82,10.019833342414238,0.20851331142061824,0.19983334241423734
OC(c1ccccc1)(c1ccccc1)C1CC1c1ccncc1,5.52,5.147294707137054,0.4806464260361195,0.3727052928629453
OCCOCCN1CCN(C2=Nc3ccccc3Sc3ccccc32)CC1.OCCOCCN1CCN(C2=Nc3ccccc3Sc3ccccc32)CC1,7.06,7.036603092479558,0.08310014973522631,0.02339690752044188
OC(CO/N=C(\Cl)c1cccnc1)CN1CCCCC1,9.14,8.691924386621654,0.2149360950833616,0.44807561337834656
Oc1ccc(C2CNCCc3c2cc(O)c(O)c3Cl)cc1,10.4,9.599993849210609,0.20208737164478188,0.8000061507893914
[2H]C([2H])([2H])Oc1cc2c(cc1OC([2H])([2H])[2H])C1CC(=O)C(CC(C)C)CN1CC2,7.33,7.68915456846257,0.2917910050522635,0.35915456846256966
Oc1ccc2[nH]cc(CCCCN3CC=C(c4ccccc4)CC3)c2c1,9.11,9.367227818625725,0.13287477536491,0.25722781862572575
Oc1ccc2c(c1)[C@@]13CCCC[C@@]1(O)[C@@H](C2)N(CC1CCC1)CC3,10.7,10.30010404105989,0.10864347559997789,0.39989595894010854
c1ccc(NCC2=NCCN2)cc1,9.33,9.302788871156183,0.49276241818082245,0.027211128843816823
Oc1ccc([C@H]2CNCCc3c2cc(O)c(O)c3Cl)cc1,10.4,9.599871096567608,0.20201803019590975,0.8001289034323928
c1ccc(Cn2cc(CCc3ccncc3)c3ccccc32)cc1,5.67,6.052773908413945,0.25075353750403573,0.3827739084139452
OCCN1C[C@H](O)[C@@H](O)[C@H](O)[C@H]1CO,7.6,7.661589985322813,0.2805776164743598,0.061589985322813234
OCCN1CCN(CCCN2c3ccccc3C=Cc3ccccc32)CC1,7.86,7.961672675501498,0.09251499065452605,0.10167267550149806
OC(Cn1cncn1)(Cn1cncn1)c1ccc(F)cc1F,2.3,1.5798180410568063,0.3078829491826942,0.7201819589431935
c1csc(C2(N3CCCCC3)CCCCC2)c1,10.15,10.412151999004896,0.24107892734021613,0.26215199900489594
c1ccc(-c2cc(CCC3CCNCC3)c3ccccc3n2)cc1,10.36,10.538107559250667,0.14123134915543928,0.1781075592506678
c1ccc(CN(CCN2CCCC2)c2ccccc2)cc1,9.27,9.394287990414982,0.2159078716210007,0.12428799041498273
OC[C@H]1O[C@@H](n2cnc3c(N[C@@H]4CCOC4)ncnc32)[C@H](O)[C@@H]1O,4.68,4.385396453923152,0.3876737884558449,0.29460354607684813
c1cc(-c2cnn3cc(-c4ccc(OCCN5CCCCC5)cc4)cnc23)cs1,8.81,8.66359986794579,0.17965731316946426,0.14640013205421099
[O-][S+](Cc1ccccn1)c1nc2ccccc2[nH]1,2.38,3.043859695724662,0.25240849448802133,0.6638596957246623
c1ccc2c3c([nH]c2c1)C12CCCCC1C(C3)N(CC1CC1)CC2,9.62,10.5433333247885,0.21844326867589842,0.9233333247885014
Oc1ccc2c3c(cnc2c1)-c1ccc(C(F)(F)F)cc1O[C@@H]3c1ccc(OCCN2CC(CF)C2)cc1,7.74,8.094635462135042,0.23763540817883577,0.3546354621350414
Oc1ccc2c3c1O[C@H]1[C@@H](O)C=C[C@H]4[C@@H](C2)NCC[C@@]341,9.77,10.119504930998648,0.1435033172927683,0.34950493099864843
c1cnc(N2CCN(Cc3ccc4c(c3)OCO4)CC2)nc1,6.73,6.821580500853957,0.2851794079611473,0.09158050085395697
CO[C@H]1/C=C/O[C@@]2(C)Oc3c(C)c(O)c4c(O)c(c(/C=N/N5CCN(C)CC5)c(O)c4c3C2=O)NC(=O)/C(C)=C/C=C/[C@H](C)[C@H](O)[C@@H](C)[C@@H](O)[C@@H](C)[C@H](OC(C)=O)[C@@H]1C,7.37,7.442864208514588,0.19257432141406122,0.07286420851458786
CC[C@]1(O)C[C@@H]2CN(CCc3c([nH]c4ccccc34)[C@@](C(=O)OC)(c3cc4c(cc3OC)N(C)[C@H]3[C@@](O)(C(=O)OC)[C@H](OC(=O)CN(C)C)[C@]5(CC)C=CCN6CC[C@]43[C@@H]65)C2)C1,8.86,8.737162924561336,0.19812394387344828,0.12283707543866385
CC[C@]1(O)C[C@@H]2CN(CCc3c([nH]c4ccccc34)[C@@](C(=O)OC)(c3cc4c(cc3OC)N(C)[C@H]3[C@@](O)(C(=O)OC)[C@H](OC(C)=O)[C@]5(CC)C=CCN6CC[C@]43[C@@H]65)C2)C1,8.86,8.758938738260081,0.16904760699779203,0.10106126173991825
CC(C)=CCN1CCC2(C)c3cc(O)ccc3CC1C2C,9.57,9.780985443994037,0.16990986451254297,0.21098544399403707
CCN1C[C@H]2CN(C)C[C@@H](C1)C2OC(=O)c1ccc(Cl)cc1,9.42,9.382787236415108,0.24710618266222512,0.03721276358489156
