target,variant,metric,ensemble,seed_mean,seed_sd,final,diff_final_minus_variant,diff_ci_lo,diff_ci_hi,verdict
pKa_Acidic,w/o xTB features,R2,0.9687301815748397,0.9632668693300361,0.0018809093855799237,0.9688766124272525,0.0001464308524128377,-0.0009973590623262778,0.0012703749683782954,CI includes 0
pKa_Acidic,w/o xTB features,MAE,0.4256041603735132,0.4878507240468511,0.017057632286972976,0.42408708856936556,-0.0015170718041476183,-0.010942849806182306,0.007858510044721342,CI includes 0
pKa_Acidic,w/o xTB features,RMSE,0.7589238965664736,0.8223193095304657,0.020719071845015594,0.7571448603514502,-0.0017790362150233996,-0.0160196177233055,0.011785182696230533,CI includes 0
pKa_Acidic,w/o xTB features,within_1_pKa_unit,0.9123711340206185,0.8856958762886599,0.00660032039252785,0.9097938144329897,-0.002577319587628857,-0.014175257731958713,0.009020618556700999,CI includes 0
pKa_Acidic,w/o edge gating,R2,0.9691213018020739,0.9640353730008338,0.0023526275149609774,0.9688766124272525,-0.00024468937482136077,-0.0017597843731668645,0.0011192634355344008,CI includes 0
pKa_Acidic,w/o edge gating,MAE,0.4276562526436752,0.4838056473309937,0.017409377212240954,0.42408708856936556,-0.0035691640743096276,-0.01356799887062557,0.0066232311367075605,CI includes 0
pKa_Acidic,w/o edge gating,RMSE,0.7541626837567205,0.8135119992564721,0.02663314933870704,0.7571448603514502,0.0029821765947297685,-0.014644218335973869,0.01993746426459694,CI includes 0
pKa_Acidic,w/o edge gating,within_1_pKa_unit,0.9072164948453608,0.8859536082474225,0.009762300839659371,0.9097938144329897,0.002577319587628857,-0.009020618556700999,0.014175257731958713,CI includes 0
pKa_Acidic,w/o site readout,R2,0.9677186155608315,0.9625696771612189,0.0022962207747994874,0.9688766124272525,0.0011579968664210405,-0.0003128190697156974,0.0026731384363135155,CI includes 0
pKa_Acidic,w/o site readout,MAE,0.4269477945415474,0.4861715072302763,0.0169496444498349,0.42408708856936556,-0.002860705972181854,-0.014619310055201173,0.008875109868183009,CI includes 0
pKa_Acidic,w/o site readout,RMSE,0.7711016351810508,0.8299755899975869,0.02533444324230956,0.7571448603514502,-0.01395677482960056,-0.030224209742679226,0.004048780524823313,CI includes 0
pKa_Acidic,w/o site readout,within_1_pKa_unit,0.9059278350515464,0.8876288659793815,0.006621253906528443,0.9097938144329897,0.0038659793814432852,-0.0077319587628865705,0.015463917525773252,CI includes 0
pKa_Basic,GraphMPNN (full),R2,0.9478413121637771,0.9371120346310748,0.002659725493274179,0.950444827378261,0.002603515214483876,-0.0002421099932940151,0.0055359962209784695,CI includes 0
pKa_Basic,GraphMPNN (full),MAE,0.41624120610185855,0.47207549242917,0.010475229488268387,0.40596801277140576,-0.01027319333045279,-0.02029375571601036,9.08683537356657e-05,CI includes 0
pKa_Basic,GraphMPNN (full),RMSE,0.6704987105438508,0.7360902756854291,0.01555995485905744,0.6535504454684238,-0.016948265075427016,-0.03572983722233944,0.001557994931293112,CI includes 0
pKa_Basic,GraphMPNN (full),within_1_pKa_unit,0.8993865030674847,0.8849079754601226,0.00876821411590125,0.9067484662576687,0.007361963190184007,-0.0036809815950921143,0.019631901840490795,CI includes 0
pKa_Basic,"full, w/o xTB features",R2,0.9426930982563844,0.9307417509539583,0.004264774877653286,0.950444827378261,0.007751729121876605,0.002949159470260071,0.01401993227139099,final better (CI excludes 0)
pKa_Basic,"full, w/o xTB features",MAE,0.42379107190865534,0.4829795046229702,0.013791218721802924,0.40596801277140576,-0.017823059137249575,-0.031819181054236124,-0.004295838027031961,final better (CI excludes 0)
pKa_Basic,"full, w/o xTB features",RMSE,0.7028102439182838,0.7723003975591917,0.02370953867126778,0.6535504454684238,-0.04925979844986006,-0.08545655188882378,-0.019536072313180174,final better (CI excludes 0)
pKa_Basic,"full, w/o xTB features",within_1_pKa_unit,0.8920245398773006,0.8753374233128834,0.006497792100854154,0.9067484662576687,0.014723926380368124,0.001226993865030776,0.02822085889570547,final better (CI excludes 0)
pKa_Basic,"full, w/o edge gating",R2,0.9462801932066939,0.9351271378347257,0.004047092047456398,0.950444827378261,0.004164634171567094,0.0010367119154250314,0.007632280821361137,final better (CI excludes 0)
pKa_Basic,"full, w/o edge gating",MAE,0.41467284339127275,0.4693356534428836,0.014661922338856525,0.40596801277140576,-0.008704830619866988,-0.0198920986388961,0.0030595381977771715,CI includes 0
pKa_Basic,"full, w/o edge gating",RMSE,0.6804588069460705,0.7474444827250137,0.02313852975835328,0.6535504454684238,-0.026908361477646747,-0.04702174862626227,-0.006966970109366498,final better (CI excludes 0)
pKa_Basic,"full, w/o edge gating",within_1_pKa_unit,0.9006134969325154,0.8818404907975459,0.0058430908500586975,0.9067484662576687,0.006134969325153339,-0.006134969325153339,0.018404907975460127,CI includes 0
CL,MFMN (base),R2,0.4677488004430511,0.3644276205024455,0.07566813123346916,0.4966715811605079,0.028922780717456797,-0.021829604599190647,0.0771440306356089,CI includes 0
CL,MFMN (base),MAE,0.31331231347525534,0.34771998829261397,0.021579506271592132,0.3050231121137182,-0.008289201361537157,-0.023806662249588145,0.006610499183870664,CI includes 0
CL,MFMN (base),RMSE,0.42395661170832427,0.46259269066345904,0.026632920525728306,0.4122767218884032,-0.011679889819921074,-0.0322514744157458,0.008386711033942255,CI includes 0
CL,MFMN (base),GMFE,2.057369576926105,2.229527767096033,0.11438845009076715,2.0184737791707157,-0.03889579775538943,-0.11417158674352992,0.031194596786697944,CI includes 0
CL,MFMN (base),within_2fold,0.5706214689265536,0.5610169491525424,0.03390353590108504,0.6045197740112994,0.03389830508474578,-0.016949152542372836,0.0847457627118644,CI includes 0
CL,MFMN-InteractAux,R2,0.48969940080219687,0.4257686165889634,0.035531684391687635,0.4966715811605079,0.006972180358311042,-0.012506975196018965,0.02622679401430424,CI includes 0
CL,MFMN-InteractAux,MAE,0.3088160214116707,0.32931596300697474,0.013221706118588765,0.3050231121137182,-0.003792909297952507,-0.011804358794432663,0.003950738529506169,CI includes 0
CL,MFMN-InteractAux,RMSE,0.41512236056113727,0.44016901457221935,0.013621709362844573,0.4122767218884032,-0.0028456386727340743,-0.011134601583831174,0.004736603091580607,CI includes 0
CL,MFMN-InteractAux,GMFE,2.03617931575278,2.135486060128399,0.06482826700021313,2.0184737791707157,-0.01770553658206442,-0.05541230474690919,0.018479058458386276,CI includes 0
CL,MFMN-InteractAux,within_2fold,0.6045197740112994,0.5909604519774011,0.023248661938999583,0.6045197740112994,0.0,-0.03389830508474567,0.03389830508474578,CI includes 0
VDss,MFMN (base),R2,0.5712528850168755,0.5284779448798829,0.02870207478104245,0.6478387678556332,0.07658588283875767,0.03781050996612142,0.12270327133386831,final better (CI excludes 0)
VDss,MFMN (base),MAE,0.2724130085800388,0.2865471097863787,0.009139411645603326,0.24656985773585624,-0.025843150844182566,-0.040355535476944114,-0.011499309664648811,final better (CI excludes 0)
VDss,MFMN (base),RMSE,0.36191109702451696,0.3793724946713153,0.011720689484526692,0.3279986579802883,-0.03391243904422864,-0.05125536750527159,-0.016958038551147112,final better (CI excludes 0)
VDss,MFMN (base),GMFE,1.8724619816792814,1.9347867781235089,0.040330369585202655,1.7642895335901079,-0.10817244808917348,-0.17393401015016907,-0.04726297269797579,final better (CI excludes 0)
VDss,MFMN (base),within_2fold,0.655367231638418,0.631638418079096,0.022250931054978412,0.6836158192090396,0.02824858757062154,-0.02259887005649719,0.07909604519774016,CI includes 0
VDss,MFMN-DynGate,R2,0.646545950130218,0.6089977310942744,0.009479649964042967,0.6478387678556332,0.0012928177254152295,-0.012674917308046723,0.01520899778790303,CI includes 0
VDss,MFMN-DynGate,MAE,0.24823584762323211,0.2603414809522518,0.004107961028466478,0.24656985773585624,-0.0016659898873758738,-0.006898135775962405,0.003397957408496329,CI includes 0
VDss,MFMN-DynGate,RMSE,0.3286001637364898,0.34559065988770876,0.004205352791932134,0.3279986579802883,-0.0006015057562014925,-0.00687142552215566,0.0057455364105515475,CI includes 0
VDss,MFMN-DynGate,GMFE,1.7710704933718544,1.8212055147611863,0.017212332580056045,1.7642895335901079,-0.006780959781746532,-0.028206119880127462,0.013870564158575623,CI includes 0
VDss,MFMN-DynGate,within_2fold,0.6949152542372882,0.6796610169491526,0.00998294409092171,0.6836158192090396,-0.011299435028248594,-0.039548022598870025,0.016949152542372836,CI includes 0
Fu,"MFMN-DynGate, no loss weight",R2,0.7113118326776635,0.6798152397123685,0.009185597158477356,0.7121115385936937,0.00079970591603018,-0.004426300016159177,0.006058527149173313,CI includes 0
Fu,"MFMN-DynGate, no loss weight",MAE,0.32041595794902233,0.337038243924228,0.006819422611842403,0.31932398566460674,-0.0010919722844155988,-0.004412920190474701,0.0021168650285598735,CI includes 0
Fu,"MFMN-DynGate, no loss weight",RMSE,0.43578129531466375,0.4588955536479117,0.006612288100167149,0.4351772896775049,-0.0006040056371588443,-0.004577152756766308,0.003260294291961887,CI includes 0
Fu,"MFMN-DynGate, no loss weight",GMFE,2.0912981725235222,2.1731332486671553,0.034046593633303646,2.0860465029824535,-0.005251669541068704,-0.021356683178044823,0.010096624197990166,CI includes 0
Fu,"MFMN-DynGate, no loss weight",within_2fold,0.6018957345971564,0.5872037914691942,0.016042513801817735,0.6129541864139021,0.011058451816745696,-0.006319115323854652,0.030015797788309543,CI includes 0
