target,model,metric,value,value_ci_lo,value_ci_hi,proposed,diff_proposed_minus_baseline,diff_ci_lo,diff_ci_hi,verdict,n_seeds,seed_sd
pKa_Acidic,Random Forest,R2,0.927256387786163,0.9096388935599287,0.9426513317929373,0.9688766124272525,0.0416202246410895,0.027024433336305116,0.057820337843950236,proposed better (CI excludes 0),10,0.0013705894874391058
pKa_Acidic,Random Forest,MAE,0.6992540850515463,0.6359019729381442,0.7660038105670105,0.42408708856936556,-0.27516699648218074,-0.33360199264673507,-0.21893575448308597,proposed better (CI excludes 0),10,0.006483742941447537
pKa_Acidic,Random Forest,RMSE,1.157531929823739,1.0341544607425328,1.2829952841748913,0.7571448603514502,-0.40038706947228875,-0.5461050039891666,-0.259632529409696,proposed better (CI excludes 0),10,0.010820364487939316
pKa_Acidic,Random Forest,within_1_pKa_unit,0.7770618556701031,0.7474226804123711,0.8067010309278351,0.9097938144329897,0.13273195876288657,0.10309278350515472,0.16237113402061853,proposed better (CI excludes 0),10,0.007664848117936587
pKa_Acidic,XGBoost,R2,0.9190028724557355,0.8974068870380116,0.9375712025350746,0.9688766124272525,0.049873739971517006,0.03487658293565722,0.06828599879413563,proposed better (CI excludes 0),10,0.0
pKa_Acidic,XGBoost,MAE,0.7426644329252576,0.676283194603415,0.8135761376878222,0.42408708856936556,-0.3185773443558921,-0.3784800548407946,-0.26140518638671456,proposed better (CI excludes 0),10,1.1702778228589004e-16
pKa_Acidic,XGBoost,RMSE,1.2214349899194752,1.0776410258883078,1.3698415008247657,0.7571448603514502,-0.46429012956802496,-0.6116626126925406,-0.33485175664571365,proposed better (CI excludes 0),10,2.340555645717801e-16
pKa_Acidic,XGBoost,within_1_pKa_unit,0.7809278350515464,0.7512886597938144,0.8092783505154639,0.9097938144329897,0.12886597938144329,0.09922680412371143,0.15850515463917525,proposed better (CI excludes 0),10,0.0
pKa_Acidic,SVM,R2,0.7703711898786246,0.7431761961185234,0.7958655540708534,0.9688766124272525,0.1985054225486279,0.17369107004804285,0.22546128739047888,proposed better (CI excludes 0),1,
pKa_Acidic,SVM,MAE,1.4750961307635497,1.3749630623851254,1.5772081832231102,0.42408708856936556,-1.0510090421941842,-1.1508683872522005,-0.9531602615941147,proposed better (CI excludes 0),1,
pKa_Acidic,SVM,RMSE,2.056594811731162,1.9201773970966993,2.1946175575727622,0.7571448603514502,-1.2994499513797115,-1.4728343089701625,-1.1299201216814498,proposed better (CI excludes 0),1,
pKa_Acidic,SVM,within_1_pKa_unit,0.49871134020618557,0.4639175257731959,0.5347938144329897,0.9097938144329897,0.4110824742268041,0.37242268041237114,0.44845360824742264,proposed better (CI excludes 0),1,
pKa_Basic,Random Forest,R2,0.862370555855332,0.8406111468556863,0.8814431770081421,0.950444827378261,0.08807427152292902,0.06958546138391115,0.10784660774755046,proposed better (CI excludes 0),10,0.0022085775369330304
pKa_Basic,Random Forest,MAE,0.7581425105170905,0.7057564876825888,0.8125748746749929,0.40596801277140576,-0.3521744977456847,-0.40256010606625203,-0.30382184573622173,proposed better (CI excludes 0),10,0.006265443456731582
pKa_Basic,Random Forest,RMSE,1.089156521647268,1.0107463934638459,1.1683918719175304,0.6535504454684238,-0.4356060761788443,-0.5236224704403956,-0.34705274634335087,proposed better (CI excludes 0),10,0.008672999114656505
pKa_Basic,Random Forest,within_1_pKa_unit,0.7460122699386503,0.7165644171779141,0.7754601226993865,0.9067484662576687,0.16073619631901837,0.13006134969325156,0.19141104294478528,proposed better (CI excludes 0),10,0.006599964909266045
pKa_Basic,XGBoost,R2,0.8812618304428257,0.8603515637212573,0.8995532909653348,0.950444827378261,0.06918299693543528,0.052827447640394584,0.08677657096837522,proposed better (CI excludes 0),10,0.0
pKa_Basic,XGBoost,MAE,0.7009944031092025,0.6513641099865031,0.7517195442514111,0.40596801277140576,-0.2950263903377967,-0.3402795976439889,-0.2486674644121067,proposed better (CI excludes 0),10,0.0
pKa_Basic,XGBoost,RMSE,1.0116488523440268,0.9324340741416829,1.092661654291483,0.6535504454684238,-0.358098406875603,-0.4381276347006565,-0.27790986798212736,proposed better (CI excludes 0),10,2.340555645717801e-16
pKa_Basic,XGBoost,within_1_pKa_unit,0.7558282208588957,0.7263803680981595,0.7852760736196319,0.9067484662576687,0.15092024539877302,0.12147239263803677,0.18036809815950927,proposed better (CI excludes 0),10,0.0
pKa_Basic,SVM,R2,0.7227616876547976,0.691609619533994,0.7519890280110879,0.950444827378261,0.22768313972346332,0.19939393361103244,0.2571992564626806,proposed better (CI excludes 0),1,
pKa_Basic,SVM,MAE,1.0674924527746983,0.9910504183484334,1.1463658946797817,0.40596801277140576,-0.6615244400032925,-0.7352437217324862,-0.5891318470817276,proposed better (CI excludes 0),1,
pKa_Basic,SVM,RMSE,1.545828256510554,1.433468584414908,1.6581888223693033,0.6535504454684238,-0.8922778110421303,-1.0055506981291404,-0.7800799272892825,proposed better (CI excludes 0),1,
pKa_Basic,SVM,within_1_pKa_unit,0.6343558282208589,0.6012269938650306,0.6674846625766871,0.9067484662576687,0.2723926380368098,0.23558282208588954,0.3079754601226994,proposed better (CI excludes 0),1,
CL,Random Forest,R2,0.48380746627856475,0.3547604235875,0.5878116134175297,0.4966715811605079,0.012864114881943167,-0.06553406775216145,0.09021618993325133,CI includes 0,10,0.010511397664117284
CL,Random Forest,MAE,0.3031634470417514,0.2623146830230465,0.34610684470284636,0.3050231121137182,0.0018596650719667762,-0.02409599107173555,0.028115289987183347,CI includes 0,10,0.005062205024166951
CL,Random Forest,RMSE,0.41751198563518455,0.3577240566083899,0.4761734092669312,0.4122767218884032,-0.005235263746781349,-0.0370515654504384,0.025338878558707062,CI includes 0,10,0.00420450427508639
CL,Random Forest,GMFE,2.0098490784406478,1.829425310250161,2.2187422058506376,2.0184737791707157,0.008624700730067936,-0.11241729087161752,0.13142232920930452,CI includes 0,10,0.02360120349660629
CL,Random Forest,within_2fold,0.6384180790960452,0.5649717514124294,0.7062146892655368,0.6045197740112994,-0.03389830508474578,-0.10734463276836159,0.03389830508474578,CI includes 0,10,0.020707068937707664
CL,XGBoost,R2,0.37434360214445994,0.2048362071670989,0.5004455693047108,0.4966715811605079,0.12232797901604797,0.03130412171782509,0.23341511301827586,proposed better (CI excludes 0),10,0.0
CL,XGBoost,MAE,0.35527117969830513,0.3136520201623729,0.3996662752022599,0.3050231121137182,-0.05024806758458694,-0.08077676363409335,-0.0201386179270495,proposed better (CI excludes 0),10,5.851389114294502e-17
CL,XGBoost,RMSE,0.45965398869758844,0.40814210486223057,0.5115026053829289,0.4122767218884032,-0.04737726680918525,-0.08332834764866076,-0.012217046657033135,proposed better (CI excludes 0),10,5.851389114294502e-17
CL,XGBoost,GMFE,2.2660588255296523,2.0589794882781765,2.5099569660674783,2.0184737791707157,-0.24758504635893663,-0.407724360735445,-0.0983132812036216,proposed better (CI excludes 0),10,0.0
CL,XGBoost,within_2fold,0.4971751412429379,0.423728813559322,0.5706214689265536,0.6045197740112994,0.10734463276836154,0.02824858757062154,0.18644067796610164,proposed better (CI excludes 0),10,0.0
CL,SVM,R2,0.4851830593428489,0.36346684037968063,0.5809779484627497,0.4966715811605079,0.011488521817659025,-0.052281032629515514,0.074064790148987,CI includes 0,1,
CL,SVM,MAE,0.30996169254982814,0.2702261511041428,0.35260708038481015,0.3050231121137182,-0.004938580436109952,-0.02526752779150648,0.015089200536197162,CI includes 0,1,
CL,SVM,RMSE,0.41695530407430975,0.3610559172103066,0.4729207386601895,0.4122767218884032,-0.004678582185906555,-0.03115916800398334,0.0199533285362296,CI includes 0,1,
CL,SVM,GMFE,2.0415578587405774,1.863057039712882,2.2522006552971865,2.0184737791707157,-0.023084079569861693,-0.11957807905140656,0.07106791395479316,CI includes 0,1,
CL,SVM,within_2fold,0.6271186440677966,0.5536723163841808,0.6949152542372882,0.6045197740112994,-0.02259887005649719,-0.07909604519774005,0.03389830508474567,CI includes 0,1,
VDss,Random Forest,R2,0.6091009475138627,0.49429943972925017,0.6959789331781429,0.6478387678556332,0.038737820341770535,-0.04869882840208795,0.13481691081036093,CI includes 0,10,0.012294446197987825
VDss,Random Forest,MAE,0.2667880105109209,0.23533200031024523,0.29890678710435814,0.24656985773585624,-0.02021815277506464,-0.05076654295772892,0.009799418340979102,CI includes 0,10,0.005139352748433569
VDss,Random Forest,RMSE,0.34556806667371737,0.30655546980162546,0.3835796335740821,0.3279986579802883,-0.017569408693429045,-0.05849940023303616,0.021959083751775972,CI includes 0,10,0.005361883503487772
VDss,Random Forest,GMFE,1.8483661671553948,1.7192221597581785,1.99024612537454,1.7642895335901079,-0.08407663356528694,-0.21205414383177587,0.0407839883648017,CI includes 0,10,0.021992109375103444
VDss,Random Forest,within_2fold,0.6610169491525424,0.5932203389830508,0.7288135593220338,0.6836158192090396,0.02259887005649719,-0.062146892655367214,0.10169491525423735,CI includes 0,10,0.014599659091008873
VDss,XGBoost,R2,0.48545803176845326,0.32705512320228064,0.6029159471608642,0.6478387678556332,0.16238073608717996,0.04316594342558102,0.2973000339332837,proposed better (CI excludes 0),10,5.851389114294502e-17
VDss,XGBoost,MAE,0.3065646283803334,0.27049196004383047,0.3427792255541835,0.24656985773585624,-0.05999477064447714,-0.09690085884616478,-0.022855277299032948,proposed better (CI excludes 0),10,0.0
VDss,XGBoost,RMSE,0.39647124642987347,0.3528194696885135,0.43847479898863323,0.3279986579802883,-0.06847258844958515,-0.11628083091022115,-0.01946855232171871,proposed better (CI excludes 0),10,5.851389114294502e-17
VDss,XGBoost,GMFE,2.0256510262766034,1.8641976683287995,2.2018068857582223,1.7642895335901079,-0.26136149268649556,-0.4286633617874085,-0.09892102415063239,proposed better (CI excludes 0),10,0.0
VDss,XGBoost,within_2fold,0.5875706214689266,0.5141242937853108,0.6610169491525424,0.6836158192090396,0.096045197740113,0.016949152542372836,0.17514124293785316,proposed better (CI excludes 0),10,0.0
VDss,SVM,R2,0.5419673102712949,0.419909619214685,0.6414038769611802,0.6478387678556332,0.10587145758433836,0.03609582914769917,0.18468106692028108,proposed better (CI excludes 0),1,
VDss,SVM,MAE,0.2831509471475384,0.24851375546529778,0.32063704828501116,0.24656985773585624,-0.03658108941168217,-0.0593698198615629,-0.013894249415355334,proposed better (CI excludes 0),1,
VDss,SVM,RMSE,0.3740671163578814,0.327405317300834,0.42174656803507043,0.3279986579802883,-0.0460684583775931,-0.07656720123174947,-0.015591546564619179,proposed better (CI excludes 0),1,
VDss,SVM,GMFE,1.919335725682469,1.772204175595804,2.092363085263082,1.7642895335901079,-0.15504619209236115,-0.2577980149327848,-0.057777366118234905,proposed better (CI excludes 0),1,
VDss,SVM,within_2fold,0.6101694915254238,0.536723163841808,0.6836158192090396,0.6836158192090396,0.07344632768361581,0.005649717514124353,0.13559322033898313,proposed better (CI excludes 0),1,
Fu,Random Forest,R2,0.6296646423483298,0.5834583705689236,0.6716403421755339,0.7121115385936937,0.08244689624536394,0.05039570038003979,0.11529531990298683,proposed better (CI excludes 0),10,0.003216369823287858
Fu,Random Forest,MAE,0.378527824935443,0.3547489795659182,0.4037814259008948,0.31932398566460674,-0.05920383927083628,-0.07632192016126194,-0.042105931917212173,proposed better (CI excludes 0),10,0.00175930755461744
Fu,Random Forest,RMSE,0.4935733277396608,0.4602573974329477,0.527501794312395,0.4351772896775049,-0.058396038062155875,-0.08110835812683138,-0.03532377867005602,proposed better (CI excludes 0),10,0.0021338830294776764
Fu,Random Forest,GMFE,2.390715101836946,2.263335730659408,2.5338530582893832,2.0860465029824535,-0.3046685988544926,-0.39784140190846823,-0.2151543882723865,proposed better (CI excludes 0),10,0.009728817092619012
Fu,Random Forest,within_2fold,0.4881516587677725,0.4486571879936809,0.5276461295418642,0.6129541864139021,0.12480252764612959,0.08372827804107419,0.16429699842022122,proposed better (CI excludes 0),10,0.008724613757651864
Fu,XGBoost,R2,0.6425475073714924,0.5928535568659868,0.6869713334630517,0.7121115385936937,0.06956403122220134,0.037077047602016126,0.10378639350739678,proposed better (CI excludes 0),10,0.0
Fu,XGBoost,MAE,0.3647389909194313,0.3406245481944313,0.3905278449859005,0.31932398566460674,-0.04541500525482456,-0.06297640928214923,-0.028039625794299305,proposed better (CI excludes 0),10,0.0
Fu,XGBoost,RMSE,0.4849123651223548,0.4504211831101733,0.5199616248691928,0.4351772896775049,-0.0497350754448499,-0.07292955530573544,-0.026832364768073217,proposed better (CI excludes 0),10,1.1702778228589004e-16
Fu,XGBoost,GMFE,2.3160023243712464,2.1909100533364323,2.4576942023730775,2.0860465029824535,-0.2299558213887929,-0.32240949665048463,-0.13992146094184832,proposed better (CI excludes 0),10,0.0
Fu,XGBoost,within_2fold,0.5308056872037915,0.4928909952606635,0.5687203791469194,0.6129541864139021,0.08214849921011058,0.041074249605055346,0.12164296998420226,proposed better (CI excludes 0),10,0.0
Fu,SVM,R2,0.6633955008989407,0.6224681192527967,0.7013935941904216,0.7121115385936937,0.04871603769475297,0.027521915773278373,0.06982828677865938,proposed better (CI excludes 0),1,
Fu,SVM,MAE,0.3586426838998811,0.3355455604324136,0.383268692085076,0.31932398566460674,-0.03931869823527434,-0.051863962272491695,-0.02648510607443741,proposed better (CI excludes 0),1,
Fu,SVM,RMSE,0.47055896502824796,0.4383372399009165,0.5033786293870806,0.4351772896775049,-0.03538167535074305,-0.051240342629267,-0.0196384551922856,proposed better (CI excludes 0),1,
Fu,SVM,GMFE,2.283719098671714,2.1654370364068694,2.4169557096503853,2.0860465029824535,-0.19767259568926043,-0.2631049685162286,-0.13282490938914682,proposed better (CI excludes 0),1,
Fu,SVM,within_2fold,0.5339652448657188,0.49447077409162715,0.5718799368088467,0.6129541864139021,0.07898894154818326,0.04581358609794639,0.11216429699842012,proposed better (CI excludes 0),1,
