endpoint,arm,metric,value,value_ci_lo,value_ci_hi,ours,diff_ours_minus_jia,diff_ci_lo,diff_ci_hi,verdict,n_test,seed_mean,seed_sd
AUC,Jia et al. QSAR,R2,0.43257094615058633,0.2339370843020967,0.5952434643035263,0.4106998950237015,-0.02187105112688481,-0.10894428467763519,0.058297335592404624,CI includes 0,106,,
AUC,Jia et al. QSAR,MAE,0.2943296530496101,0.24552769476028968,0.34978668464688917,0.290786320879787,-0.00354333216982311,-0.026935751116409612,0.019986020156629078,CI includes 0,106,,
AUC,Jia et al. QSAR,RMSE,0.4018644543403839,0.31888415538174486,0.4899399787675259,0.40953598518662515,0.007671530846241226,-0.019400794516249004,0.03655448101908621,CI includes 0,106,,
AUC,Jia et al. QSAR,GMFE,1.9693805891113927,1.7600608986189847,2.2376218007975193,1.9533781292175505,-0.01600245989384219,-0.12130702591711527,0.09265044310653253,CI includes 0,106,,
AUC,Jia et al. QSAR,within_2fold,0.6415094339622641,0.5471698113207547,0.7264150943396226,0.6132075471698113,-0.028301886792452824,-0.10377358490566035,0.047169811320754707,CI includes 0,106,,
AUC,Jia et al. QSAR,within_3fold,0.8584905660377359,0.7924528301886793,0.9245283018867925,0.8301886792452831,-0.028301886792452824,-0.07547169811320753,0.018867924528301883,CI includes 0,106,,
AUC,Jia et al. QSAR,within_5fold,0.9056603773584906,0.8490566037735849,0.9528301886792453,0.9245283018867925,0.018867924528301883,0.0,0.047169811320754707,CI includes 0,106,,
AUC,Jia et al. QSAR,median_FE,1.6472068618421052,1.5274984757553516,1.8604658118606021,1.578651690490948,-0.06855517135115718,-0.24857070951807603,0.14789232912250827,CI includes 0,106,,
AUC,Jia et al. QSAR,mean_FE,2.7939993320906464,2.034368625187413,3.8772721092635316,2.7675912748572644,-0.02640805723338202,-0.3898518058335373,0.2625007171058968,CI includes 0,106,,
AUC,This work (10-seed),R2,0.4106998950237015,0.22267686632796677,0.5693513569609101,0.4106998950237015,-0.02187105112688481,-0.10894428467763519,0.058297335592404624,CI includes 0,106,0.34736420694991704,0.03565856198857141
AUC,This work (10-seed),MAE,0.290786320879787,0.23867061278964724,0.3489370568934374,0.290786320879787,-0.00354333216982311,-0.026935751116409612,0.019986020156629078,CI includes 0,106,0.3127741086002996,0.010113243462073984
AUC,This work (10-seed),RMSE,0.40953598518662515,0.32882305901780934,0.49092937768478667,0.40953598518662515,0.007671530846241226,-0.019400794516249004,0.03655448101908621,CI includes 0,106,0.4308374392412363,0.011770443095541342
AUC,This work (10-seed),GMFE,1.9533781292175505,1.7324895065068224,2.2332485305809064,1.9533781292175505,-0.01600245989384219,-0.12130702591711527,0.09265044310653253,CI includes 0,106,2.055320776927144,0.04754712486787064
AUC,This work (10-seed),within_2fold,0.6132075471698113,0.5188679245283019,0.7075471698113207,0.6132075471698113,-0.028301886792452824,-0.10377358490566035,0.047169811320754707,CI includes 0,106,0.5962264150943396,0.02546975689473784
AUC,This work (10-seed),within_3fold,0.8301886792452831,0.7547169811320755,0.8962264150943396,0.8301886792452831,-0.028301886792452824,-0.07547169811320753,0.018867924528301883,CI includes 0,106,0.7877358490566039,0.021899981567899553
AUC,This work (10-seed),within_5fold,0.9245283018867925,0.8679245283018868,0.9716981132075472,0.9245283018867925,0.018867924528301883,0.0,0.047169811320754707,CI includes 0,106,0.9018867924528303,0.01348906326385359
AUC,This work (10-seed),median_FE,1.578651690490948,1.456570867767182,1.917009003531527,1.578651690490948,-0.06855517135115718,-0.24857070951807603,0.14789232912250827,CI includes 0,106,1.70194422368009,0.03243019233100133
AUC,This work (10-seed),mean_FE,2.7675912748572644,2.0865671187550383,3.657583961107037,2.7675912748572644,-0.02640805723338202,-0.3898518058335373,0.2625007171058968,CI includes 0,106,2.9594104230543894,0.14540385401417957
Cmax,Jia et al. QSAR,R2,0.5721893609472799,0.4154682767353443,0.686185756339782,0.6151655928787516,0.04297623193147171,-0.04263230522255435,0.12176203709606655,CI includes 0,106,,
Cmax,Jia et al. QSAR,MAE,0.2722591540169561,0.22910079570566017,0.3179492498110089,0.24906454681701923,-0.02319460719993688,-0.053654703308720283,0.008112863270636466,CI includes 0,106,,
Cmax,Jia et al. QSAR,RMSE,0.3602675920985043,0.3049845416542974,0.41505972896099397,0.3416932139086445,-0.018574378189859797,-0.053435170683596454,0.01689001844774678,CI includes 0,106,,
Cmax,Jia et al. QSAR,GMFE,1.8717987547472683,1.6947310861321079,2.0794536749629953,1.7744531885795052,-0.09734556616776313,-0.22848916892366508,0.03436443133467277,CI includes 0,106,,
Cmax,Jia et al. QSAR,within_2fold,0.6320754716981132,0.5377358490566038,0.7169811320754716,0.6886792452830188,0.05660377358490565,-0.037735849056603765,0.15094339622641506,CI includes 0,106,,
Cmax,Jia et al. QSAR,within_3fold,0.8018867924528302,0.7264150943396226,0.8773584905660378,0.839622641509434,0.037735849056603765,-0.028301886792452824,0.10377358490566035,CI includes 0,106,,
Cmax,Jia et al. QSAR,within_5fold,0.9433962264150944,0.8962264150943396,0.9811320754716981,0.9528301886792453,0.009433962264150941,-0.018867924528301883,0.047169811320754707,CI includes 0,106,,
Cmax,Jia et al. QSAR,median_FE,1.596737532933202,1.4290892304103686,1.8632571404389402,1.4522312561579642,-0.14450627677523786,-0.40059947285627584,0.00923442987049158,CI includes 0,106,,
Cmax,Jia et al. QSAR,mean_FE,2.248036136174098,1.9303473477866164,2.632372735934848,2.1656795909607327,-0.08235654521336544,-0.2852791640749399,0.1444426994748269,CI includes 0,106,,
Cmax,This work (10-seed),R2,0.6151655928787516,0.44149584750159504,0.7414511633429283,0.6151655928787516,0.04297623193147171,-0.04263230522255435,0.12176203709606655,CI includes 0,106,0.573683824526678,0.02964841468193213
Cmax,This work (10-seed),MAE,0.24906454681701923,0.20573877986725042,0.29585206809745723,0.24906454681701923,-0.02319460719993688,-0.053654703308720283,0.008112863270636466,CI includes 0,106,0.26307757756724065,0.009468720981171503
Cmax,This work (10-seed),RMSE,0.3416932139086445,0.27819687204570387,0.4038642111552323,0.3416932139086445,-0.018574378189859797,-0.053435170683596454,0.01689001844774678,CI includes 0,106,0.3594446851937889,0.01242101506197152
Cmax,This work (10-seed),GMFE,1.7744531885795052,1.6059749980645988,1.976296347939567,1.7744531885795052,-0.09734556616776313,-0.22848916892366508,0.03436443133467277,CI includes 0,106,1.8330344417521445,0.040063408263252685
Cmax,This work (10-seed),within_2fold,0.6886792452830188,0.5943396226415094,0.7735849056603774,0.6886792452830188,0.05660377358490565,-0.037735849056603765,0.15094339622641506,CI includes 0,106,0.6792452830188679,0.025931481922123644
Cmax,This work (10-seed),within_3fold,0.839622641509434,0.7641509433962265,0.9056603773584906,0.839622641509434,0.037735849056603765,-0.028301886792452824,0.10377358490566035,CI includes 0,106,0.8320754716981131,0.016520661052281376
Cmax,This work (10-seed),within_5fold,0.9528301886792453,0.9056603773584906,0.9905660377358491,0.9528301886792453,0.009433962264150941,-0.018867924528301883,0.047169811320754707,CI includes 0,106,0.9386792452830189,0.02001245607131738
Cmax,This work (10-seed),median_FE,1.4522312561579642,1.3348443389533444,1.568970754785258,1.4522312561579642,-0.14450627677523786,-0.40059947285627584,0.00923442987049158,CI includes 0,106,1.530814711549367,0.062064109223174464
Cmax,This work (10-seed),mean_FE,2.1656795909607327,1.8182437278274934,2.588328561465797,2.1656795909607327,-0.08235654521336544,-0.2852791640749399,0.1444426994748269,CI includes 0,106,2.285855570300032,0.07979175216858049
