target,metric,n_test,ensemble,ci_lo,ci_hi,seed_mean,seed_sd
pKa_Acidic,R2,776,0.9688766124272525,0.9555607403858075,0.9791600954671017,0.96349449083623,0.0022017190867476086
pKa_Acidic,MAE,776,0.42408708856936556,0.38252822014061566,0.4706232746141754,0.4835277286805876,0.019701353539955942
pKa_Acidic,RMSE,776,0.7571448603514502,0.621780397030769,0.8991807274672348,0.8196705362263355,0.024562879730449974
pKa_Acidic,within_1_pKa_unit,776,0.9097938144329897,0.8891752577319587,0.9291237113402062,0.8873711340206185,0.010437348830575576
pKa_Basic,R2,815,0.950444827378261,0.9361661083509422,0.961609263092166,0.9398873578114054,0.0022217521028411475
pKa_Basic,MAE,815,0.40596801277140576,0.37174864852420697,0.4415191109729441,0.4605131986876013,0.016035674583056447
pKa_Basic,RMSE,815,0.6535504454684238,0.5721951364947522,0.7425974396934095,0.7196997982305697,0.013241529945114613
pKa_Basic,within_1_pKa_unit,815,0.9067484662576687,0.8858895705521472,0.9263803680981595,0.8887116564417179,0.013152321173851898
CL,R2,177,0.4966715811605079,0.3657276327189346,0.6021344713330722,0.4405686102273223,0.019876652358715344
CL,MAE,177,0.3050231121137182,0.26504874372340875,0.34683910480087676,0.3240421764516048,0.007376199456259058
CL,RMSE,177,0.4122767218884032,0.35670812230473226,0.46818293271544636,0.43458515110807416,0.0077173724385520585
CL,GMFE,177,2.0184737791707157,1.840978615001757,2.222486365248146,2.1091069417950528,0.035869186143124586
CL,within_2fold,177,0.6045197740112994,0.5310734463276836,0.6779661016949152,0.5785310734463277,0.017905633633152118
VDss,R2,177,0.6478387678556332,0.5470822299924033,0.7300579734463627,0.6088140211690785,0.02884769158859486
VDss,MAE,177,0.24656985773585624,0.2157270463189731,0.2795833090379166,0.25856452652117967,0.011589404638900675
VDss,RMSE,177,0.3279986579802883,0.28382415897496577,0.37088835519982793,0.34548573806829336,0.012673145421483682
VDss,GMFE,177,1.7642895335901079,1.6433385618339862,1.9036333692524527,1.8142776531177187,0.04844372855677058
VDss,within_2fold,177,0.6836158192090396,0.615677966101695,0.751412429378531,0.6700564971751412,0.02795833304692374
Fu,R2,633,0.7121115385936937,0.670639099903228,0.7494776141542587,0.6806772896931167,0.008548171766231263
Fu,MAE,633,0.31932398566460674,0.2965741574991435,0.3429550377207608,0.33700690505234865,0.005691304691897249
Fu,RMSE,633,0.4351772896775049,0.40310463992850487,0.46780138390507453,0.45828326153089716,0.006133360872941834
Fu,GMFE,633,2.0860465029824535,1.9795850143501834,2.2026984070411264,2.1729035459585617,0.028451895046933184
Fu,within_2fold,633,0.6129541864139021,0.5734597156398105,0.6492890995260664,0.5884676145339652,0.014730490500999855
