target,metric,ensemble,ci_lo,ci_hi,paper,delta,ensemble_better,paper_inside_ci,seed_mean,seed_mean_better
pKa_Acidic,R2,0.9688766124272525,0.9555607403858075,0.9791600954671017,0.94,0.02887661242725259,True,False,0.96349449083623,True
pKa_Acidic,MAE,0.42408708856936556,0.38252822014061566,0.4706232746141754,0.61,-0.18591291143063443,True,False,0.4835277286805876,True
pKa_Acidic,RMSE,0.7571448603514502,0.621780397030769,0.8991807274672348,1.05,-0.2928551396485498,True,False,0.8196705362263355,True
pKa_Basic,R2,0.950444827378261,0.9361661083509422,0.961609263092166,0.91,0.04044482737826094,True,False,0.9398873578114054,True
pKa_Basic,MAE,0.40596801277140576,0.37174864852420697,0.4415191109729441,0.67,-0.2640319872285943,True,False,0.4605131986876013,True
pKa_Basic,RMSE,0.6535504454684238,0.5721951364947522,0.7425974396934095,0.98,-0.3264495545315762,True,False,0.7196997982305697,True
CL,R2,0.4966715811605079,0.3657276327189346,0.6021344713330722,0.48,0.01667158116050793,True,True,0.4405686102273223,False
CL,MAE,0.3050231121137182,0.26504874372340875,0.34683910480087676,0.31,-0.004976887886281811,True,True,0.3240421764516048,False
CL,RMSE,0.4122767218884032,0.35670812230473226,0.46818293271544636,0.42,-0.0077232781115967875,True,True,0.43458515110807416,False
CL,GMFE,2.0184737791707157,1.840978615001757,2.222486365248146,2.0,0.018473779170715687,False,True,2.1091069417950528,False
CL,within_2fold,0.6045197740112994,0.5310734463276836,0.6779661016949152,0.64,-0.0354802259887006,False,True,0.5785310734463277,False
VDss,R2,0.6478387678556332,0.5470822299924033,0.7300579734463627,0.6,0.047838767855633235,True,True,0.6088140211690785,True
VDss,MAE,0.24656985773585624,0.2157270463189731,0.2795833090379166,0.28,-0.033430142264143786,True,False,0.25856452652117967,True
VDss,RMSE,0.3279986579802883,0.28382415897496577,0.37088835519982793,0.35,-0.022001342019711656,True,True,0.34548573806829336,True
VDss,GMFE,1.7642895335901079,1.6433385618339862,1.9036333692524527,1.88,-0.11571046640989202,True,True,1.8142776531177187,True
VDss,within_2fold,0.6836158192090396,0.615677966101695,0.751412429378531,0.62,0.06361581920903958,True,True,0.6700564971751412,True
Fu,R2,0.7121115385936937,0.670639099903228,0.7494776141542587,0.69,0.022111538593693747,True,True,0.6806772896931167,False
Fu,MAE,0.31932398566460674,0.2965741574991435,0.3429550377207608,0.3,0.019323985664606746,False,True,0.33700690505234865,False
Fu,RMSE,0.4351772896775049,0.40310463992850487,0.46780138390507453,0.41,0.025177289677504933,False,True,0.45828326153089716,False
Fu,GMFE,2.0860465029824535,1.9795850143501834,2.2026984070411264,2.01,0.07604650298245375,False,True,2.1729035459585617,False
Fu,within_2fold,0.6129541864139021,0.5734597156398105,0.6492890995260664,0.6,0.012954186413902113,True,True,0.5884676145339652,False
