target,metric,n_test,jia,jia_ci_lo,jia_ci_hi,ours,ours_ci_lo,ours_ci_hi,diff_ours_minus_jia,diff_ci_lo,diff_ci_hi,verdict,seed_mean,seed_sd
pKa_Acidic,R2,106,0.9628088121211904,0.9430623530319733,0.977773219639681,0.9815418788580664,0.9677741926423156,0.9908083143058339,0.018733066736876025,0.0006305240801185525,0.03862246181901988,ours better (CI excludes 0),0.9755460739032099,0.007501782807789421
pKa_Acidic,MAE,106,0.5142657142924528,0.40277878043136794,0.6361406538396227,0.3540433133412367,0.2770675714299964,0.44297051808938764,-0.16022240095121615,-0.2850895007082961,-0.038640462756357685,ours better (CI excludes 0),0.4106990126975134,0.0407550594369448
pKa_Acidic,RMSE,106,0.7981358205066592,0.6185769002392912,0.9637158838226307,0.5622772647885658,0.3975317602874972,0.7226993495028214,-0.23585855571809344,-0.45354263292909314,-0.008008610589998607,ours better (CI excludes 0),0.6406263792074898,0.0969039837051387
pKa_Acidic,within_1_pKa_unit,106,0.8584905660377359,0.7924528301886793,0.9245283018867925,0.9339622641509434,0.8773584905660378,0.9811320754716981,0.07547169811320753,0.0,0.15094339622641506,CI includes 0,0.9122641509433963,0.02312978056406703
pKa_Basic,R2,106,0.9016621198729903,0.8424204598014053,0.9456908945997177,0.9773681714980402,0.9666116022467722,0.9858469452760494,0.07570605162504995,0.03253804306556714,0.13339866035552247,ours better (CI excludes 0),0.9703157980442441,0.004482482755531273
pKa_Basic,MAE,106,0.6343350929339623,0.5023299682912736,0.7833709971332544,0.31393227266589474,0.252572207136525,0.38295793789328897,-0.32040282026806755,-0.4630000934407767,-0.1940831682594985,ours better (CI excludes 0),0.36552675436976034,0.029243214364763497
pKa_Basic,RMSE,106,0.9760562816716407,0.7185192105035255,1.2184321691988325,0.4682461999923835,0.3600291132520447,0.5728145072570484,-0.5078100816792572,-0.7520710076689296,-0.2639274497586631,ours better (CI excludes 0),0.5349078793180768,0.04014740163499631
pKa_Basic,within_1_pKa_unit,106,0.8490566037735849,0.7830188679245284,0.9150943396226415,0.9433962264150944,0.8962264150943396,0.9811320754716981,0.09433962264150941,0.028301886792452824,0.160377358490566,ours better (CI excludes 0),0.929245283018868,0.024051978837701812
CL,R2,106,0.432570946105138,0.23393708421937395,0.595243464266542,0.41069989497334847,0.22267686624058453,0.5693513570018789,-0.021871051131789554,-0.10894428468266583,0.058297335548867686,CI includes 0,0.3473642068918357,0.03565856199575876
CL,MAE,106,0.2943296530671038,0.24552769479020198,0.3497866846871928,0.2907863208821372,0.23867061278767154,0.3489370569106829,-0.0035433321849666077,-0.02693575113057067,0.019986020129644802,CI includes 0,0.3127741086041236,0.01011324347148269
CL,RMSE,106,0.4018644543319596,0.3188841553790044,0.48993997875266027,0.4095359851791356,0.32882305900829084,0.49092937765853656,0.007671530847175978,-0.019400794504116668,0.03655448102358246,CI includes 0,0.43083743923408624,0.01177044309679643
CL,GMFE,106,1.9693805891907208,1.7600608987402102,2.2376218010051763,1.9533781292281212,1.7324895064989407,2.233248530669587,-0.016002459962599636,-0.12130702591454719,0.092650442988377,CI includes 0,2.0553207769461714,0.0475471249125993
CL,within_2fold,106,0.6415094339622641,0.5471698113207547,0.7264150943396226,0.6132075471698113,0.5188679245283019,0.7075471698113207,-0.028301886792452824,-0.10377358490566035,0.047169811320754707,CI includes 0,0.5962264150943396,0.02546975689473784
VDss,R2,106,0.584284520692356,0.4455742736565678,0.6842872455927839,0.6407531811750795,0.4844715130766604,0.7481158537511401,0.056468660482723476,-0.029715642888252656,0.1400711050864915,CI includes 0,0.5986148282143815,0.036034846296638536
VDss,MAE,106,0.27625710843599777,0.23545870977020342,0.3184996340803876,0.24538083796220012,0.20504416134011588,0.28801994188940216,-0.03087627047379765,-0.0623608210230941,0.0010671587159472294,CI includes 0,0.2592356527586087,0.010506457954172438
VDss,RMSE,106,0.3532132004313738,0.30564051517696317,0.39835808163595765,0.3283486941546468,0.271592669442395,0.3834483264095802,-0.024864506276726983,-0.061832515562616625,0.012365024884629263,CI includes 0,0.3467668092960135,0.01533710736612721
VDss,GMFE,106,1.8891093974225401,1.7197238320092687,2.0820906516072424,1.7594658340416303,1.60340842556541,1.9409750010374223,-0.12964356338090988,-0.2633055963049127,0.004405266872037673,CI includes 0,1.816981071706508,0.04417483442110924
VDss,within_2fold,106,0.6037735849056604,0.5094339622641509,0.6981132075471698,0.6981132075471698,0.6132075471698113,0.7830188679245284,0.09433962264150941,0.0,0.18867924528301883,CI includes 0,0.6801886792452829,0.024134067741320615
Fu,R2,106,0.6627558310610067,0.5315798654196284,0.7541642215373267,0.694360022758411,0.5495517290199632,0.7954780465722878,0.03160419169740436,-0.02782882097735608,0.0871669358999868,CI includes 0,0.6615074808440088,0.033555640612084846
Fu,MAE,106,0.3041087524565814,0.25362262134891944,0.35844146523050396,0.2870834447854382,0.23828780032228417,0.33914072368827064,-0.01702530767114324,-0.049146136565616325,0.014635508451660968,CI includes 0,0.29936420002302183,0.011712728960881526
Fu,RMSE,106,0.40950335586683945,0.3447245423411551,0.4742055554173431,0.38984352006122647,0.3183018579978895,0.4578963866156315,-0.01965983580561298,-0.056239860345181386,0.015143123281780137,CI includes 0,0.4098335056291408,0.019726803926596936
Fu,GMFE,106,2.01422857328863,1.7931747775413827,2.282661244687816,1.9367940613282895,1.7309630626228685,2.183437296443612,-0.07743451196034057,-0.22744828197356437,0.06706620307955381,CI includes 0,1.9929967481906765,0.05389141305428083
Fu,within_2fold,106,0.6037735849056604,0.5094339622641509,0.6981132075471698,0.6698113207547169,0.5754716981132075,0.7547169811320755,0.06603773584905659,-0.009433962264150941,0.15094339622641506,CI includes 0,0.6499999999999999,0.024540393729719077
