target,variant,name,metric,higher_is_better,n_seeds,diff_mean,diff_sd,ci95_lo,ci95_hi,p_ttest,n_seeds_variant_better,n_nonzero_diffs,p_wilcoxon,final_seed_sd,diff_in_final_sd,ens_diff,ens_ci95_lo,ens_ci95_hi,ens_p_variant_better,ens_ci_flag,boot_B,p_holm,p_holm_ttest
CL,mfmn_base,MFMN (base),R2,True,10,-0.07614098972487679,0.0811832390625111,-0.13421598043731153,-0.018065999012442047,0.015808079781464254,2,10,0.009765625,0.019876652358715344,-3.8306747208108787,-0.028922780717456797,-0.07668565392547369,0.021948788299378085,0.1277,overlaps_zero,10000,0.01953125,0.03161615956292851
CL,mfmn_base,MFMN (base),MAE,False,10,0.023677811841009134,0.023235364379841094,0.0070562334691450165,0.04029939021287325,0.01044754963349377,1,10,0.009765625,0.007376199456259058,3.2100286850184587,0.008289201361537102,-0.006849757927942488,0.023651867438176925,0.1423,overlaps_zero,10000,0.01953125,0.02089509926698754
CL,mfmn_base,MFMN (base),RMSE,False,10,0.028007539555384764,0.0288709492152162,0.007354506652351517,0.04866057245841801,0.01340357447271976,2,10,0.009765625,0.0077173724385520585,3.629154842323454,0.011679889819921074,-0.0084422619253862,0.0316787150545165,0.1277,overlaps_zero,10000,0.01953125,0.02680714894543952
CL,mfmn_base,MFMN (base),GMFE,False,10,0.12042082530098046,0.12184460938711345,0.033258442520610776,0.20758320808135014,0.012213342297008817,1,10,0.009765625,0.035869186143124586,3.3572221243180547,0.03889579775538898,-0.032155047284433684,0.11311753564717544,0.1423,overlaps_zero,10000,0.01953125,0.024426684594017634
CL,mfmn_base,MFMN (base),within_2fold,True,10,-0.017514124293785304,0.03972250988557343,-0.04592989606291825,0.010901647475347647,0.1966905428867792,3,10,0.232421875,0.017905633633152118,-0.9781348514446349,-0.03389830508474578,-0.0847457627118644,0.016949152542372836,0.0698,overlaps_zero,10000,0.46484375,0.381524614855266
CL,mfmn_base,MFMN (base),within_3fold,True,10,-0.0344632768361582,0.03244969190412494,-0.05767638803639434,-0.011250165635922058,0.008409109725467684,1,10,0.005859375,0.01599090750685785,-2.155179549464488,-0.039548022598870025,-0.07909604519774016,0.0,0.0143,overlaps_zero,10000,0.01171875,0.016818219450935368
CL,mfmn_base,MFMN (base),within_5fold,True,10,-0.019774011299435033,0.02501945434197068,-0.03767185074658149,-0.001876171852288576,0.03390120472773108,2,9,0.0390625,0.010332102993857017,-1.9138418685132863,0.0,-0.02824858757062143,0.02824858757062143,0.4187,overlaps_zero,10000,0.078125,0.06780240945546216
CL,interactaux,MFMN_InteractAux,R2,True,10,-0.014799993638358854,0.038651942330827166,-0.04244992751389594,0.012849940237178227,0.25678924755292604,3,10,0.275390625,0.019876652358715344,-0.7445918644277884,-0.006972180358311042,-0.025983702901887736,0.012719821284518613,0.2411,overlaps_zero,10000,0.275390625,0.25678924755292604
CL,interactaux,MFMN_InteractAux,MAE,False,10,0.005273786555369947,0.013749317951110285,-0.004561882993343225,0.01510945610408312,0.2560252701367919,2,10,0.431640625,0.007376199456259058,0.7149734204780602,0.0037929092979524515,-0.003924154358774109,0.011800144381191554,0.1705,overlaps_zero,10000,0.431640625,0.2560252701367919
CL,interactaux,MFMN_InteractAux,RMSE,False,10,0.005583863464145161,0.014879464294580846,-0.005060264076127172,0.016227991004417495,0.2657184431934741,3,10,0.275390625,0.0077173724385520585,0.7235446401745529,0.0028456386727340743,-0.004819005301844064,0.011156576719905534,0.2411,overlaps_zero,10000,0.275390625,0.2657184431934741
CL,interactaux,MFMN_InteractAux,GMFE,False,10,0.02637911833334603,0.06682827184380763,-0.02142694744420668,0.07418518411089875,0.24343642468236285,2,10,0.431640625,0.035869186143124586,0.7354256165191076,0.017705536582063974,-0.01810591648126105,0.0554302660719038,0.1705,overlaps_zero,10000,0.431640625,0.24343642468236285
CL,interactaux,MFMN_InteractAux,within_2fold,True,10,0.012429378531073431,0.027780171622728122,-0.007443359088295418,0.03230211615044228,0.190762307427633,5,8,0.25,0.017905633633152118,0.6941602171542564,0.0,-0.02824858757062154,0.03389830508474567,0.4223,overlaps_zero,10000,0.46484375,0.381524614855266
CL,interactaux,MFMN_InteractAux,within_3fold,True,10,-0.01807909604519774,0.030575824847611923,-0.039951723505686376,0.0037935314152908912,0.09432649148692318,3,10,0.10546875,0.01599090750685785,-1.1305859931616984,-0.016949152542372836,-0.039548022598870025,0.0,0.0,overlaps_zero,10000,0.10546875,0.09432649148692318
CL,interactaux,MFMN_InteractAux,within_5fold,True,10,0.0011299435028248705,0.015253074750520951,-0.009781448857247065,0.012041335862896805,0.8200248989009391,5,8,0.7421875,0.010332102993857017,0.10936239248647461,0.005649717514124242,-0.011299435028248594,0.02259887005649719,0.6093,overlaps_zero,10000,0.7421875,0.8200248989009391
VDss,mfmn_base,MFMN (base),R2,True,10,-0.08033607628919573,0.04387685139490644,-0.11172368494679064,-0.048948467631600816,0.00026276287207400756,0,10,0.001953125,0.02884769158859486,-2.784835522886593,-0.07658588283875767,-0.12214082776255943,-0.03670260432931614,0.0001,excludes_zero,10000,0.00390625,0.0005255257441480151
VDss,mfmn_base,MFMN (base),MAE,False,10,0.02798258326519909,0.017215286386046882,0.01566750926067769,0.04029765726972049,0.0006111950910595581,1,10,0.00390625,0.011589404638900675,2.4144970459719324,0.025843150844182594,0.011349367293127712,0.040782809810878555,0.0001,excludes_zero,10000,0.0078125,0.0012223901821191163
VDss,mfmn_base,MFMN (base),RMSE,False,10,0.033886756603021914,0.01859455185191795,0.020585015522322798,0.047188497683721034,0.00027183149925016497,0,10,0.001953125,0.012673145421483682,2.673902608706489,0.03391243904422864,0.016375978098585108,0.051575426132880846,0.0001,excludes_zero,10000,0.00390625,0.0005436629985003299
VDss,mfmn_base,MFMN (base),GMFE,False,10,0.12050912500579022,0.07369001279497808,0.06779446545183601,0.17322378455974444,0.0005860334526779753,1,10,0.00390625,0.04844372855677058,2.487610441970154,0.10817244808917348,0.04671313624430645,0.17506114108133305,0.0001,excludes_zero,10000,0.0078125,0.0011720669053559506
VDss,mfmn_base,MFMN (base),within_2fold,True,10,-0.03841807909604521,0.034806825015888256,-0.06331738174607336,-0.013518776446017056,0.006826194024425199,1,9,0.0078125,0.02795833304692374,-1.3741190875567009,-0.02824858757062154,-0.07909604519774016,0.02259887005649719,0.1103,overlaps_zero,10000,0.015625,0.013652388048850397
VDss,mfmn_base,MFMN (base),within_3fold,True,10,-0.05197740112994349,0.0263384312422555,-0.07081877981152447,-0.033136022448362515,0.0001513286803967479,1,10,0.00390625,0.017505009474383798,-2.969287232092354,-0.062146892655367214,-0.10169491525423724,-0.02824858757062143,0.0,excludes_zero,10000,0.0078125,0.0003026573607934958
VDss,mfmn_base,MFMN (base),within_5fold,True,10,-0.016384180790960445,0.021381193189431217,-0.031679364996913005,-0.0010889965850078825,0.03840729034048659,2,10,0.048828125,0.01603520373439399,-1.0217631819555826,-0.005649717514124242,-0.016949152542372947,0.0,0.0,overlaps_zero,10000,0.09765625,0.07681458068097317
VDss,dyngate,MFMN_DynGate,R2,True,10,0.00018370992519588513,0.035198612570918095,-0.02499586065799622,0.025363280508387993,0.9871918630895005,5,10,0.921875,0.02884769158859486,0.006368271257743069,-0.0012928177254152295,-0.015237085178317563,0.012431904918582155,0.4247,overlaps_zero,10000,0.921875,0.9871918630895005
VDss,dyngate,MFMN_DynGate,MAE,False,10,0.0017769544310721253,0.011600829308245153,-0.006521778929567934,0.010075687791712183,0.6396850673392731,4,10,0.4921875,0.011589404638900675,0.15332577353522106,0.0016659898873759016,-0.0035493780738730073,0.006890925386232056,0.265,overlaps_zero,10000,0.4921875,0.6396850673392731
VDss,dyngate,MFMN_DynGate,RMSE,False,10,0.00010492181941542112,0.01548829416781436,-0.01097473637523575,0.011184580014066593,0.9833763604996879,5,10,0.921875,0.012673145421483682,0.008279066950305508,0.0006015057562014925,-0.005703871752614533,0.006914705637343984,0.4247,overlaps_zero,10000,0.921875,0.9833763604996879
VDss,dyngate,MFMN_DynGate,GMFE,False,10,0.006927861643468103,0.048525921662852495,-0.027785491536644908,0.041641214823581116,0.6623357530340138,4,10,0.4921875,0.04844372855677058,0.14300843163526175,0.006780959781746532,-0.014579093883246857,0.02816258807596016,0.265,overlaps_zero,10000,0.4921875,0.6623357530340138
VDss,dyngate,MFMN_DynGate,within_2fold,True,10,0.00960451977401131,0.03262409526650129,-0.013733352075925262,0.03294239162394788,0.37616462769850356,6,10,0.556640625,0.02795833304692374,0.34352977188917555,0.011299435028248594,-0.016949152542372836,0.039548022598870025,0.7314,overlaps_zero,10000,0.556640625,0.37616462769850356
VDss,dyngate,MFMN_DynGate,within_3fold,True,10,0.005084745762711862,0.02298014834016061,-0.011354262052652336,0.02152375357807606,0.5017933109923683,4,8,0.7421875,0.017505009474383798,0.2904737509655563,0.011299435028248594,-0.016949152542372836,0.039548022598870025,0.7351,overlaps_zero,10000,0.7421875,0.5017933109923683
VDss,dyngate,MFMN_DynGate,within_5fold,True,10,0.002259887005649719,0.018681125073653115,-0.011103784827089777,0.015623558838389215,0.7109339112535817,3,7,0.9375,0.01603520373439399,0.1409328526835288,0.0,0.0,0.0,0.0,overlaps_zero,10000,0.9375,0.7109339112535817
Fu,dyngate_unweighted,MFMN_DynGate (unweighted),R2,True,10,-0.000862049980748325,0.011466700270504827,-0.00906483320794964,0.00734073324645299,0.8174101043778865,5,10,0.921875,0.008548171766231263,-0.10084612292815304,-0.00079970591603018,-0.005927547187347318,0.004366148125351111,0.3802,overlaps_zero,10000,0.921875,0.8174101043778865
Fu,dyngate_unweighted,MFMN_DynGate (unweighted),MAE,False,10,3.13388718792662e-05,0.009693134697688899,-0.006902711974616358,0.006965389718374891,0.9920656473727326,4,10,0.921875,0.005691304691897249,0.005506447743675291,0.0010919722844155988,-0.0021537901621113326,0.004327397372485309,0.2595,overlaps_zero,10000,0.921875,0.9920656473727326
Fu,dyngate_unweighted,MFMN_DynGate (unweighted),RMSE,False,10,0.0006122921170145567,0.00822596611387738,-0.005272209550828297,0.00649679378485741,0.8191814341232039,5,10,0.921875,0.006133360872941834,0.09982978821868572,0.0006040056371588443,-0.0032266978437184997,0.004490390453342088,0.3802,overlaps_zero,10000,0.921875,0.8191814341232039
Fu,dyngate_unweighted,MFMN_DynGate (unweighted),GMFE,False,10,0.00022970270859308252,0.0484434230161137,-0.034424634494842093,0.034884039912028264,0.988363724228235,4,10,0.921875,0.028451895046933184,0.008073371148535924,0.005251669541068704,-0.010320662210186793,0.02093846690878267,0.2595,overlaps_zero,10000,0.921875,0.988363724228235
Fu,dyngate_unweighted,MFMN_DynGate (unweighted),within_2fold,True,10,-0.0012638230647709415,0.019966137945376723,-0.015546737729559116,0.013019091600017234,0.8457999747302171,5,10,0.845703125,0.014730490500999855,-0.08579640064838015,-0.011058451816745696,-0.03001579778830965,0.006319115323854654,0.1026,overlaps_zero,10000,0.845703125,0.8457999747302171
Fu,dyngate_unweighted,MFMN_DynGate (unweighted),within_3fold,True,10,-0.006161137440758313,0.009374241871235011,-0.012867066101585646,0.0005447912200690188,0.06744214147682838,2,10,0.083984375,0.007104127205493457,-0.8672617004934889,0.006319115323854652,-0.007898894154818259,0.020537124802527673,0.7818,overlaps_zero,10000,0.083984375,0.06744214147682838
Fu,dyngate_unweighted,MFMN_DynGate (unweighted),within_5fold,True,10,0.0017377567140600236,0.008570694486939964,-0.0043933487761371815,0.007868862204257228,0.537395705071501,6,10,0.4921875,0.008286103533552806,0.20971940635587633,0.006319115323854652,-0.0015797788309637184,0.01579778830963663,0.8998,overlaps_zero,10000,0.4921875,0.537395705071501
Fu,mfmn_base_untuned,MFMN base (untuned),R2,True,10,-0.05000094046794923,0.010246379852410678,-0.05733075905656989,-0.04267112187932857,8.816054425866616e-08,0,10,0.001953125,0.008548171766231263,-5.849313962720447,-0.039294756884849735,-0.06560380870199908,-0.012934528032103642,0.0012,excludes_zero,10000,0.00390625,1.7632108851733232e-07
Fu,mfmn_base_untuned,MFMN base (untuned),MAE,False,10,0.024354826476311903,0.00838587548944006,0.018355932532330827,0.030353720420292978,7.232485268752527e-06,0,10,0.001953125,0.005691304691897249,4.2793046225386675,0.021448101665679398,0.006723225858507578,0.03608115789828904,0.0016,excludes_zero,10000,0.00390625,1.4464970537505054e-05
Fu,mfmn_base_untuned,MFMN base (untuned),RMSE,False,10,0.03461053422901941,0.007247208629469228,0.029426193486918405,0.03979487497112042,1.0635393522187065e-07,0,10,0.001953125,0.006133360872941834,5.642996547245173,0.028749662254673458,0.009481103283835855,0.04760134102949251,0.0012,excludes_zero,10000,0.00390625,2.127078704437413e-07
Fu,mfmn_base_untuned,MFMN base (untuned),GMFE,False,10,0.12526826136573455,0.042961767520950066,0.09453526427691672,0.15600125845455237,7.000720468643449e-06,0,10,0.001953125,0.028451895046933184,4.402809062774086,0.10560797585859216,0.03261111251739599,0.17927137697271697,0.0016,excludes_zero,10000,0.00390625,1.4001440937286899e-05
Fu,mfmn_base_untuned,MFMN base (untuned),within_2fold,True,10,-0.042654028436018974,0.022291743537142403,-0.058600581121440724,-0.026707475750597225,0.00019029020697496857,0,10,0.001953125,0.014730490500999855,-2.8956285218828093,-0.0363349131121643,-0.07109004739336489,-0.0015797788309636074,0.0193,excludes_zero,10000,0.00390625,0.00038058041394993715
Fu,mfmn_base_untuned,MFMN base (untuned),within_3fold,True,10,-0.025592417061611382,0.01204966170402407,-0.034212225776195246,-0.016972608347027518,8.690028329161198e-05,1,10,0.00390625,0.007104127205493457,-3.6024716789729436,-0.012638230647709303,-0.0411137440758294,0.01579778830963674,0.1827,overlaps_zero,10000,0.0078125,0.00017380056658322396
Fu,mfmn_base_untuned,MFMN base (untuned),within_5fold,True,10,-0.012954186413902035,0.012633841611061005,-0.021991892259314076,-0.003916480568489996,0.010118721450408543,1,10,0.005859375,0.008286103533552806,-1.563362847380174,-0.014218009478673022,-0.033175355450236976,0.004739336492891044,0.0611,overlaps_zero,10000,0.01171875,0.020237442900817085
pKa_Acidic,no_xtb,"GraphMPNN, no xTB features",R2,True,10,-0.00022762150619384247,0.0011720533406574998,-0.001066057957599173,0.000610814945211488,0.5543289108425264,4,10,0.556640625,0.0022017190867476086,-0.10338353678447063,-0.0001464308524128377,-0.0012790297602981947,0.0009988346307778892,0.3968,overlaps_zero,10000,0.75,0.9197647231910211
pKa_Acidic,no_xtb,"GraphMPNN, no xTB features",MAE,False,10,0.004322995366263493,0.009250469071159314,-0.0022943915672583616,0.010940382299785348,0.17357553272565568,4,10,0.275390625,0.019701353539955942,0.21942631289246742,0.0015170718041474518,-0.007836049852139827,0.010836656932762137,0.3749,overlaps_zero,10000,0.826171875,0.5207265981769671
pKa_Acidic,no_xtb,"GraphMPNN, no xTB features",RMSE,False,10,0.0026487733041301144,0.013334652820910033,-0.006890262680029084,0.012187809288289313,0.5455135498207034,4,10,0.4921875,0.024562879730449974,0.10783643177011114,0.0017790362150233996,-0.01163728091391994,0.016102203563221434,0.3968,overlaps_zero,10000,0.75,0.9056112568814808
pKa_Acidic,no_xtb,"GraphMPNN, no xTB features",within_1_pKa_unit,True,10,-0.001675257731958779,0.010434696728174599,-0.009139790098167977,0.00578927463425042,0.6238757145510216,5,10,0.625,0.010437348830575576,-0.16050605945555962,0.002577319587628857,-0.009020618556700999,0.014175257731958713,0.6257,overlaps_zero,10000,1.0,1.0
pKa_Acidic,no_xtb,"GraphMPNN, no xTB features",within_2_pKa_unit,True,10,0.0011597938144329856,0.005809300965224782,-0.00299592974990261,0.005315517378768581,0.5435235835842477,4,9,0.8203125,0.005516039301543626,0.21025843925884014,-0.0012886597938144284,-0.0038659793814432852,0.0,0.0,overlaps_zero,10000,1.0,1.0
pKa_Acidic,no_edge_gating,"GraphMPNN, no edge gating",R2,True,10,0.0005408821646039064,0.0022154561951716377,-0.0010439597244876174,0.00212572405369543,0.45988236159551055,6,10,0.375,0.0022017190867476086,0.2456635671006061,0.00024468937482136077,-0.001118947837891021,0.0017606142234273972,0.6189,overlaps_zero,10000,0.75,0.9197647231910211
pKa_Acidic,no_edge_gating,"GraphMPNN, no edge gating",MAE,False,10,0.0002779186504060671,0.014709072449644344,-0.010244317906869855,0.01080015520768199,0.9536610494495987,5,10,0.921875,0.019701353539955942,0.014106576476708849,0.003569164074309461,-0.00656373011070376,0.013479862090515531,0.2458,overlaps_zero,10000,0.984375,1.0
pKa_Acidic,no_edge_gating,"GraphMPNN, no edge gating",RMSE,False,10,-0.006158536969863448,0.02481937992476294,-0.02391325180095229,0.011596177861225392,0.4528056284407404,6,10,0.375,0.024562879730449974,-0.2507253643484183,-0.0029821765947297685,-0.019905226227386434,0.014811727001627148,0.6189,overlaps_zero,10000,0.75,0.9056112568814808
pKa_Acidic,no_edge_gating,"GraphMPNN, no edge gating",within_1_pKa_unit,True,10,-0.0014175257731958934,0.012003689015043973,-0.010004447607231804,0.007169396060840017,0.717468456780679,3,9,0.65234375,0.010437348830575576,-0.13581281953932,-0.002577319587628857,-0.014175257731958713,0.009020618556700999,0.2872,overlaps_zero,10000,1.0,1.0
pKa_Acidic,no_edge_gating,"GraphMPNN, no edge gating",within_2_pKa_unit,True,10,0.0006443298969072142,0.006142761875461787,-0.003749937232437687,0.005038597026252116,0.7477099933841113,4,9,1.0,0.005516039301543626,0.11681024403268897,0.0,-0.006443298969072142,0.006443298969072142,0.4212,overlaps_zero,10000,1.0,1.0
pKa_Acidic,no_site_readout,"GraphMPNN, no site readout",R2,True,10,-0.0009248136750109048,0.0021891087261800756,-0.0024908077202044666,0.000641180370182657,0.21436422829981644,2,10,0.16015625,0.0022017190867476086,-0.42004163045933557,-0.0011579968664210405,-0.0026792137767404716,0.0003035688710948719,0.0601,overlaps_zero,10000,0.48046875,0.6430926848994494
pKa_Acidic,no_site_readout,"GraphMPNN, no site readout",MAE,False,10,0.0026437785496886803,0.02070511558998283,-0.01216776887652641,0.017455325975903768,0.6957984569545473,4,10,0.4921875,0.019701353539955942,0.13419273677450044,0.0028607059721816874,-0.00903786006611356,0.014649684667267753,0.3213,overlaps_zero,10000,0.984375,1.0
pKa_Acidic,no_site_readout,"GraphMPNN, no site readout",RMSE,False,10,0.01030505377125136,0.023841860637058208,-0.00675038588665838,0.0273604934291611,0.20485006559024976,2,10,0.16015625,0.024562879730449974,0.4195376879395964,0.01395677482960056,-0.003936167372859061,0.030135155919866125,0.0601,overlaps_zero,10000,0.48046875,0.6145501967707493
pKa_Acidic,no_site_readout,"GraphMPNN, no site readout",within_1_pKa_unit,True,10,0.00025773195876287457,0.011442576574414057,-0.007927794215842372,0.008443258133368122,0.9447747812746169,6,10,0.921875,0.010437348830575576,0.02469323991623855,-0.0038659793814432852,-0.015463917525773252,0.0077319587628865705,0.221,overlaps_zero,10000,1.0,1.0
pKa_Acidic,no_site_readout,"GraphMPNN, no site readout",within_2_pKa_unit,True,10,0.0005154639175257714,0.004942663183382294,-0.0030203043245937023,0.004051232159645245,0.7491050389818424,4,9,1.0,0.005516039301543626,0.09344819522615118,-0.002577319587628857,-0.0077319587628865705,0.002577319587628857,0.097,overlaps_zero,10000,1.0,1.0
pKa_Basic,no_xtb,"GraphMPNN, no xTB features",R2,True,10,-0.006370283677116517,0.005710892360886925,-0.010455609966732091,-0.0022849573875009426,0.0064401670488741,1,10,0.013671875,0.002659725493274179,-2.3950906562445895,-0.005148213907392729,-0.009759853091419853,-0.0015364143578318027,0.0011,excludes_zero,10000,0.02734375,0.0193205011466223
pKa_Basic,no_xtb,"GraphMPNN, no xTB features",MAE,False,10,0.010904012193800239,0.01964054413757592,-0.0031459866920363466,0.024954011079636823,0.1130376968215743,3,10,0.130859375,0.010475229488268387,1.0409330130678343,0.007549865806796785,-0.0028716388041845607,0.01828230716262327,0.0823,overlaps_zero,10000,0.31640625,0.2581876154175874
pKa_Basic,no_xtb,"GraphMPNN, no xTB features",RMSE,False,10,0.03621012187376253,0.03232157988211221,0.013088656493211063,0.059331587254314005,0.006287184693613035,1,10,0.013671875,0.01555995485905744,2.3271354063527148,0.032311533374433044,0.01007295246738817,0.057495726172984554,0.0011,excludes_zero,10000,0.02734375,0.018861554080839105
pKa_Basic,no_xtb,"GraphMPNN, no xTB features",within_1_pKa_unit,True,10,-0.009570552147239286,0.00865298947508083,-0.015760527925529837,-0.0033805763689487376,0.006748890241828692,0,10,0.001953125,0.00876821411590125,-1.091505296373065,-0.007361963190184118,-0.018404907975460127,0.0024539877300613355,0.0564,overlaps_zero,10000,0.005859375,0.020246670725486075
pKa_Basic,no_xtb,"GraphMPNN, no xTB features",within_2_pKa_unit,True,10,-0.0035582822085889476,0.007326659272772102,-0.008799458517060479,0.0016828940998825839,0.15896171364940523,4,10,0.193359375,0.005244113022437506,-0.6785288938976813,-0.0012269938650306678,-0.0036809815950921143,0.0,0.0,overlaps_zero,10000,0.4921875,0.31792342729881046
pKa_Basic,no_edge_gating,"GraphMPNN, no edge gating",R2,True,10,-0.001984896796349189,0.0029538991086757145,-0.004097988923280952,0.00012819533058257412,0.06253582189284329,4,10,0.10546875,0.002659725493274179,-0.7462788176330705,-0.0015611189570832185,-0.004579269578155562,0.001140999933720485,0.1384,overlaps_zero,10000,0.10546875,0.06253582189284329
pKa_Basic,no_edge_gating,"GraphMPNN, no edge gating",MAE,False,10,-0.0027398389862864194,0.010590143199139514,-0.010315571059009137,0.004835893086436299,0.43440738098012366,7,10,0.322265625,0.010475229488268387,-0.26155407758415894,-0.0015683627105858022,-0.011131821059093817,0.008216115213834802,0.6319,overlaps_zero,10000,0.322265625,0.43440738098012366
pKa_Basic,no_edge_gating,"GraphMPNN, no edge gating",RMSE,False,10,0.011354207039584674,0.016888783835332447,-0.0007273011104661203,0.02343571518963547,0.06242840644818065,4,10,0.10546875,0.01555995485905744,0.7297069395400846,0.009960096402219731,-0.007585597793163126,0.027640599098063226,0.1384,overlaps_zero,10000,0.10546875,0.06242840644818065
pKa_Basic,no_edge_gating,"GraphMPNN, no edge gating",within_1_pKa_unit,True,10,-0.0030674846625767136,0.009596211211983681,-0.009932200624222362,0.0037972312990689344,0.3384955533008003,5,10,0.322265625,0.00876821411590125,-0.34984144114521537,0.0012269938650306678,-0.011042944785276121,0.013496932515337345,0.533,overlaps_zero,10000,0.64453125,0.6769911066016006
pKa_Basic,no_edge_gating,"GraphMPNN, no edge gating",within_2_pKa_unit,True,10,-0.0009815950920245343,0.006409664793181123,-0.005566793066783683,0.003603602882734614,0.639753704861282,2,8,0.640625,0.005244113022437506,-0.18718038452349775,0.0012269938650306678,-0.0024539877300613355,0.006134969325153339,0.6055,overlaps_zero,10000,0.640625,0.639753704861282
pKa_Basic,no_site_readout,"GraphMPNN, no site readout",R2,True,10,0.002775323180330669,0.0027599546907153788,0.0008009705321612927,0.004749675828500045,0.01118682124622582,9,10,0.00390625,0.002659725493274179,1.0434622623082004,0.002603515214483876,-0.00024209177323308818,0.005501918252018575,0.9633,overlaps_zero,10000,0.01171875,0.02237364249245164
pKa_Basic,no_site_readout,"GraphMPNN, no site readout",MAE,False,10,-0.011562293741568714,0.018972509805070495,-0.02513440965422204,0.002009822171084613,0.08606253847252912,8,10,0.10546875,0.010475229488268387,-1.1037747435049297,-0.01027319333045279,-0.020333387190275706,-0.00030343084688272203,0.9782,excludes_zero,10000,0.31640625,0.2581876154175874
pKa_Basic,no_site_readout,"GraphMPNN, no site readout",RMSE,False,10,-0.01639047745485931,0.016292888593151686,-0.028045707828181034,-0.004735247081537585,0.011162904400686466,9,10,0.00390625,0.01555995485905744,-1.0533756430095569,-0.016948265075427016,-0.03587401750315703,0.0015710770177763081,0.9633,overlaps_zero,10000,0.01171875,0.022325808801372932
pKa_Basic,no_site_readout,"GraphMPNN, no site readout",within_1_pKa_unit,True,10,0.0038036809815950702,0.014797023733690948,-0.006781472134112578,0.014388834097302718,0.43725762643463256,7,10,0.431640625,0.00876821411590125,0.43380338702006077,0.007361963190184007,-0.004907975460122671,0.019631901840490795,0.871,overlaps_zero,10000,0.64453125,0.6769911066016006
pKa_Basic,no_site_readout,"GraphMPNN, no site readout",within_2_pKa_unit,True,10,0.002331288343558291,0.004067422459043536,-0.0005783704020186852,0.005240947089135268,0.10332558241743434,6,9,0.1640625,0.005244113022437506,0.4445534132433114,0.0024539877300613355,-0.0024539877300613355,0.007361963190184007,0.7735,overlaps_zero,10000,0.4921875,0.309976747252303
