target,metric,rank,variant,name,mean_over_seeds,sd_over_seeds,ens,n_seeds,is_final
CL,R2,1,final,FINAL,0.44058932858097694,0.01991306548487088,0.4966974017234762,10,True
CL,R2,2,interactaux,MFMN_InteractAux,0.4257686165889634,0.035531684391687635,0.48969940080219687,10,False
CL,R2,3,mfmn_base,MFMN (base),0.3644276205024455,0.07566813123346916,0.4677488004430511,10,False
CL,MAE,1,final,FINAL,0.32403588656202137,0.007371115393463977,0.3050324696435842,10,True
CL,MAE,2,interactaux,MFMN_InteractAux,0.32931596300697474,0.013221706118588765,0.3088160214116707,10,False
CL,MAE,3,mfmn_base,MFMN (base),0.34771998829261397,0.021579506271592132,0.31331231347525534,10,False
CL,RMSE,1,final,FINAL,0.43457687482513874,0.0077315353600867194,0.41226614693059543,10,True
CL,RMSE,2,interactaux,MFMN_InteractAux,0.44016901457221935,0.013621709362844573,0.41512236056113727,10,False
CL,RMSE,3,mfmn_base,MFMN (base),0.46259269066345904,0.026632920525728306,0.42395661170832427,10,False
CL,GMFE,1,final,FINAL,2.1090760274324944,0.03584575903596228,2.018517270702258,10,True
CL,GMFE,2,interactaux,MFMN_InteractAux,2.135486060128399,0.06482826700021313,2.03617931575278,10,False
CL,GMFE,3,mfmn_base,MFMN (base),2.229527767096033,0.11438845009076715,2.057369576926105,10,False
CL,within_2fold,1,interactaux,MFMN_InteractAux,0.5909604519774011,0.023248661938999583,0.6045197740112994,10,False
CL,within_2fold,2,final,FINAL,0.57909604519774,0.0183071771141465,0.6045197740112994,10,True
CL,within_2fold,3,mfmn_base,MFMN (base),0.5610169491525424,0.03390353590108504,0.5706214689265536,10,False
CL,within_3fold,1,final,FINAL,0.7649717514124293,0.01624396132041268,0.7966101694915254,10,True
CL,within_3fold,2,interactaux,MFMN_InteractAux,0.7463276836158191,0.02642581175692813,0.7796610169491526,10,False
CL,within_3fold,3,mfmn_base,MFMN (base),0.7299435028248588,0.022409754848427138,0.7570621468926554,10,False
CL,within_5fold,1,interactaux,MFMN_InteractAux,0.8898305084745763,0.016254874295322085,0.9096045197740112,10,False
CL,within_5fold,2,final,FINAL,0.889265536723164,0.01003609234988641,0.903954802259887,10,True
CL,within_5fold,3,mfmn_base,MFMN (base),0.8689265536723164,0.021929832961219812,0.903954802259887,10,False
VDss,R2,1,dyngate,MFMN_DynGate,0.6089977310942744,0.009479649964042967,0.646545950130218,10,False
VDss,R2,2,final,FINAL,0.6087819018817369,0.028864888166362915,0.6478162025817884,10,True
VDss,R2,3,mfmn_base,MFMN (base),0.5284779448798829,0.02870207478104245,0.5712528850168755,10,False
VDss,MAE,1,final,FINAL,0.25857956900347084,0.011593272809603093,0.2465845925817804,10,True
VDss,MAE,2,dyngate,MFMN_DynGate,0.2603414809522518,0.004107961028466478,0.24823584762323211,10,False
VDss,MAE,3,mfmn_base,MFMN (base),0.2865471097863787,0.009139411645603326,0.2724130085800388,10,False
VDss,RMSE,1,final,FINAL,0.34549973341314877,0.012679354207979367,0.3280091663217845,10,True
VDss,RMSE,2,dyngate,MFMN_DynGate,0.34559065988770876,0.004205352791932134,0.3286001637364898,10,False
VDss,RMSE,3,mfmn_base,MFMN (base),0.3793724946713153,0.011720689484526692,0.36191109702451696,10,False
VDss,GMFE,1,final,FINAL,1.8143408966595445,0.048463298332183616,1.7643493938382566,10,True
VDss,GMFE,2,dyngate,MFMN_DynGate,1.8212055147611863,0.017212332580056045,1.7710704933718544,10,False
VDss,GMFE,3,mfmn_base,MFMN (base),1.9347867781235089,0.040330369585202655,1.8724619816792814,10,False
VDss,within_2fold,1,dyngate,MFMN_DynGate,0.6796610169491526,0.00998294409092171,0.6949152542372882,10,False
VDss,within_2fold,2,final,FINAL,0.6700564971751412,0.02795833304692374,0.6836158192090396,10,True
VDss,within_2fold,3,mfmn_base,MFMN (base),0.631638418079096,0.022250931054978412,0.655367231638418,10,False
VDss,within_3fold,1,dyngate,MFMN_DynGate,0.8548022598870055,0.012506182836824115,0.8757062146892656,10,False
VDss,within_3fold,2,final,FINAL,0.8497175141242937,0.017505009474383798,0.864406779661017,10,True
VDss,within_3fold,3,mfmn_base,MFMN (base),0.7977401129943502,0.014042449628856693,0.8022598870056498,10,False
VDss,within_5fold,1,dyngate,MFMN_DynGate,0.9485875706214688,0.012897095042006727,0.9548022598870056,10,False
VDss,within_5fold,2,final,FINAL,0.946327683615819,0.01603520373439399,0.9548022598870056,10,True
VDss,within_5fold,3,mfmn_base,MFMN (base),0.9299435028248588,0.01829748821316928,0.9491525423728814,10,False
Fu,R2,1,final,FINAL,0.6828294100005169,0.012273731277185295,0.7142723459498411,10,True
Fu,MAE,1,final,FINAL,0.3351564373871588,0.007331979380474008,0.31846711460418553,10,True
Fu,RMSE,1,final,FINAL,0.4566973465243448,0.008770301468387224,0.43354105631416107,10,True
Fu,GMFE,1,final,FINAL,2.1637756024488115,0.03660966779708356,2.0819347521910148,10,True
Fu,within_2fold,1,final,FINAL,0.5851500789889414,0.017484154581945976,0.608214849921011,10,True
Fu,within_3fold,1,final,FINAL,0.7638230647709321,0.014711653548919424,0.7772511848341233,10,True
Fu,within_5fold,1,final,FINAL,0.8808846761453397,0.006833545317539077,0.9004739336492891,10,True
pKa_Acidic,R2,1,final,FINAL,0.9647562012166601,0.0017867245777197518,0.9695382129493701,10,True
pKa_Acidic,MAE,1,final,FINAL,0.4725915677755931,0.011405304963443788,0.41969742374754854,10,True
pKa_Acidic,RMSE,1,final,FINAL,0.8054671880044648,0.0207011786390608,0.7490541888834875,10,True
pKa_Acidic,within_1_pKa_unit,1,final,FINAL,0.8907216494845359,0.0071826649367967505,0.9059278350515464,10,True
pKa_Acidic,within_2_pKa_unit,1,final,FINAL,0.9716494845360824,0.004380600956694817,0.9755154639175257,10,True
pKa_Basic,R2,1,final,FINAL,0.9352319692005814,0.004022786326954315,0.9462543466535769,10,True
pKa_Basic,MAE,1,final,FINAL,0.4757478923506452,0.017902716170851606,0.4184721034821258,10,True
pKa_Basic,RMSE,1,final,FINAL,0.746845536280482,0.022931900350332404,0.6806224840026156,10,True
pKa_Basic,within_1_pKa_unit,1,final,FINAL,0.8814723926380369,0.011599978051777846,0.8993865030674847,10,True
pKa_Basic,within_2_pKa_unit,1,final,FINAL,0.9755828220858896,0.0035396640529110532,0.9840490797546012,10,True
