target,variant,name,status,n_seeds,seeds,n_test,R2_mean,R2_sd,R2_ens,MAE_mean,MAE_sd,MAE_ens,RMSE_mean,RMSE_sd,RMSE_ens,GMFE_mean,GMFE_sd,GMFE_ens,within_2fold_mean,within_2fold_sd,within_2fold_ens,within_3fold_mean,within_3fold_sd,within_3fold_ens,within_5fold_mean,within_5fold_sd,within_5fold_ens,within_1_pKa_unit_mean,within_1_pKa_unit_sd,within_1_pKa_unit_ens,within_2_pKa_unit_mean,within_2_pKa_unit_sd,within_2_pKa_unit_ens
CL,final,FINAL,final,10,42 43 44 45 46 47 48 49 50 51,177,0.4405686102273223,0.019876652358715344,0.4966715811605079,0.3240421764516048,0.007376199456259058,0.30502311211371824,0.43458515110807416,0.0077173724385520585,0.4122767218884032,2.1091069417950528,0.035869186143124586,2.018473779170716,0.5785310734463277,0.017905633633152118,0.6045197740112994,0.764406779661017,0.01599090750685785,0.7966101694915254,0.8887005649717515,0.010332102993857017,0.903954802259887,,,,,,
CL,mfmn_base,MFMN (base),RUN,10,42 43 44 45 46 47 48 49 50 51,177,0.3644276205024455,0.07566813123346916,0.4677488004430511,0.34771998829261397,0.021579506271592132,0.31331231347525534,0.46259269066345904,0.026632920525728306,0.42395661170832427,2.229527767096033,0.11438845009076715,2.057369576926105,0.5610169491525424,0.03390353590108504,0.5706214689265536,0.7299435028248588,0.022409754848427138,0.7570621468926554,0.8689265536723164,0.021929832961219812,0.903954802259887,,,,,,
CL,interactaux,MFMN_InteractAux,RUN,10,42 43 44 45 46 47 48 49 50 51,177,0.4257686165889634,0.035531684391687635,0.48969940080219687,0.32931596300697474,0.013221706118588765,0.3088160214116707,0.44016901457221935,0.013621709362844573,0.41512236056113727,2.135486060128399,0.06482826700021313,2.03617931575278,0.5909604519774011,0.023248661938999583,0.6045197740112994,0.7463276836158191,0.02642581175692813,0.7796610169491526,0.8898305084745763,0.016254874295322085,0.9096045197740112,,,,,,
VDss,final,FINAL,final,10,42 43 44 45 46 47 48 49 50 51,177,0.6088140211690785,0.02884769158859486,0.6478387678556332,0.25856452652117967,0.011589404638900675,0.2465698577358562,0.34548573806829336,0.012673145421483682,0.3279986579802883,1.8142776531177187,0.04844372855677058,1.7642895335901079,0.6700564971751412,0.02795833304692374,0.6836158192090396,0.8497175141242937,0.017505009474383798,0.864406779661017,0.946327683615819,0.01603520373439399,0.9548022598870056,,,,,,
VDss,mfmn_base,MFMN (base),RUN,10,42 43 44 45 46 47 48 49 50 51,177,0.5284779448798829,0.02870207478104245,0.5712528850168755,0.2865471097863787,0.009139411645603326,0.2724130085800388,0.3793724946713153,0.011720689484526692,0.36191109702451696,1.9347867781235089,0.040330369585202655,1.8724619816792814,0.631638418079096,0.022250931054978412,0.655367231638418,0.7977401129943502,0.014042449628856693,0.8022598870056498,0.9299435028248588,0.01829748821316928,0.9491525423728814,,,,,,
VDss,dyngate,MFMN_DynGate,RUN,10,42 43 44 45 46 47 48 49 50 51,177,0.6089977310942744,0.009479649964042967,0.646545950130218,0.2603414809522518,0.004107961028466478,0.24823584762323211,0.34559065988770876,0.004205352791932134,0.3286001637364898,1.8212055147611863,0.017212332580056045,1.7710704933718544,0.6796610169491526,0.00998294409092171,0.6949152542372882,0.8548022598870055,0.012506182836824115,0.8757062146892656,0.9485875706214688,0.012897095042006727,0.9548022598870056,,,,,,
Fu,final,FINAL,final,10,42 43 44 45 46 47 48 49 50 51,633,0.6806772896931167,0.008548171766231263,0.7121115385936937,0.33700690505234865,0.005691304691897249,0.31932398566460674,0.45828326153089716,0.006133360872941834,0.4351772896775049,2.1729035459585617,0.028451895046933184,2.0860465029824535,0.5884676145339652,0.014730490500999855,0.6129541864139021,0.7630331753554502,0.007104127205493457,0.7788309636650869,0.8770932069510268,0.008286103533552806,0.8941548183254344,,,,,,
Fu,dyngate_unweighted,MFMN_DynGate (unweighted),RUN_WITH_CAVEAT,10,42 43 44 45 46 47 48 49 50 51,633,0.6798152397123685,0.009185597158477356,0.7113118326776635,0.337038243924228,0.006819422611842403,0.32041595794902233,0.4588955536479117,0.006612288100167149,0.43578129531466375,2.1731332486671553,0.034046593633303646,2.0912981725235222,0.5872037914691942,0.016042513801817735,0.6018957345971564,0.7568720379146919,0.008667214359775818,0.7851500789889415,0.8788309636650868,0.0068274557170565405,0.9004739336492891,,,,,,
Fu,mfmn_base_untuned,MFMN base (untuned),RUN_WITH_CAVEAT,10,42 43 44 45 46 47 48 49 50 51,633,0.6306763492251676,0.003465536387841652,0.672816781708844,0.3613617315286606,0.004474907549385925,0.34077208733028613,0.49289379575991654,0.002312582144753233,0.46392695193217837,2.298171807324296,0.02370124672661266,2.1916544788410457,0.5458135860979463,0.015625708399113,0.5766192733017378,0.7374407582938389,0.008517142335610605,0.7661927330173776,0.8641390205371249,0.00962383722090418,0.8799368088467614,,,,,,
pKa_Acidic,final,FINAL,final,10,42 43 44 45 46 47 48 49 50 51,776,0.96349449083623,0.0022017190867476086,0.9688766124272525,0.4835277286805876,0.019701353539955942,0.4240870885693657,0.8196705362263355,0.024562879730449974,0.7571448603514502,,,,,,,,,,,,,0.8873711340206185,0.010437348830575576,0.9097938144329897,0.969201030927835,0.005516039301543626,0.9742268041237113
pKa_Acidic,no_xtb,"GraphMPNN, no xTB features",RECONSTRUCTED_VERIFIED,10,42 43 44 45 46 47 48 49 50 51,776,0.9632668693300361,0.0018809093855799237,0.9687301815748397,0.4878507240468511,0.017057632286972976,0.4256041603735132,0.8223193095304657,0.020719071845015594,0.7589238965664736,,,,,,,,,,,,,0.8856958762886599,0.00660032039252785,0.9123711340206185,0.970360824742268,0.0029133719858785412,0.9729381443298969
pKa_Acidic,no_edge_gating,"GraphMPNN, no edge gating",RECONSTRUCTED_UNVERIFIED,10,42 43 44 45 46 47 48 49 50 51,776,0.9640353730008338,0.0023526275149609774,0.9691213018020739,0.4838056473309937,0.017409377212240954,0.4276562526436752,0.8135119992564721,0.02663314933870704,0.7541626837567205,,,,,,,,,,,,,0.8859536082474225,0.009762300839659371,0.9072164948453608,0.9698453608247422,0.003992766336296292,0.9742268041237113
pKa_Acidic,no_site_readout,"GraphMPNN, no site readout",RECONSTRUCTED_UNVERIFIED,10,42 43 44 45 46 47 48 49 50 51,776,0.9625696771612189,0.0022962207747994874,0.9677186155608315,0.4861715072302763,0.0169496444498349,0.4269477945415474,0.8299755899975869,0.02533444324230956,0.7711016351810508,,,,,,,,,,,,,0.8876288659793815,0.006621253906528443,0.9059278350515464,0.9697164948453608,0.0032854507175211125,0.9716494845360825
pKa_Basic,final,FINAL,final,10,42 43 44 45 46 47 48 49 50 51,815,0.9371120346310748,0.002659725493274179,0.9478413121637771,0.47207549242917,0.010475229488268387,0.41624120610185855,0.7360902756854291,0.01555995485905744,0.6704987105438508,,,,,,,,,,,,,0.8849079754601226,0.00876821411590125,0.8993865030674847,0.9759509202453989,0.005244113022437506,0.9815950920245399
pKa_Basic,no_xtb,"GraphMPNN, no xTB features",RECONSTRUCTED_UNVERIFIED,10,42 43 44 45 46 47 48 49 50 51,815,0.9307417509539583,0.004264774877653286,0.9426930982563844,0.4829795046229702,0.013791218721802924,0.42379107190865534,0.7723003975591917,0.02370953867126778,0.7028102439182838,,,,,,,,,,,,,0.8753374233128834,0.006497792100854154,0.8920245398773006,0.9723926380368099,0.004489672474458131,0.9803680981595092
pKa_Basic,no_edge_gating,"GraphMPNN, no edge gating",RECONSTRUCTED_UNVERIFIED,10,42 43 44 45 46 47 48 49 50 51,815,0.9351271378347257,0.004047092047456398,0.9462801932066939,0.4693356534428836,0.014661922338856525,0.41467284339127275,0.7474444827250137,0.02313852975835328,0.6804588069460705,,,,,,,,,,,,,0.8818404907975459,0.0058430908500586975,0.9006134969325154,0.9749693251533742,0.0028454032116034715,0.9828220858895705
pKa_Basic,no_site_readout,"GraphMPNN, no site readout",RECONSTRUCTED_UNVERIFIED,10,42 43 44 45 46 47 48 49 50 51,815,0.9398873578114054,0.0022217521028411475,0.950444827378261,0.4605131986876013,0.016035674583056447,0.40596801277140576,0.7196997982305697,0.013241529945114613,0.6535504454684238,,,,,,,,,,,,,0.8887116564417179,0.013152321173851898,0.9067484662576687,0.9782822085889571,0.0032745388795497716,0.9840490797546012
