target,variant,name,status,n_seeds,R2_mean_pm_sd,MAE_mean_pm_sd,RMSE_mean_pm_sd,R2_ens,MAE_ens,diff_mean_R2,diff_in_final_sd_R2,flag_R2,diff_mean_MAE,diff_in_final_sd_MAE,flag_MAE
CL,mfmn_base,MFMN (base),RUN,10,0.364 ± 0.076,0.348 ± 0.022,0.463 ± 0.027,0.4677,0.3133,-0.0762,-3.82,overlaps_zero,0.0237,3.21,overlaps_zero
CL,interactaux,MFMN_InteractAux,RUN,10,0.426 ± 0.036,0.329 ± 0.013,0.440 ± 0.014,0.4897,0.3088,-0.0148,-0.74,overlaps_zero,0.0053,0.72,overlaps_zero
CL,final,FINAL,final,10,0.441 ± 0.020,0.324 ± 0.007,0.435 ± 0.008,0.4967,0.305,,,reference,,,reference
VDss,mfmn_base,MFMN (base),RUN,10,0.528 ± 0.029,0.287 ± 0.009,0.379 ± 0.012,0.5713,0.2724,-0.0803,-2.78,excludes_zero,0.028,2.41,excludes_zero
VDss,dyngate,MFMN_DynGate,RUN,10,0.609 ± 0.009,0.260 ± 0.004,0.346 ± 0.004,0.6465,0.2482,0.0002,0.01,overlaps_zero,0.0018,0.15,overlaps_zero
VDss,final,FINAL,final,10,0.609 ± 0.029,0.259 ± 0.012,0.345 ± 0.013,0.6478,0.2466,,,reference,,,reference
Fu,dyngate_unweighted,MFMN_DynGate (unweighted),not run (BLOCKED),0,,,,,,,,,,,
Fu,mfmn_base_untuned,MFMN base (untuned),not run (BLOCKED),0,,,,,,,,,,,
Fu,final,FINAL,final,10,0.683 ± 0.012,0.335 ± 0.007,0.457 ± 0.009,0.7143,0.3185,,,reference,,,reference
pKa_Acidic,no_xtb,"GraphMPNN, no xTB features",not run (BLOCKED),0,,,,,,,,,,,
pKa_Acidic,no_edge_gating,"GraphMPNN, no edge gating",not run (BLOCKED),0,,,,,,,,,,,
pKa_Acidic,no_site_readout,"GraphMPNN, no site readout",not run (BLOCKED),0,,,,,,,,,,,
pKa_Acidic,final,FINAL,final,10,0.965 ± 0.002,0.473 ± 0.011,0.805 ± 0.021,0.9695,0.4197,,,reference,,,reference
pKa_Basic,no_xtb,"GraphMPNN, no xTB features",not run (BLOCKED),0,,,,,,,,,,,
pKa_Basic,no_edge_gating,"GraphMPNN, no edge gating",not run (BLOCKED),0,,,,,,,,,,,
pKa_Basic,no_site_readout,"GraphMPNN, no site readout",not run (BLOCKED),0,,,,,,,,,,,
pKa_Basic,final,FINAL,final,10,0.935 ± 0.004,0.476 ± 0.018,0.747 ± 0.023,0.9463,0.4185,,,reference,,,reference
