target,metric,n_seeds_compared,y_test_identical,retrained_seed_mean,stored_seed_mean,retrained_ensemble,stored_ensemble,seed42_retrained,seed42_stored
CL,R2,10,True,0.4405686102273223,0.44058932858097694,0.4966715811605079,0.4966974017234762,0.46473020730124903,0.46459042119714333
CL,MAE,10,True,0.3240421764516048,0.32403588656202137,0.30502311211371824,0.3050324696435842,0.31786348747283316,0.31792645102455386
CL,RMSE,10,True,0.43458515110807416,0.43457687482513874,0.4122767218884032,0.41226614693059543,0.4251571192519706,0.42521263067680154
CL,GMFE,10,True,2.1091069417950528,2.10907602581029,2.018473779170716,2.018517269283844,2.079043075218482,2.079344507971212
CL,within_2fold,10,True,0.5785310734463277,0.57909604519774,0.6045197740112994,0.6045197740112994,0.5988700564971752,0.5988700564971752
CL,within_3fold,10,True,0.764406779661017,0.7649717514124293,0.7966101694915254,0.7966101694915254,0.768361581920904,0.7740112994350282
CL,within_5fold,10,True,0.8887005649717515,0.889265536723164,0.903954802259887,0.903954802259887,0.903954802259887,0.903954802259887
VDss,R2,10,True,0.6088140211690785,0.6087819018817369,0.6478387678556332,0.6478162025817884,0.6011934171698379,0.6011222604599011
VDss,MAE,10,True,0.25856452652117967,0.25857956900347084,0.2465698577358562,0.2465845925817804,0.2736967839172456,0.27372747782577805
VDss,RMSE,10,True,0.34548573806829336,0.34549973341314877,0.3279986579802883,0.3280091663217845,0.3490458297197669,0.3490769674268036
VDss,GMFE,10,True,1.8142776531177187,1.8143408954798161,1.7642895335901079,1.7643493933252317,1.878005171760316,1.8781379034764396
VDss,within_2fold,10,True,0.6700564971751412,0.6700564971751412,0.6836158192090396,0.6836158192090396,0.6440677966101694,0.6440677966101694
VDss,within_3fold,10,True,0.8497175141242937,0.8497175141242937,0.864406779661017,0.864406779661017,0.8531073446327684,0.8531073446327684
VDss,within_5fold,10,True,0.946327683615819,0.946327683615819,0.9548022598870056,0.9548022598870056,0.9491525423728814,0.9491525423728814
Fu,R2,10,True,0.6806772896931167,0.6828294100005169,0.7121115385936937,0.7142723459498411,0.6855537320996297,0.6890030962402485
Fu,MAE,10,True,0.33700690505234865,0.3351564373871588,0.31932398566460674,0.31846711460418553,0.336977686239699,0.3274634318075281
Fu,RMSE,10,True,0.45828326153089716,0.4566973465243448,0.4351772896775049,0.43354105631416107,0.4548071839046899,0.4523057682498046
Fu,GMFE,10,True,2.1729035459585617,2.1637756024488115,2.0860465029824535,2.0819347521910148,2.1725895497966294,2.12551136670273
Fu,within_2fold,10,True,0.5884676145339652,0.5851500789889414,0.6129541864139021,0.608214849921011,0.593996840442338,0.6003159557661928
Fu,within_3fold,10,True,0.7630331753554502,0.7638230647709321,0.7788309636650869,0.7772511848341233,0.7693522906793049,0.7598736176935229
Fu,within_5fold,10,True,0.8770932069510268,0.8808846761453397,0.8941548183254344,0.9004739336492891,0.8767772511848341,0.8830963665086888
pKa_Acidic,R2,10,True,0.96349449083623,0.9647562012166601,0.9688766124272525,0.9695382129493701,0.9644929140792279,0.9637603637747322
pKa_Acidic,MAE,10,True,0.4835277286805876,0.4725915677755931,0.4240870885693657,0.41969742374754854,0.4756277848240401,0.48936207743772914
pKa_Acidic,RMSE,10,True,0.8196705362263355,0.8054671880044648,0.7571448603514502,0.7490541888834875,0.8087104661287323,0.8170101706414733
pKa_Acidic,within_1_pKa_unit,10,True,0.8873711340206185,0.8907216494845359,0.9097938144329897,0.9059278350515464,0.9020618556701031,0.8943298969072165
pKa_Acidic,within_2_pKa_unit,10,True,0.969201030927835,0.9716494845360824,0.9742268041237113,0.9755154639175257,0.9742268041237113,0.9729381443298969
pKa_Basic,R2,10,True,0.9371120346310748,0.9352319692005814,0.9478413121637771,0.9462543466535769,0.9399548108578114,0.9395596067772495
pKa_Basic,MAE,10,True,0.47207549242917,0.4757478923506452,0.41624120610185855,0.4184721034821258,0.4701803272689678,0.4532086812651637
pKa_Basic,RMSE,10,True,0.7360902756854291,0.746845536280482,0.6704987105438508,0.6806224840026156,0.7194054555874859,0.7217690561471524
pKa_Basic,within_1_pKa_unit,10,True,0.8849079754601226,0.8814723926380369,0.8993865030674847,0.8993865030674847,0.8809815950920246,0.8858895705521472
pKa_Basic,within_2_pKa_unit,10,True,0.9759509202453989,0.9755828220858896,0.9815950920245399,0.9840490797546012,0.9828220858895705,0.9803680981595092
