target,model,seed_idx,seed,R2,MAE,RMSE,within_1_pKa_unit,within_2_pKa_unit,seconds
pKa_Basic,Random Forest,0,42,0.8604109953551025,0.760614437627812,1.096882792791782,0.7386503067484662,0.90920245398773,105.91357231140137
pKa_Basic,Random Forest,1,43,0.8601133031094441,0.7677208997955013,1.0980517945836052,0.7447852760736197,0.9141104294478528,105.70221543312073
pKa_Basic,Random Forest,2,44,0.8586021793790914,0.771675991820041,1.1039667067347332,0.747239263803681,0.9153374233128835,105.07387113571167
pKa_Basic,Random Forest,3,45,0.8631166448328702,0.7558086561495765,1.0862003520497707,0.7447852760736197,0.9190184049079755,107.10071682929993
pKa_Basic,Random Forest,4,46,0.862289055068939,0.7606158895705523,1.0894789598291292,0.7349693251533742,0.9165644171779141,107.99518465995789
pKa_Basic,Random Forest,5,47,0.8617486705665605,0.765450511247444,1.0916144513745367,0.750920245398773,0.912883435582822,106.40837168693542
pKa_Basic,Random Forest,6,48,0.8572054783842162,0.7705239059304705,1.1094056958359761,0.7398773006134969,0.9141104294478528,106.96478581428528
pKa_Basic,Random Forest,7,49,0.8587538161529205,0.7646600277534328,1.1033745941613171,0.7484662576687117,0.912883435582822,106.93998670578003
pKa_Basic,Random Forest,8,50,0.8575677025024286,0.771082392638037,1.1079976983070168,0.7312883435582822,0.9104294478527607,105.45555067062378
pKa_Basic,Random Forest,9,51,0.8630480838748162,0.7542111656441719,1.0864723413428745,0.7496932515337423,0.9153374233128835,107.08876299858093
