seed,seconds,device,status,timestamp
42,46.7,NVIDIA A100-SXM4-40GB MIG 3g.20gb,ok,2026-10-01T09:42:50
44,47.7,NVIDIA A100-SXM4-40GB MIG 3g.20gb,ok,2026-10-01T09:42:51
43,49.5,NVIDIA A100-SXM4-40GB MIG 3g.20gb,ok,2026-10-01T09:42:53
46,36.6,NVIDIA A100-SXM4-40GB MIG 3g.20gb,ok,2026-10-01T09:43:28
45,46.6,NVIDIA A100-SXM4-40GB MIG 3g.20gb,ok,2026-10-01T09:43:36
47,42.0,NVIDIA A100-SXM4-40GB MIG 3g.20gb,ok,2026-10-01T09:44:04
48,50.0,NVIDIA A100-SXM4-40GB MIG 3g.20gb,ok,2026-10-01T09:44:26
49,47.8,NVIDIA A100-SXM4-40GB MIG 3g.20gb,ok,2026-10-01T09:44:36
50,42.3,NVIDIA A100-SXM4-40GB MIG 3g.20gb,ok,2026-10-01T09:45:03
51,57.4,NVIDIA A100-SXM4-40GB MIG 3g.20gb,ok,2026-10-01T09:45:34
