target,k_seeds,R2,MAE,RMSE,within_1_pKa_unit,within_2_pKa_unit,variant
pKa_Acidic,1,0.9644929140792279,0.4756277848240401,0.8087104661287323,0.9020618556701031,0.9742268041237113,GraphMPNN
pKa_Acidic,2,0.9661259503138763,0.4601048425384909,0.7898945334469839,0.8994845360824743,0.9742268041237113,GraphMPNN
pKa_Acidic,3,0.9683371006232167,0.4334335580302503,0.7636790706772527,0.9033505154639175,0.9729381443298969,GraphMPNN
pKa_Acidic,4,0.9683937031667599,0.43113065132828793,0.7629961655354055,0.9123711340206185,0.9729381443298969,GraphMPNN
pKa_Acidic,5,0.9690667402957697,0.42434614556898687,0.754828678335664,0.9085051546391752,0.9716494845360825,GraphMPNN
pKa_Acidic,6,0.9688185079176418,0.42347442086606785,0.7578512907951939,0.9110824742268041,0.9729381443298969,GraphMPNN
pKa_Acidic,7,0.9690695194281914,0.4212790658390395,0.754794769591607,0.9085051546391752,0.9742268041237113,GraphMPNN
pKa_Acidic,8,0.9689846744209032,0.4228968870565904,0.7558292945886146,0.9059278350515464,0.9742268041237113,GraphMPNN
pKa_Acidic,9,0.9691217383151299,0.421760701497278,0.7541573531721992,0.9059278350515464,0.9755154639175257,GraphMPNN
pKa_Acidic,10,0.9688766124272525,0.4240870885693657,0.7571448603514502,0.9097938144329897,0.9742268041237113,GraphMPNN
