target,model,description,protocol,R2,MAE,RMSE,GMFE,within_2fold,n,source,note
pKa_Acidic,Paper (Jia et al. 2025),Published benchmark,official-test,0.94,0.61,1.05,,,776.0,PAPER dict (metrics.py),
pKa_Acidic,Classical RF+SVM+XGB,"3-model consensus, merged descriptors",official-test,0.9278,0.7421,1.1533,,,776.0,results/s2_aux_predictor_results.json,
pKa_Acidic,MFMN base (untuned),"Factorized descriptors, aux_weight=0.3 (original recipe, untuned)",official-test,0.899,,,,,776.0,mfmn/deliverables/PROJECT_REPORT.md Section 4.2 (first transplant),
pKa_Acidic,MFMN + H2 raw context,"Variance/correlation-pruned raw descriptors, no PCA (biggest single lever)",CV,,0.818,,,,,PROJECT_REPORT.md Table H2 (5-fold),
pKa_Acidic,MFMN + H6 FCFP6,+ frequency-pruned FCFP6 fingerprints,CV,,0.79,,,,,PROJECT_REPORT.md Table H6 (5-fold),
pKa_Acidic,MFMN_DynGate,+ input-conditioned GLU gating on H6 context,CV,0.9095,0.7448,,,,,mfmn/results/expv2_aux_h7_confirm_results.json (5-fold confirm),
pKa_Acidic,MFMN_Attention (v2 final),Multi-head self-attention across 7 factors -- the v2 project's best,official-test,0.9421,0.5989,1.0329,,,776.0,mfmn/results/expv2_aux_campaign_final_attention_results.json,
pKa_Acidic,ChemBERTa embedding,+ pretrained ChemBERTa (64-dim PCA) added to context,CV,,,,,,,mfmn/results/expv2_aux_h10_chemberta_results.json (pKa_Acidic uses Attention arm),See H10 file for the actual pKa_Acidic arm; Fu row below has the value used in the main comparison
pKa_Acidic,GraphMPNN (GNN) -- FINAL,"From-scratch edge-gated message-passing GNN on molecular graph, xTB features",official-test,0.9689,0.4241,0.7571,,,776.0,mfmn_benchmark_package/outputs/01_pKa_Acidic_official_test_summary.csv (this session's fresh 10-seed rerun),"CHOSEN MODEL -- beats every other arm on every metric, by a wide margin"
pKa_Basic,Paper (Jia et al. 2025),Published benchmark,official-test,0.91,0.67,0.98,,,815.0,PAPER dict (metrics.py),
pKa_Basic,Classical RF+SVM+XGB,"3-model consensus, merged descriptors",official-test,0.8824,0.6948,1.0068,,,815.0,results/s2_aux_predictor_results.json,
pKa_Basic,MFMN_Attention (v2 final),Multi-head self-attention -- the v2 project's best for this target,CV,,0.688,,,,,PROJECT_REPORT.md Section 4.6 (5-fold confirm),
pKa_Basic,GraphMPNN (GNN) -- FINAL,From-scratch edge-gated message-passing GNN,official-test,0.9478,0.4162,0.6705,,,815.0,mfmn_benchmark_package/outputs/02_pKa_Basic_official_test_summary.csv (this session's fresh 10-seed rerun),CHOSEN MODEL
CL,Paper (Jia et al. 2025),Published benchmark,official-test,,,,2.0,0.64,177.0,PAPER dict (metrics.py),
CL,Classical RF+SVM+XGB,"Paper's own recipe, replicated (repeated CV)",CV,0.2854,0.4145,0.5647,2.5972,0.4929,1464.0,results/s0_baseline_cv_results.json,
CL,MFMN base,"Factorized descriptor architecture, no interactions/aux/gating",CV,0.141,0.4607,0.6191,2.8891,0.4335,1464.0,mfmn/results/exp_a_baseline_cv_results.json,
CL,MFMN_InteractAux (tuned),"+ FM interactions + per-factor aux supervision, tuned aux_weight",CV,0.2041,0.4401,0.596,2.755,0.4668,1464.0,mfmn/results/exp_ce_aux_interact_tuned_cv_results.json,
CL,MFMN_Attention,Multi-head self-attention across 7 factors,CV,0.168,0.4509,0.6093,2.8244,0.4545,1464.0,mfmn/results/expv2_group_attention_cv_results.json,
CL,ChemBERTa embedding,+ pretrained ChemBERTa (PCA-compressed) added to context,CV,0.1994,0.4435,0.5977,2.7764,0.4592,1464.0,mfmn/results/expv2_group_chemberta_cv_results.json,
CL,GraphMPNN (GNN),From-scratch graph encoder (Experiment A's original motivation for going descriptor-based),CV,0.1602,0.4552,0.6123,2.8522,0.4293,1463.0,results/v3/e15_cl_gnn/e15_summary.json,
CL,MFMN_DynGate (CV),+ input-conditioned GLU gating -- CV screen before official confirmation,CV,0.2335,0.4347,0.5849,2.7206,0.469,1464.0,mfmn/results/expv2_group_dyngate_cv_results.json,
CL,MFMN_DynGate -- FINAL,"5-seed ensemble, official paper test split",official-test,0.5034,0.3046,0.4095,2.0166,0.6215,177.0,mfmn_benchmark_package/outputs/03_CL_official_test_summary.csv (this session's fresh 5-seed rerun),"CHOSEN MODEL -- CV rankings do not predict official-test performance here (official-test R² jumps because the 177-compound split differs systematically from the CV pool, a documented project finding -- see PROJECT_REPORT.md Section 3)"
VDss,Paper (Jia et al. 2025),Published benchmark,official-test,,,,1.88,0.62,177.0,PAPER dict (metrics.py),
VDss,Classical RF+SVM+XGB,"Paper's own recipe, replicated (repeated CV)",CV,0.4918,0.3605,0.4903,2.2934,0.5542,1464.0,results/s0_baseline_cv_results.json,
VDss,MFMN base,"Factorized descriptor architecture, no interactions/aux/gating",CV,0.3945,0.3931,0.5351,2.4724,0.5105,1464.0,mfmn/results/exp_a_baseline_cv_results.json,
VDss,MFMN_InteractAux (tuned),"+ FM interactions + per-factor aux supervision, tuned aux_weight=2.0",CV,0.4475,0.37,0.5112,2.3442,0.5474,1464.0,mfmn/results/exp_ce_aux_interact_tuned_cv_results.json,
VDss,MFMN_Attention,Multi-head self-attention across 7 factors,CV,0.4033,0.3832,0.5312,2.4165,0.5437,1464.0,mfmn/results/expv2_group_attention_cv_results.json,
VDss,ChemBERTa embedding,+ pretrained ChemBERTa (PCA-compressed) added to context,CV,0.4421,0.3737,0.5136,2.3647,0.5355,1464.0,mfmn/results/expv2_group_chemberta_cv_results.json,
VDss,GraphMPNN (GNN),From-scratch graph encoder,CV,0.3863,0.401,0.5389,2.5176,0.4928,1463.0,results/v3/e15_vdss_gnn/e15_summary.json,
VDss,MFMN_DynGate (CV),+ input-conditioned GLU gating (flat/within-noise vs. InteractAux for VDss specifically),CV,0.4536,0.3692,0.5084,2.3398,0.5412,1464.0,mfmn/results/expv2_group_dyngate_cv_results.json,
VDss,MFMN_InteractAux -- FINAL,"5-seed ensemble, official paper test split (kept the simpler recipe -- gating didn't help)",official-test,0.6407,0.2489,0.3313,1.774,0.6723,177.0,mfmn_benchmark_package/outputs/04_VDss_official_test_summary.csv (this session's fresh 5-seed rerun),"CHOSEN MODEL -- clean sweep, beats paper on every metric"
Fu,Paper (Jia et al. 2025),Published benchmark,official-test,0.69,0.3,0.41,2.01,0.6,633.0,PAPER dict (metrics.py),
Fu,Classical RF+SVM+XGB,"3-model consensus, merged descriptors",official-test,0.6595,0.3545,0.4732,2.2621,0.534,633.0,results/s2_aux_predictor_results.json,
Fu,MFMN base (untuned),"Factorized descriptors, aux_weight=0.3 (original recipe, untuned)",official-test,0.6655,0.3464,0.4691,2.2204,0.575,633.0,mfmn/results/expv2_aux_targets_final_results.json,
Fu,MFMN + H2 raw context,"Variance/correlation-pruned raw descriptors, no PCA",CV,0.5932,0.3671,0.494,2.3285,0.5339,,mfmn/results/expv2_aux_h2_confirm_results.json,
Fu,MFMN + H6 FCFP6,+ frequency-pruned FCFP6 fingerprints,CV,0.6195,0.3557,0.4778,2.2685,0.548,,mfmn/results/expv2_aux_h6_confirm_results.json,
Fu,MFMN_Attention,Multi-head self-attention across 7 factors,CV,,,,,,,mfmn/results/expv2_aux_h8_confirm_results.json (pKa arms only recorded),"Attention was screened on all 3 targets together (Section 4.6); Fu-specific: R2 0.60->0.59 (3-fold screen), worse -- discarded, no full confirm run"
Fu,ChemBERTa embedding,+ pretrained ChemBERTa (64-dim PCA) added to raw+FCFP6 context,CV,0.6061,0.3619,0.4861,2.3012,0.5493,,mfmn/results/expv2_aux_h10_chemberta_results.json,
Fu,Evidential regression,Deep evidential regression head (uncertainty-aware) on the H7 recipe,CV,0.6041,0.3616,0.4873,2.2995,0.547,,mfmn/results/expv2_aux_h9_evidential_results.json,
Fu,GraphMPNN (GNN),From-scratch graph encoder (no localized site for Fu -- mean+max pool only),CV,0.5739,0.3738,0.5056,2.3647,0.5319,4674.0,results/v3/e14_fu_gnn/e14_summary.json,
Fu,"MFMN_DynGate (H7, CV)","+ input-conditioned GLU gating on H6 context, before any loss reweighting",CV,0.6277,0.3503,0.4726,2.2403,0.5572,,mfmn/results/expv2_aux_h7_confirm_results.json,
Fu,"MFMN_DynGate (official, unweighted)","10-seed ensemble, official test split -- this package's original delivery",official-test,0.7113,0.3204,0.4358,2.0913,0.6019,633.0,mfmn/results/expv2_aux_campaign_final_dyngate_results.json,
Fu,+ CV-tuned classical blend,"DynGate + RF/SVM/XGB, alpha selected via nested CV (H13) -- rejected",official-test,0.7082,0.3238,0.4382,2.1079,0.5814,633.0,mfmn/results/expv2_aux_h13_final_confirmation_results.json,"Looked like a robust CV win (H13 3-repeat) but WORSE on official test -- rejected, see ablation_study README"
Fu,+ AMIN pairwise interaction,Explicit lipophilicity×polarity×binding Hadamard products (H17-1) -- rejected,CV,0.6248,0.3515,0.4744,2.2466,0.5561,,mfmn/results/h17_confirm_results.json (3-repeat mean),Looked like a broad win on 1 seed; every delta smaller than its own std under 3-repeat confirmation -- rejected
Fu,MFMN_DynGate + 1.25x low-fu weighting -- FINAL,"10-seed ensemble, official test split, low-fu loss reweighting (H15)",official-test,0.7121,0.3193,0.4352,2.086,0.613,633.0,mfmn_benchmark_package/outputs/05_Fu_official_test_summary.csv (this session's confirmed final result),CHOSEN MODEL -- the only one of 7 post-delivery improvement ideas (H11-H17) that survived CV confirmation AND held up on official test
