target,PubChem_CID,Name,y_obs,y_jia,y_ours,abs_err_jia,abs_err_ours
pKa_Acidic,1978,acebutolol,13.91,13.43720129,13.72442793777011,0.4727987099999993,0.1855720622298893
pKa_Acidic,60172,adefovir,1.35,1.569874908,1.2673807574162936,0.21987490799999998,0.08261924258370645
pKa_Acidic,135401907,allopurinol,8.47,8.915658455,7.146092441741466,0.44565845500000023,1.3239075582585347
pKa_Acidic,2099,alosetron,13.32,12.96386204,13.5506283729362,0.35613795999999986,0.23062837293620042
pKa_Acidic,2141,amifostine,2.06,1.819064269,1.0972465336655872,0.240935731,0.9627534663344128
pKa_Acidic,2165,amodiaquine,9.1,8.545803529,9.045615314102111,0.5541964709999991,0.054384685897888474
pKa_Acidic,33613,amoxicillin,3.23,3.070326953,3.06019024803624,0.15967304700000007,0.16980975196376003
pKa_Acidic,6249,ampicillin,3.24,3.165223981,3.1771164442551383,0.0747760190000002,0.06288355574486193
pKa_Acidic,2179,amsacrine,10.82,10.48507667,10.355529734494857,0.3349233300000005,0.4644702655051436
pKa_Acidic,54766,bambuterol,13.91,12.40065873,14.107976409542545,1.5093412700000002,0.19797640954254447
pKa_Acidic,2381,biperiden,13.82,13.25716276,13.867737173692957,0.5628372400000003,0.0477371736929566
pKa_Acidic,60726,bromfenac,3.81,3.498334627,3.680620919550287,0.31166537299999986,0.12937908044971325
pKa_Acidic,71733,bufuralol,13.06,13.20321378,13.280472149046858,0.14321377999999996,0.22047214904685752
pKa_Acidic,5361092,butorphanol,9.86,9.924351724,10.19195578849088,0.06435172399999978,0.33195578849088037
pKa_Acidic,5479537,cefepime,2.82,3.326704221,2.627884837879963,0.5067042210000001,0.19211516212003676
pKa_Acidic,5487888,cefetamet,2.72,2.967069081,2.459565255887886,0.2470690809999998,0.2604347441121142
pKa_Acidic,5362065,cefixime,2.62,2.707112225,1.7002755681257389,0.08711222499999982,0.9197244318742612
pKa_Acidic,9852981,ceftaroline fosamil,1.76,1.536788119,0.083829411996827,0.2232118810000001,1.676170588003173
pKa_Acidic,38103,cephradine,3.27,3.215340307,3.196572799967745,0.054659693000000065,0.07342720003225489
pKa_Acidic,446156,cerivastatin,4.05,4.053632536,4.289137506383846,0.0036325360000004636,0.23913750638384634
pKa_Acidic,2708,chlorambucil,4.46,3.934949236,4.727136099330401,0.525050764,0.2671360993304006
pKa_Acidic,84029,clarithromycin,12.46,12.74280182,12.596573563697048,0.28280181999999954,0.13657356369704665
pKa_Acidic,60063,clinafloxacin,5.45,5.254924175,5.35320241496566,0.19507582499999998,0.09679758503434055
pKa_Acidic,446598,clindamycin,12.41,12.21509252,12.41040280142285,0.19490747999999947,0.0004028014228492083
pKa_Acidic,2802,clonazepam,11.65,11.14651248,12.25189028919555,0.5034875200000002,0.6018902891955502
pKa_Acidic,5284371,codeine,13.78,13.49832236,13.853318494679886,0.28167763999999984,0.07331849467988683
pKa_Acidic,151171,conivaptan,12.26,11.64599502,12.907628580431304,0.6140049799999989,0.647628580431304
pKa_Acidic,2907,cyclophosphamide,13.48,10.92455634,12.562804374549708,2.55544366,0.917195625450292
pKa_Acidic,216210,dabigatran,3.18,3.224587417,3.345675208101336,0.044587416999999796,0.16567520810133596
pKa_Acidic,71329,dofetilide,10.15,8.490032431,9.822802635031872,1.6599675690000009,0.32719736496812857
pKa_Acidic,3151,domperidone,12.52,12.32522624,12.532391096309713,0.19477376000000035,0.012391096309713134
pKa_Acidic,681,dopamine,10.01,9.745906101,10.152025601601016,0.2640938990000006,0.1420256016010164
pKa_Acidic,3157,doxazosin,12.67,12.54640948,13.489793684324306,0.12359052000000048,0.8197936843243063
pKa_Acidic,31703,doxorubicin,8.0,8.018662975,8.19598547104437,0.018662974999999804,0.19598547104437003
pKa_Acidic,5462501,enalaprilat,3.13,3.236508425,2.793970794311646,0.1065084249999999,0.3360292056883538
pKa_Acidic,3229,enoxacin,5.31,5.315430323,5.545822558791744,0.00543032300000057,0.23582255879174419
pKa_Acidic,1676,enprofylline,7.46,7.971214746,8.082839057124858,0.5112147460000003,0.6228390571248577
pKa_Acidic,68741,epristeride,4.35,4.615539043,4.671671405197829,0.2655390430000004,0.32167140519782933
pKa_Acidic,5281037,eprosartan,3.47,3.854348499,3.430207184781635,0.3843484989999997,0.039792815218365085
pKa_Acidic,8223,ergotamine,9.69,9.86085365,9.68704688378843,0.17085364999999975,0.002953116211569906
pKa_Acidic,150610,ertapenem,3.22,3.067339064,2.8464802768282533,0.1526609360000002,0.37351972317174686
pKa_Acidic,12560,erythromycin,12.45,12.35268934,12.619229120555202,0.09731065999999977,0.16922912055520278
pKa_Acidic,3306,etilefrine,9.1,9.333489567,9.32476618732176,0.23348956700000123,0.22476618732176057
pKa_Acidic,3325,famotidine,9.29,9.867525393,9.4470865378678,0.5775253930000002,0.15708653786780147
pKa_Acidic,3343,fenoterol,8.85,9.147225424,9.199295000078118,0.2972254240000005,0.34929500007811853
pKa_Acidic,3356,flecainide,13.68,11.00207465,13.946577629811191,2.677925349999999,0.2665776298111915
pKa_Acidic,3357,fleroxacin,5.32,5.37593589,5.474426979918455,0.055935889999999766,0.15442697991845478
pKa_Acidic,135403648,folinic acid,2.55,2.838644144,2.773699435317647,0.28864414400000005,0.22369943531764713
pKa_Acidic,214356,fosfluconazole,0.87,1.279338905,1.3813033839644688,0.4093389049999999,0.5113033839644688
pKa_Acidic,135398740,ganciclovir,10.16,9.397474824,10.266210297607229,0.7625251760000005,0.10621029760722855
pKa_Acidic,5379,gatifloxacin,5.49,5.112987169,5.632055826052611,0.37701283100000005,0.14205582605261036
pKa_Acidic,3519,guanfacine,11.64,11.36931041,11.757756203526082,0.2706895899999999,0.1177562035260813
pKa_Acidic,3559,haloperidol,13.96,13.47549834,14.01746036013391,0.48450166000000117,0.057460360133909205
pKa_Acidic,5291,imatinib,12.69,12.91347207,13.281914298248328,0.2234720699999997,0.5919142982483283
pKa_Acidic,3822,ketanserin,11.82,10.09808405,12.154246017017396,1.7219159499999996,0.33424601701739576
pKa_Acidic,3883,lansoprazole,9.35,9.473030829,9.640011540742153,0.12303082900000106,0.2900115407421531
pKa_Acidic,149096,levofloxacin,5.29,5.090702233,5.6262242947291545,0.19929776700000001,0.3362242947291545
pKa_Acidic,3676,lidocaine,13.78,13.44181068,13.550135995365444,0.3381893199999997,0.22986400463455503
pKa_Acidic,3000540,lincomycin,12.37,12.11234773,12.401729754893504,0.25765226999999946,0.03172975489350449
pKa_Acidic,5362119,lisinopril,3.17,3.09251321,2.871887716432264,0.07748679000000003,0.2981122835677361
pKa_Acidic,3961,losartan,4.26,4.112316369,4.606204060971138,0.1476836309999996,0.34620406097113854
pKa_Acidic,11552706,losmapimod,13.86,12.15031383,14.088713486048963,1.7096861699999994,0.2287134860489637
pKa_Acidic,4030,mebendazole,9.17,9.466056808,8.940228114373246,0.29605680799999945,0.22977188562675366
pKa_Acidic,183797,melagatran,1.77,3.171193398,2.243403830504791,1.4011933980000002,0.47340383050479096
pKa_Acidic,54677470,meloxicam,4.47,4.809816975,4.629820002147857,0.33981697500000063,0.15982000214785685
pKa_Acidic,38853,methyldopa,1.73,2.090426649,1.7377685832167948,0.3604266489999999,0.007768583216794855
pKa_Acidic,4197,milrinone,7.54,10.29882203,7.507143289513834,2.75882203,0.032856710486165674
pKa_Acidic,4212,mitoxantrone,8.21,8.064363639,8.584347100433057,0.1456363610000011,0.37434710043305586
pKa_Acidic,5281040,montelukast,4.4,4.125031818,4.371802698484973,0.2749681820000003,0.02819730151502764
pKa_Acidic,5288826,morphine,10.26,10.31681434,10.31528125647409,0.05681434000000074,0.05528125647409077
pKa_Acidic,4411,nadolol,13.59,13.5904025,13.762966724564624,0.0004024999999998613,0.17296672456462403
pKa_Acidic,5284596,naloxone,10.07,10.09593095,10.11352132522157,0.025930949999999342,0.04352132522156893
pKa_Acidic,11993740,nemonoxacin,5.53,3.981107135,5.421840753603684,1.5488928650000005,0.10815924639631636
pKa_Acidic,47528,nicorandil,13.81,11.6363741,12.769630368245172,2.173625900000001,1.040369631754828
pKa_Acidic,4506,nitrazepam,11.66,10.43126426,12.303212301446347,1.2287357399999994,0.6432123014463471
pKa_Acidic,4583,ofloxacin,5.29,5.090702233,5.622605930772651,0.19929776700000001,0.332605930772651
pKa_Acidic,4634,oxybutynin,11.53,11.62130312,11.450287329093651,0.09130312000000096,0.07971267090634804
pKa_Acidic,4679,pantoprazole,9.54,9.621988857,9.169662700586535,0.08198885700000069,0.37033729941346394
pKa_Acidic,51081,pefloxacin,5.5,5.742997446,5.667998468098872,0.2429974460000004,0.16799846809887242
pKa_Acidic,135398748,penciclovir,11.59,10.93894617,11.94071042633579,0.6510538300000004,0.35071042633579097
pKa_Acidic,4906,prilocaine,13.51,13.34355075,13.431748521534212,0.16644924999999944,0.07825147846578773
pKa_Acidic,4919,procyclidine,13.84,13.45873152,13.93933138883823,0.38126847999999924,0.09933138883823034
pKa_Acidic,107994,quinaprilat,3.07,3.298359625,2.716622456532366,0.22835962499999996,0.35337754346763406
pKa_Acidic,175805,ropivacaine,13.62,13.54227289,13.91280652270822,0.07772710999999966,0.2928065227082204
pKa_Acidic,441243,saquinavir,13.61,12.04126359,12.634638538731362,1.5687364099999996,0.975361461268637
pKa_Acidic,58505,sematilide,8.69,10.56146009,9.306966881346394,1.8714600900000011,0.6169668813463947
pKa_Acidic,5253,sotalol,10.07,10.20991896,9.885642303319663,0.13991895999999926,0.18435769668033686
pKa_Acidic,5215,sulfadiazine,6.99,6.830667423,6.854204142647387,0.1593325769999998,0.1357958573526128
pKa_Acidic,5344,sulfisoxazole,5.8,6.240839708,5.793199901275564,0.4408397080000004,0.006800098724435877
pKa_Acidic,5358,sumatriptan,11.24,11.00892287,11.341959123406898,0.23107713000000096,0.10195912340689794
pKa_Acidic,129211,tamsulosin,9.93,9.2802252,10.209764390157892,0.6497747999999994,0.2797643901578919
pKa_Acidic,11319053,telcagepant,10.69,9.791209683,11.948099158626102,0.8987903169999996,1.258099158626102
pKa_Acidic,65999,telmisartan,3.62,4.180220763,3.73319870686026,0.5602207630000002,0.11319870686025979
pKa_Acidic,5403,terbutaline,8.86,9.462573201,9.13914843558914,0.6025732010000002,0.27914843558914093
pKa_Acidic,151174,tezosentan,3.53,3.242955084,3.9187846972475575,0.2870449159999997,0.3887846972475577
pKa_Acidic,37910,tolamolol,13.98,13.58338588,14.1527167908072,0.3966141200000006,0.1727167908071987
pKa_Acidic,9809656,tomopenem,3.63,3.065603766,3.139459533461841,0.5643962339999997,0.49054046653815897
pKa_Acidic,41781,torsemide,5.92,3.935439536,4.624059895492269,1.9845604639999999,1.2959401045077312
pKa_Acidic,13342,vinblastine,10.87,10.83400805,10.961732550795196,0.03599194999999966,0.09173255079519649
pKa_Acidic,71616,voriconazole,12.7,12.5284853,12.576913955832556,0.17151469999999946,0.12308604416744373
pKa_Acidic,155774,xamoterol,9.95,9.771342697,9.8541079800107,0.1786573029999996,0.09589201998930008
pKa_Acidic,60855,zanamivir,3.49,2.741857088,3.088411609857731,0.748142912,0.401588390142269
pKa_Acidic,68740,zoledronic acid,0.66,0.732194371,0.7483053976532158,0.07219437099999992,0.08830539765321577
pKa_Acidic,60857,zolmitriptan,13.0,11.20794005,12.511453848691795,1.7920599500000005,0.48854615130820456
pKa_Acidic,6433110,zoniporide,10.15,11.10299298,12.666394360343483,0.9529929799999994,2.516394360343483
pKa_Acidic,5735,zopiclone,8.04,8.555509183,10.639719556657948,0.5155091830000007,2.5997195566579485
pKa_Basic,1978,acebutolol,9.57,8.775794166,9.5706452771497,0.7942058339999996,0.0006452771496991971
pKa_Basic,60172,adefovir,3.75,4.174090869,4.49583822172794,0.4240908689999996,0.74583822172794
pKa_Basic,135401907,allopurinol,1.25,1.000773289,1.4275178176530914,0.24922671099999993,0.17751781765309138
pKa_Basic,2099,alosetron,6.81,5.844412594,6.546508367078514,0.965587406,0.26349163292148603
pKa_Basic,2141,amifostine,10.71,11.31457531,10.703067971921044,0.6045753099999995,0.0069320280789568756
pKa_Basic,2165,amodiaquine,10.17,10.23100197,10.19249273468351,0.06100196999999952,0.022492734683510207
pKa_Basic,33613,amoxicillin,7.22,7.10423945,7.303986928146051,0.11576055000000007,0.08398692814605102
pKa_Basic,6249,ampicillin,7.23,7.149569726,7.18863711131945,0.08043027400000025,0.041362888680550824
pKa_Basic,2179,amsacrine,8.44,6.516368007,8.149455650086612,1.9236319929999999,0.29054434991338773
pKa_Basic,54766,bambuterol,9.52,9.967331355,9.644231333209875,0.4473313550000011,0.12423133320987567
pKa_Basic,2381,biperiden,9.3,9.390193075,9.395247456805862,0.0901930749999984,0.09524745680586122
pKa_Basic,60726,bromfenac,1.59,2.053695072,1.0002667578639826,0.46369507199999993,0.5897332421360175
pKa_Basic,71733,bufuralol,9.24,9.636198894,9.57978575094308,0.3961988939999994,0.3397857509430793
pKa_Basic,5361092,butorphanol,10.7,9.741625907,10.27543540239609,0.9583740929999998,0.42456459760390963
pKa_Basic,5479537,cefepime,3.62,4.650822363,3.4479558823078227,1.0308223629999995,0.17204411769217742
pKa_Basic,5487888,cefetamet,3.61,2.870926962,3.628547788366684,0.7390730379999999,0.018547788366684248
pKa_Basic,5362065,cefixime,3.95,4.536975674,3.654237189698392,0.5869756739999996,0.29576281030160834
pKa_Basic,9852981,ceftaroline fosamil,0.35,1.034127185,0.5529418610664918,0.684127185,0.2029418610664918
pKa_Basic,38103,cephradine,7.6,7.22077014,7.609286466686164,0.3792298599999997,0.00928646668616473
pKa_Basic,446156,cerivastatin,5.58,5.007776791,6.012344651289392,0.5722232089999997,0.4323446512893918
pKa_Basic,2708,chlorambucil,1.72,5.751344887,1.8643719371265928,4.031344887,0.1443719371265928
pKa_Basic,84029,clarithromycin,8.38,8.427366684,8.391706125567342,0.04736668399999999,0.01170612556734163
pKa_Basic,60063,clinafloxacin,9.63,9.429957694,9.53848269724606,0.20004230600000028,0.09151730275394065
pKa_Basic,446598,clindamycin,7.55,7.866858255,7.789108669560017,0.31685825500000053,0.23910866956001708
pKa_Basic,2802,clonazepam,1.89,1.583467545,1.67981137283881,0.3065324549999999,0.2101886271611899
pKa_Basic,5284371,codeine,9.19,9.34682739,9.319112002136002,0.15682739000000012,0.1291120021360026
pKa_Basic,151171,conivaptan,6.56,2.525166075,6.559848729511579,4.034833924999999,0.00015127048842078494
pKa_Basic,2907,cyclophosphamide,0.02,0.24653642,-0.1908446318905861,0.22653642000000002,0.21084463189058608
pKa_Basic,216210,dabigatran,12.52,9.650126441,11.528155029164544,2.869873559,0.9918449708354551
pKa_Basic,71329,dofetilide,8.99,7.978768981,8.986452535268768,1.0112310190000002,0.0035474647312323526
pKa_Basic,3151,domperidone,7.03,6.40106284,7.606945890760249,0.6289371600000004,0.5769458907602489
pKa_Basic,681,dopamine,9.27,9.025437347,9.582444134546773,0.24456265299999913,0.312444134546773
pKa_Basic,3157,doxazosin,7.24,4.779159652,7.415618575909773,2.4608403480000005,0.17561857590977237
pKa_Basic,31703,doxorubicin,9.03,9.266682063,9.67600222883604,0.23668206299999994,0.646002228836041
pKa_Basic,5462501,enalaprilat,7.83,7.494522208,8.209305027696292,0.33547779199999983,0.37930502769629193
pKa_Basic,3229,enoxacin,8.59,8.419455289,8.518666332860883,0.1705447109999998,0.07133366713911649
pKa_Basic,1676,enprofylline,1.44,2.204822009,2.1923186879389824,0.764822009,0.7523186879389825
pKa_Basic,68741,epristeride,0.16,-0.507461232,1.2298014998856377,0.6674612320000001,1.0698014998856378
pKa_Basic,5281037,eprosartan,6.67,5.610982108,6.131840871762861,1.059017892,0.5381591282371385
pKa_Basic,8223,ergotamine,7.78,8.208775273,7.95733354477988,0.4287752730000003,0.17733354477987984
pKa_Basic,150610,ertapenem,9.03,8.646700007,9.315729998727951,0.3832999929999996,0.2857299987279518
pKa_Basic,12560,erythromycin,8.38,8.411116565,8.45464844598963,0.031116564999999596,0.07464844598962905
pKa_Basic,3306,etilefrine,9.73,9.69745996,9.428467833285932,0.03254004000000066,0.30153216671406824
pKa_Basic,3325,famotidine,8.38,8.973539522,8.085083252924232,0.5935395219999986,0.294916747075769
pKa_Basic,3343,fenoterol,9.63,10.22997454,9.670344045278885,0.5999745399999998,0.04034404527888391
pKa_Basic,3356,flecainide,9.62,9.535987451,9.31428243894134,0.08401254899999877,0.30571756105865866
pKa_Basic,3357,fleroxacin,5.99,5.673650163,6.411580633209747,0.31634983700000063,0.4215806332097465
pKa_Basic,135403648,folinic acid,4.67,5.083537132,5.010247802572267,0.4135371320000001,0.34024780257226706
pKa_Basic,214356,fosfluconazole,2.57,2.193293803,1.4553731156406926,0.37670619699999985,1.1146268843593072
pKa_Basic,135398740,ganciclovir,0.58,-0.199702858,-0.3511632479073083,0.7797028579999999,0.9311632479073082
pKa_Basic,5379,gatifloxacin,8.73,8.47226186,8.877552014856832,0.2577381400000007,0.14755201485683145
pKa_Basic,3519,guanfacine,8.65,8.773126787,8.456691732303803,0.12312678700000035,0.1933082676961977
pKa_Basic,3559,haloperidol,8.05,8.369802932,8.103968887572382,0.319802932,0.05396888757238116
pKa_Basic,5291,imatinib,7.84,7.895986713,7.549910478747608,0.05598671300000024,0.2900895212523915
pKa_Basic,3822,ketanserin,7.29,7.788252279,7.253392010991464,0.4982522789999999,0.03660798900853646
pKa_Basic,3883,lansoprazole,4.16,4.059913335,3.84437934387853,0.10008666500000007,0.31562065612147006
pKa_Basic,149096,levofloxacin,6.16,5.431340346,6.59248458096516,0.7286596540000003,0.43248458096516007
pKa_Basic,3676,lidocaine,7.75,7.555481586,7.505661263786443,0.19451841400000003,0.24433873621355673
pKa_Basic,3000540,lincomycin,7.97,8.229754972,8.002743626914471,0.25975497200000053,0.03274362691447141
pKa_Basic,5362119,lisinopril,10.21,10.22889604,10.208242907340814,0.01889603999999956,0.0017570926591865543
pKa_Basic,3961,losartan,3.82,4.538052733,3.496675447559857,0.7180527329999999,0.3233245524401429
pKa_Basic,11552706,losmapimod,2.6,4.411258711,3.341920793864238,1.8112587110000002,0.7419207938642378
pKa_Basic,4030,mebendazole,3.42,3.699799627,3.65278665937253,0.27979962700000005,0.2327866593725303
pKa_Basic,183797,melagatran,11.48,12.72798037,13.2223982140841,1.2479803699999987,1.7423982140840995
pKa_Basic,54677470,meloxicam,0.47,3.478888713,2.1741180694256577,3.008888713,1.7041180694256577
pKa_Basic,38853,methyldopa,9.85,9.156738068,9.551868000480535,0.6932619320000004,0.29813199951946423
pKa_Basic,4197,milrinone,4.82,4.054185679,4.794024456056981,0.7658143210000006,0.025975543943019375
pKa_Basic,4212,mitoxantrone,9.22,9.691755454,9.127500889614044,0.4717554540000002,0.09249911038595648
pKa_Basic,5281040,montelukast,3.12,3.099197436,3.2794319253694524,0.020802564000000245,0.15943192536945228
pKa_Basic,5288826,morphine,9.12,8.99656538,9.268935022733611,0.12343461999999938,0.14893502273361214
pKa_Basic,4411,nadolol,9.76,10.15916156,9.779578671312253,0.3991615599999996,0.019578671312252993
pKa_Basic,5284596,naloxone,7.84,7.490493879,8.151048421660676,0.3495061210000001,0.3110484216606757
pKa_Basic,11993740,nemonoxacin,9.66,9.747772343,9.67373695252264,0.08777234299999925,0.013736952522640067
pKa_Basic,47528,nicorandil,3.62,1.374164221,3.488597128319656,2.245835779,0.13140287168034392
pKa_Basic,4506,nitrazepam,2.65,1.756228914,2.2381160074360045,0.8937710859999999,0.41188399256399544
pKa_Basic,4583,ofloxacin,6.16,5.431340346,6.517825240835165,0.7286596540000003,0.3578252408351652
pKa_Basic,4634,oxybutynin,8.77,8.669973914,8.507757961308457,0.10002608599999974,0.26224203869154294
pKa_Basic,4679,pantoprazole,3.55,2.930398376,3.210181220153101,0.619601624,0.3398187798468988
pKa_Basic,51081,pefloxacin,6.44,6.526965945,6.56619385944262,0.08696594499999932,0.12619385944261996
pKa_Basic,135398748,penciclovir,0.94,3.043176674,2.5755405572296985,2.103176674,1.6355405572296986
pKa_Basic,4906,prilocaine,8.82,7.937339295,8.987135083365741,0.8826607050000002,0.167135083365741
pKa_Basic,4919,procyclidine,9.45,9.931586205,9.337588080355095,0.48158620500000104,0.11241191964490405
pKa_Basic,107994,quinaprilat,7.8,8.06071869,8.44599506948301,0.26071869000000003,0.6459950694830097
pKa_Basic,175805,ropivacaine,7.82,8.114730124,8.012276478704079,0.2947301239999991,0.1922764787040787
pKa_Basic,441243,saquinavir,8.47,7.784921418,8.09620855833347,0.6850785820000009,0.3737914416665298
pKa_Basic,58505,sematilide,9.29,9.51451932,9.076258055825154,0.22451932000000063,0.2137419441748456
pKa_Basic,5253,sotalol,9.43,9.530137751,9.800214135903603,0.10013775100000011,0.37021413590360375
pKa_Basic,5215,sulfadiazine,2.01,1.819486632,1.674968753501565,0.19051336799999974,0.33503124649843485
pKa_Basic,5344,sulfisoxazole,2.17,1.553065778,2.187601934085272,0.616934222,0.01760193408527222
pKa_Basic,5358,sumatriptan,9.54,9.762376083,9.542937278776169,0.22237608300000034,0.0029372787761694497
pKa_Basic,129211,tamsulosin,9.28,9.003575424,9.025669523328848,0.27642457600000014,0.25433047667115183
pKa_Basic,11319053,telcagepant,3.16,2.898552869,2.733609888039537,0.26144713100000017,0.42639011196046317
pKa_Basic,65999,telmisartan,5.86,4.692304679,5.4692311854464055,1.167695321,0.3907688145535948
pKa_Basic,5403,terbutaline,9.76,9.665242074,9.530693676511255,0.09475792599999977,0.22930632348874447
pKa_Basic,151174,tezosentan,3.08,3.510784699,2.645848809995239,0.4307846989999997,0.4341511900047612
pKa_Basic,37910,tolamolol,8.75,9.786266295,8.819539909104416,1.0362662950000008,0.06953990910441554
pKa_Basic,9809656,tomopenem,11.2,11.67844873,11.542404083390394,0.4784487300000002,0.3424040833903952
pKa_Basic,41781,torsemide,4.2,4.476574834,4.527026678208702,0.2765748339999998,0.3270266782087017
pKa_Basic,13342,vinblastine,8.86,9.085722635,8.826647715816756,0.22572263500000034,0.033352284183242986
pKa_Basic,71616,voriconazole,2.01,2.206172207,2.1633436211668324,0.19617220700000004,0.15334362116683264
pKa_Basic,155774,xamoterol,8.76,7.927338279,8.615843966972438,0.832661721,0.14415603302756175
pKa_Basic,60855,zanamivir,11.64,11.90551719,11.755945868980756,0.26551718999999885,0.11594586898075576
pKa_Basic,68740,zoledronic acid,6.68,5.889944362,6.841181429569774,0.7900556380000001,0.16118142956977444
pKa_Basic,60857,zolmitriptan,9.55,8.815517099,9.464278466631152,0.7344829010000016,0.08572153336884902
pKa_Basic,6433110,zoniporide,6.69,8.115136952,8.079390254469164,1.425136952,1.3893902544691636
pKa_Basic,5735,zopiclone,6.86,6.760334469,6.5780537679805295,0.09966553100000031,0.2819462320194708
CL,1978,acebutolol,-0.22184875,-0.4890026985843664,-0.2390489190816879,0.26715394858436636,0.017200169081687894
CL,60172,adefovir,-0.653647026,-0.6369641223636854,-0.7268444716930389,0.01668290363631464,0.07319744569303888
CL,135401907,allopurinol,-0.180456064,-0.3534136320463957,-0.3747420340776443,0.1729575680463957,0.19428597007764428
CL,2099,alosetron,-0.282329497,-0.43387083784999514,-0.3823852986097336,0.15154134084999515,0.1000558016097336
CL,2141,amifostine,0.264581729,-0.6955827419040139,-0.7710551023483276,0.9601644709040139,1.0356368313483277
CL,2165,amodiaquine,1.114610984,-0.3564365481333711,-0.3824493080377579,1.4710475321333711,1.4970602920377578
CL,33613,amoxicillin,-0.70333481,-0.6312669026972194,-0.6581591427326202,0.07206790730278057,0.04517566726737976
CL,6249,ampicillin,-0.774690718,-0.6167345529892111,-0.6794654309749604,0.1579561650107889,0.09522528702503963
CL,2179,amsacrine,-0.588380294,-1.016345347111376,-0.9952714681625366,0.4279650531113759,0.4068911741625366
CL,54766,bambuterol,0.033423755,-0.4782925358926521,-0.2809943109750747,0.511716290892652,0.3144180659750747
CL,2381,biperiden,-0.142667504,-0.5257601360118214,-0.5645232230424881,0.38309263201182137,0.42185571904248814
CL,60726,bromfenac,-1.107905397,-1.0431857006887113,-1.2934371948242187,0.0647196963112886,0.1855317978242188
CL,71733,bufuralol,-0.272458743,-0.45638407555582483,0.0425419628620147,0.18392533255582483,0.3150007058620147
CL,5361092,butorphanol,0.390935107,-0.04722902480314143,0.0350898742675781,0.43816413180314145,0.3558452327324219
CL,5479537,cefepime,-0.879426069,-0.7728977147415059,-0.858900660276413,0.10652835425849405,0.02052540872358699
CL,5487888,cefetamet,-0.943095149,-0.8249007274385829,-0.8983326733112336,0.11819442156141713,0.04476247568876646
CL,5362065,cefixime,-1.22184875,-0.770732040162348,-0.8549118757247924,0.45111670983765195,0.3669368742752075
CL,9852981,ceftaroline fosamil,0.700357528,-0.9174298741355009,-0.7325946807861328,1.6177874021355008,1.4329522087861326
CL,38103,cephradine,-0.70333481,-0.6343090093009849,-0.7130100846290588,0.0690258006990151,0.009675274629058817
CL,446156,cerivastatin,-0.759450752,-0.6283713951131603,-0.8372775971889496,0.1310793568868397,0.07782684518894956
CL,2708,chlorambucil,-0.774690718,-0.4451012820826214,-0.4304747402667999,0.3295894359173786,0.3442159777332001
CL,84029,clarithromycin,-0.358525889,-0.46516126176969214,-0.4497752219438553,0.10663537276969215,0.09124933294385529
CL,60063,clinafloxacin,-0.549750892,-0.7537717235969918,-0.6502311944961547,0.2040208315969918,0.1004803024961547
CL,446598,clindamycin,-0.568636236,-0.6174488514880659,-0.5564773082733154,0.048812615488065925,0.012158927726684587
CL,2802,clonazepam,-1.277366077,-1.2587944290281539,-1.3922049045562743,0.018571647971846073,0.11483882755627439
CL,5284371,codeine,-0.045757491,-0.21959625169382535,-0.1275075048208236,0.17383876069382537,0.0817500138208236
CL,151171,conivaptan,-0.744727495,-0.9435483732638359,-0.5867384284734726,0.19882087826383588,0.15798906652652744
CL,2907,cyclophosphamide,-1.180456064,-0.9032669824207998,-0.8147267460823059,0.2771890815792001,0.36572931791769403
CL,216210,dabigatran,-0.936291441,-0.6766648884004645,-0.5569745779037476,0.2596265525995355,0.37931686309625234
CL,71329,dofetilide,-0.505845406,-0.6522007239949719,-0.4968042552471161,0.1463553179949718,0.009041150752883975
CL,3151,domperidone,-0.244125144,-0.5521145021844368,-0.3668183386325836,0.30798935818443685,0.12269319463258363
CL,681,dopamine,0.597036665,0.04253196977477302,-0.074240818619728,0.5545046952252269,0.6712774836197279
CL,3157,doxazosin,-1.017728767,-0.7959906679580605,-0.854318130016327,0.22173809904193942,0.16341063698367297
CL,31703,doxorubicin,-0.045757491,0.10153910842679313,0.1265587151050567,0.14729659942679313,0.1723162061050567
CL,5462501,enalaprilat,-1.017728767,-0.8127482160811074,-0.7158835291862488,0.20498055091889256,0.30184523781375117
CL,3229,enoxacin,-0.48945499,-0.5592127074061866,-0.5946982324123382,0.06975771740618658,0.10524324241233823
CL,1676,enprofylline,-0.619788758,-0.6551491943125032,-0.6856462061405182,0.035360436312503185,0.0658574481405182
CL,68741,epristeride,-1.70333481,-0.7121793786706961,-0.6154986768960953,0.991155431329304,1.0878361331039048
CL,5281037,eprosartan,-0.943095149,-0.7313949627737225,-0.5875539302825927,0.2117001862262775,0.3555412187174073
CL,8223,ergotamine,-0.045757491,-0.3491946459691806,-0.4920186102390289,0.3034371549691806,0.4462611192390289
CL,150610,ertapenem,-1.568636236,-0.757946333607412,-0.8365318655967713,0.8106899023925879,0.7321043704032286
CL,12560,erythromycin,-0.473660723,-0.43461443750713397,-0.4460714131593704,0.03904628549286604,0.027589309840629628
CL,3306,etilefrine,-0.075720714,-0.4666696650191783,-0.3519948154687881,0.39094895101917826,0.27627410146878806
CL,3325,famotidine,-0.402304814,-0.6928289530424855,-0.7973592221736908,0.2905241390424855,0.3950544081736908
CL,3343,fenoterol,0.240549248,-0.01792753383184568,0.041090703010559,0.2584767818318457,0.199458544989441
CL,3356,flecainide,-0.53165267,-0.7340626528410052,-0.5572322964668274,0.2024099828410052,0.02557962646682732
CL,3357,fleroxacin,-0.841637508,-0.7396903308562384,-0.7938342928886414,0.10194717714376167,0.047803215111358655
CL,135403648,folinic acid,-0.458420756,-0.5978614688787924,-0.6676167607307434,0.13944071287879245,0.2091960047307434
CL,214356,fosfluconazole,-1.107905397,-0.9931597144138793,-0.93671732544899,0.11474568258612061,0.1711880715510099
CL,135398740,ganciclovir,-0.559090918,-0.2870154223457124,-0.4683985441923141,0.27207549565428757,0.09069237380768591
CL,5379,gatifloxacin,-0.774690718,-0.7859501585799425,-0.6114342749118805,0.011259440579942548,0.16325644308811949
CL,3519,guanfacine,-0.568636236,-0.8190669728840483,-0.5683717250823974,0.25043073688404827,0.0002645109176026006
CL,3559,haloperidol,-0.329754147,-0.3089411501579864,-0.3105296820402145,0.020812996842013598,0.01922446495978547
CL,5291,imatinib,-0.70333481,-0.3538074353573886,-0.3215666025876998,0.34952737464261135,0.38176820741230016
CL,3822,ketanserin,-0.395773947,-0.5049046316450703,-0.4647147297859192,0.10913068464507025,0.0689407827859192
CL,3883,lansoprazole,-0.578396073,-0.845132281141013,-1.0215704798698426,0.26673620814101306,0.44317440686984266
CL,149096,levofloxacin,-0.943095149,-0.7406243551642823,-0.7605518102645874,0.20247079383571776,0.18254333873541262
CL,3676,lidocaine,-0.017728767,-0.44517328272314594,-0.4597154259681701,0.42744451572314596,0.44198665896817013
CL,3000540,lincomycin,-0.899629455,-0.7156479674461537,-0.6772446453571319,0.18398148755384636,0.2223848096428681
CL,5362119,lisinopril,-1.142667504,-0.7037420002996475,-0.6219533741474151,0.43892550370035255,0.5207141298525849
CL,3961,losartan,-0.308034897,-0.7118922585003542,-0.7199254155158996,0.40385736150035423,0.41189051851589964
CL,11552706,losmapimod,-0.645507399,-0.8692242385518079,-0.6015201091766358,0.22371683955180788,0.043987289823364195
CL,4030,mebendazole,-0.045757491,-0.7951847340071903,-0.7910023391246795,0.7494272430071902,0.7452448481246795
CL,183797,melagatran,-0.943095149,-0.6980295034020033,-0.7145279109477997,0.2450656455979967,0.22856723805220036
CL,54677470,meloxicam,-2.142667504,-1.8303403463093717,-1.9417606711387636,0.31232715769062813,0.20090683286123623
CL,38853,methyldopa,-0.677780705,-0.32161844162961645,-0.5273689091205597,0.35616226337038354,0.1504117958794403
CL,4197,milrinone,-0.42945706,-0.5691684374247483,-0.723165225982666,0.13971137742474832,0.29370816598266597
CL,4212,mitoxantrone,-0.324221658,-0.27330730938616055,0.0130117774009704,0.05091434861383948,0.33723343540097045
CL,5281040,montelukast,-1.389339837,-0.9919396424874154,-0.7151262581348419,0.3974001945125847,0.6742135788651582
CL,5288826,morphine,0.193124598,-0.04128229388844976,-0.0051866203546524,0.23440689188844976,0.1983112183546524
CL,4411,nadolol,-0.759450752,-0.3225075865670566,-0.1519159287214279,0.4369431654329434,0.6075348232785721
CL,5284596,naloxone,0.139879086,0.06919410296898826,-0.0563178330659866,0.07068498303101176,0.19619691906598663
CL,11993740,nemonoxacin,-0.642065153,-0.685635544219741,-0.6217441976070404,0.043570391219741045,0.02032095539295964
CL,47528,nicorandil,-0.272458743,-0.33867547361934347,-0.2403629124164581,0.06621673061934347,0.0320958305835419
CL,4506,nitrazepam,-1.287350298,-1.151216595893829,-1.234228926897049,0.13613370210617104,0.05312137110295101
CL,4583,ofloxacin,-0.823908741,-0.7406243551642823,-0.7626042068004608,0.08328438583571773,0.061304534199539185
CL,4634,oxybutynin,-0.514278574,-0.32606640854194924,-0.1792563796043396,0.18821216545805075,0.3350221943956604
CL,4679,pantoprazole,-0.879426069,-0.8460651193406827,-0.965968018770218,0.03336094965931724,0.08654194977021801
CL,51081,pefloxacin,-0.920818754,-0.5901499007547116,-0.7225573360919952,0.3306688532452884,0.19826141790800478
CL,135398748,penciclovir,-0.297569464,-0.33911931247318305,-0.470358207821846,0.04154984847318305,0.172788743821846
CL,4906,prilocaine,0.240549248,-0.2752326921479258,-0.2570673376321792,0.5157819401479258,0.4976165856321792
CL,4919,procyclidine,-1.287350298,-0.43645540902063956,-0.4668365061283112,0.8508948889793604,0.8205137918716888
CL,107994,quinaprilat,-1.253365801,-0.8374632291055253,-0.6037180066108704,0.41590257189447466,0.6496477943891296
CL,175805,ropivacaine,-0.48148606,-0.394433467696657,-0.3265786647796631,0.087052592303343,0.15490739522033692
CL,441243,saquinavir,-0.107905397,-0.5580450721970156,-0.3863033056259155,0.4501396751970156,0.2783979086259155
CL,58505,sematilide,-0.653647026,-0.6096524368726262,-0.5252350181341171,0.04399458912737386,0.12841200786588292
CL,5253,sotalol,-0.920818754,-0.7705272170103125,-0.7312412202358246,0.15029153698968756,0.1895775337641754
CL,5215,sulfadiazine,-1.48148606,-1.1811950790335624,-0.934773886203766,0.3002909809664376,0.5467121737962339
CL,5344,sulfisoxazole,-1.744727495,-1.2690267171331429,-1.3054819107055664,0.47570077786685716,0.4392455842944336
CL,5358,sumatriptan,0.056904851,-0.4688870228910992,-0.570139366388321,0.5257918738910992,0.627044217388321
CL,129211,tamsulosin,-1.42945706,-0.7266280149273935,-0.3479064077138901,0.7028290450726066,1.08155065228611
CL,11319053,telcagepant,-0.458420756,-0.6227834261554184,-0.5725288093090057,0.1643626701554184,0.11410805330900575
CL,65999,telmisartan,-0.297569464,-0.8623263344624752,-0.653635710477829,0.5647568704624752,0.356066246477829
CL,5403,terbutaline,-0.690369833,-0.2635843589067888,-0.2199788898229599,0.4267854740932112,0.4703909431770401
CL,151174,tezosentan,-0.313363731,-0.5181065728078207,-0.5887729674577713,0.2047428418078207,0.2754092364577713
CL,37910,tolamolol,-0.075720714,-0.2609472669753164,-0.2275234758853912,0.1852265529753164,0.1518027618853912
CL,9809656,tomopenem,-0.943095149,-0.7622741502033865,-0.9279239892959594,0.1808209987966135,0.015171159704040593
CL,41781,torsemide,-1.49757288,-1.142545453811403,-1.5348371744155884,0.35502742618859706,0.03726429441558832
CL,13342,vinblastine,-0.730487056,-0.4664306918818798,-0.4436773896217346,0.26405636411812017,0.2868096663782654
CL,71616,voriconazole,-0.302770657,-1.0887862030506281,-0.8619996428489685,0.7860155460506282,0.5592289858489685
CL,155774,xamoterol,-0.744727495,-0.43459779419454286,-0.3393837362527847,0.31012970080545715,0.40534375874721534
CL,60855,zanamivir,-1.017728767,-0.744849259184546,-0.8088076949119568,0.2728795078154539,0.2089210720880431
CL,68740,zoledronic acid,-0.879426069,-0.8716615529251945,-0.8910307288169861,0.007764516074805439,0.011604659816986107
CL,60857,zolmitriptan,-0.395773947,-0.2863838203303838,-0.3324952393770218,0.10939012666961623,0.06327870762297821
CL,6433110,zoniporide,0.100370545,-0.6095867604503877,-0.4678071051836013,0.7099573054503877,0.5681776501836013
CL,5735,zopiclone,-0.70333481,-0.5738850529056815,-0.6431600272655487,0.1294497570943185,0.060174782734451315
VDss,1978,acebutolol,0.230448921,0.07079709779832001,0.166103920340538,0.15965182320167998,0.064345000659462
VDss,60172,adefovir,-0.37675071,-0.07917571525575672,-0.2325361460447311,0.29757499474424326,0.14421456395526888
VDss,135401907,allopurinol,-0.236572006,-0.1776069352360281,-0.1159420058131217,0.058965070763971894,0.1206300001868783
VDss,2099,alosetron,0.041392685,0.23782800367479917,0.1335563614964485,0.1964353186747992,0.09216367649644851
VDss,2141,amifostine,-1.045757491,-0.15824242147605333,-0.2575808823108673,0.8875150695239467,0.7881766086891328
VDss,2165,amodiaquine,1.240549248,1.180844479437827,0.8233568727970123,0.059704768562172994,0.4171923752029877
VDss,33613,amoxicillin,-0.602059991,-0.5536759193733989,-0.4817053914070129,0.04838407162660108,0.12035459959298705
VDss,6249,ampicillin,-0.657577319,-0.5695064053234153,-0.4738672375679016,0.0880709136765847,0.18371008143209844
VDss,2179,amsacrine,0.204119983,-0.023003634161755243,0.2700942419469356,0.22712361716175525,0.0659742589469356
VDss,54766,bambuterol,0.204119983,0.23432474031432649,0.2917680785059929,0.03020475731432648,0.0876480955059929
VDss,2381,biperiden,1.079181246,0.5443129131738784,0.4981541246175766,0.5348683328261217,0.5810271213824235
VDss,60726,bromfenac,-0.958607315,-0.593878209152455,-0.761974710226059,0.3647291058475449,0.19663260477394096
VDss,71733,bufuralol,0.230448921,0.5450406637500109,0.7955512166023254,0.3145917427500109,0.5651022956023254
VDss,5361092,butorphanol,1.079181246,0.6885128194121367,0.7212198674678802,0.3906684265878634,0.35796137853211984
VDss,5479537,cefepime,-0.552841969,-0.49626838228585746,-0.6083422422409057,0.05657358671414259,0.05550027324090567
VDss,5487888,cefetamet,-0.552841969,-0.6121213798471248,-0.6166555881500244,0.059279410847124736,0.06381361915002437
VDss,5362065,cefixime,-0.619788758,-0.6151842895583646,-0.6309708237648011,0.004604468441635423,0.011182065764801075
VDss,9852981,ceftaroline fosamil,-0.27572413,-0.5719965140137493,-0.5759059727191925,0.2962723840137493,0.3001818427191925
VDss,38103,cephradine,-0.677780705,-0.5883452354306704,-0.5132242441177368,0.08943546956932957,0.16455646088226317
VDss,446156,cerivastatin,-0.48148606,0.14974022062395959,-0.0445328839123249,0.6312262806239596,0.4369531760876751
VDss,2708,chlorambucil,-0.585026652,-0.4167894469454825,-0.4432496428489685,0.16823720505451756,0.14177700915103153
VDss,84029,clarithromycin,0.176091259,0.520584477640758,0.1333652451634407,0.344493218640758,0.0427260138365593
VDss,60063,clinafloxacin,0.278753601,-0.07772496401865671,0.1746729992330074,0.3564785650186567,0.10408060176699263
VDss,446598,clindamycin,-0.102372909,-0.027374331823223106,-0.0847180873155593,0.0749985771767769,0.0176548216844407
VDss,2802,clonazepam,0.462397998,0.026970709205108127,0.0525857329368591,0.43542728879489184,0.4098122650631409
VDss,5284371,codeine,0.544068044,0.37039780565974945,0.5297067284584045,0.17367023834025053,0.014361315541595476
VDss,151171,conivaptan,-0.119186408,0.05006418992985124,0.1468901261687278,0.16925059792985123,0.2660765341687278
VDss,2907,cyclophosphamide,-0.13667714,-0.10770251003220263,0.0221143148839473,0.028974629967797372,0.1587914548839473
VDss,216210,dabigatran,-0.070581074,-0.08086394521336016,-0.2471606388688087,0.010282871213360162,0.1765795648688087
VDss,71329,dofetilide,0.51851394,0.05401867523870266,0.3381050705909729,0.4644952647612973,0.18040886940902706
VDss,3151,domperidone,0.531478917,0.5152145902338344,0.3490677610039711,0.016264326766165627,0.18241115599602897
VDss,681,dopamine,-0.13076828,0.3463527132869865,0.1553765714168548,0.47712099328698654,0.28614485141685475
VDss,3157,doxazosin,0.113943352,-0.03477269893937875,-0.0219538390636444,0.14871605093937876,0.1358971910636444
VDss,31703,doxorubicin,1.342422681,1.546994414378619,1.1404427349567414,0.204571733378619,0.20197994604325853
VDss,5462501,enalaprilat,-0.420216403,-0.09609338530552805,-0.4031792476773262,0.32412301769447194,0.017037155322673803
VDss,3229,enoxacin,0.301029996,0.16375411127178507,-0.0517620086669921,0.13727588472821495,0.3527920046669921
VDss,1676,enprofylline,-0.200659451,-0.07117274711038991,-0.2710495933890343,0.1294867038896101,0.0703901423890343
VDss,68741,epristeride,-0.26760624,-0.18478727747796406,-0.1896619126200676,0.08281896252203594,0.0779443273799324
VDss,5281037,eprosartan,-0.769551079,-0.4477761191918219,-0.5251296401023865,0.32177495980817805,0.24442143889761347
VDss,8223,ergotamine,0.556302501,-0.057069792824601014,-0.0497466206550598,0.613372293824601,0.6060491216550599
VDss,150610,ertapenem,-0.920818754,-0.6123916041166413,-0.812958586215973,0.30842714988335873,0.10786016778402707
VDss,12560,erythromycin,-0.022276395,0.5470902622671923,0.1072394840419292,0.5693666572671923,0.1295158790419292
VDss,3306,etilefrine,0.322219295,0.5604064880138804,0.2534885928034782,0.23818719301388036,0.06873070219652183
VDss,3325,famotidine,0.079181246,0.17550000839478774,0.1046262823045253,0.09631876239478775,0.025445036304525298
VDss,3343,fenoterol,0.079181246,0.49910125197932076,0.2898885428905487,0.4199200059793208,0.21070729689054873
VDss,3356,flecainide,0.785329835,0.4431682754249614,0.6159556418657303,0.3421615595750386,0.1693741931342697
VDss,3357,fleroxacin,0.204119983,0.15210971995221975,-0.0199306033551692,0.05201026304778025,0.2240505863551692
VDss,135403648,folinic acid,-0.602059991,-0.4293852381862804,-0.4642578363418579,0.17267475281371958,0.13780215465814205
VDss,214356,fosfluconazole,-0.823908741,-0.23622015482505315,-0.6104728281497955,0.5876885861749468,0.21343591285020447
VDss,135398740,ganciclovir,0.0,0.19006858761241466,-0.0678583219647407,0.19006858761241466,0.0678583219647407
VDss,5379,gatifloxacin,0.230448921,0.18340720596191798,0.3947595447301865,0.04704171503808202,0.16431062373018648
VDss,3519,guanfacine,0.748188027,0.19048971170468812,0.2195315882563591,0.5576983152953119,0.5286564387436409
VDss,3559,haloperidol,1.230448921,0.6875685089269452,0.7556237816810608,0.5428804120730548,0.4748251393189392
VDss,5291,imatinib,0.591064607,0.8831116632475848,0.9718826711177826,0.29204705624758487,0.38081806411778263
VDss,3822,ketanserin,0.591064607,0.600277660118589,0.4629266858100891,0.009213053118588999,0.12813792118991085
VDss,3883,lansoprazole,-0.552841969,0.0034522571697407096,-0.0277601435780525,0.5562942261697408,0.5250818254219476
VDss,149096,levofloxacin,0.079181246,0.11743355952923186,0.0913063816726207,0.03825231352923186,0.012125135672620704
VDss,3676,lidocaine,0.255272505,0.11915107833703717,0.0478083617985248,0.1361214266629628,0.2074641432014752
VDss,3000540,lincomycin,0.0,-0.11194435441115054,-0.2041380450129509,0.11194435441115054,0.2041380450129509
VDss,5362119,lisinopril,-0.050609993,-0.056988776908365325,-0.3780276238918304,0.006378783908365326,0.3274176308918304
VDss,3961,losartan,-0.431798276,-0.09382593292559278,-0.2460676312446594,0.3379723430744072,0.18573064475534057
VDss,11552706,losmapimod,0.222716471,0.3449087075733385,0.77959144115448,0.12219223657333853,0.55687497015448
VDss,4030,mebendazole,0.079181246,-0.029269826281016376,-0.2311281263828277,0.10845107228101637,0.3103093723828277
VDss,183797,melagatran,-0.638272164,-0.3687894133156472,-0.5485848248004913,0.2694827506843528,0.08968733919950866
VDss,54677470,meloxicam,-0.823908741,-0.5661720896699085,-0.9479767084121704,0.2577366513300915,0.12406796741217041
VDss,38853,methyldopa,-0.161150909,-0.10629434431518929,-0.2795852810144424,0.05485656468481072,0.1184343720144424
VDss,4197,milrinone,-0.602059991,-0.10116731860773445,-0.1691387355327606,0.5008926723922655,0.43292125546723936
VDss,4212,mitoxantrone,1.079181246,0.569787229817428,0.6612991273403168,0.5093940161825721,0.4178821186596833
VDss,5281040,montelukast,-0.823908741,-0.2404918434013248,0.1483111575245857,0.5834168975986752,0.9722198985245857
VDss,5288826,morphine,0.361727836,0.46985133501865745,0.4966872811317444,0.10812349901865742,0.13495944513174435
VDss,4411,nadolol,0.278753601,0.33589937618077514,0.3732514202594757,0.05714577518077513,0.0944978192594757
VDss,5284596,naloxone,0.230448921,0.6356801570116992,0.4885869920253753,0.4052312360116992,0.25813807102537534
VDss,11993740,nemonoxacin,0.278753601,0.117414024464303,0.1775011487305164,0.16133957653569703,0.10125245226948362
VDss,47528,nicorandil,0.146128036,-0.08829979191583014,-0.0303753726184368,0.2344278279158301,0.17650340861843677
VDss,4506,nitrazepam,0.230448921,-0.03706598368995452,-0.0080811321735382,0.26751490468995454,0.2385300531735382
VDss,4583,ofloxacin,0.204119983,0.11743355952923186,0.093780630081892,0.08668642347076815,0.11033935291810801
VDss,4634,oxybutynin,-0.070581074,0.17047185075395085,0.1707375109195709,0.24105292475395085,0.2413185849195709
VDss,4679,pantoprazole,-0.769551079,-0.07436717257414234,-0.2616587415337562,0.6951839064258576,0.5078923374662438
VDss,51081,pefloxacin,0.176091259,0.146293343844901,0.0479226782917976,0.029797915155098997,0.1281685807082024
VDss,135398748,penciclovir,0.041392685,0.14008688372572378,-0.0408664040267467,0.09869419872572378,0.0822590890267467
VDss,4906,prilocaine,0.568201724,0.2885170557018544,0.2352843031287193,0.27968466829814564,0.33291742087128073
VDss,4919,procyclidine,-0.13076828,0.5794676911461549,0.557135882973671,0.7102359711461549,0.687904162973671
VDss,107994,quinaprilat,-0.886056648,-0.07471813376594537,-0.3882617533206939,0.8113385142340546,0.49779489467930604
VDss,175805,ropivacaine,-0.124938737,0.07003748110192894,0.2501696601510048,0.19497621810192894,0.37510839715100475
VDss,441243,saquinavir,0.556302501,0.1374959062606249,0.4100175574421882,0.4188065947393751,0.1462849435578118
VDss,58505,sematilide,-0.086186148,0.01666085937087054,0.0757507883012294,0.10284700737087055,0.1619369363012294
VDss,5253,sotalol,0.113943352,0.06670440628218198,0.1704500064253807,0.04723894571781802,0.05650665442538069
VDss,5215,sulfadiazine,-0.537602002,-0.10662664199643525,-0.0390275612473487,0.43097536000356473,0.4985744407526513
VDss,5344,sulfisoxazole,-0.769551079,-0.09024354464882267,-0.2260765507817268,0.6793075343511773,0.5434745282182731
VDss,5358,sumatriptan,0.230448921,0.2187674741406252,0.2075824946165085,0.011681446859374806,0.02286642638349151
VDss,129211,tamsulosin,-0.677780705,0.04272128216701127,0.3013771787285805,0.7205019871670113,0.9791578837285805
VDss,11319053,telcagepant,-0.065501549,0.3902508124025975,0.2620975449681282,0.4557523614025975,0.3275990939681282
VDss,65999,telmisartan,0.72427587,-0.1975481904674561,-0.355581983923912,0.9218240604674561,1.079857853923912
VDss,5403,terbutaline,0.176091259,0.5937815143968866,0.5121630966663361,0.41769025539688664,0.3360718376663361
VDss,151174,tezosentan,-0.552841969,-0.35577685827001765,-0.5316820859909057,0.1970651107299824,0.021159883009094327
VDss,37910,tolamolol,0.602059991,0.27663463920224746,0.0499691769480705,0.3254253517977525,0.5520908140519295
VDss,9809656,tomopenem,-0.638272164,-0.5282490526716861,-0.6921673893928528,0.11002311132831388,0.05389522539285285
VDss,41781,torsemide,-0.677780705,-0.1545315779163154,-0.6267081022262573,0.5232491270836845,0.051072602773742704
VDss,13342,vinblastine,1.447158031,0.74835234613238,0.9289553463459016,0.6988056848676201,0.5182026846540985
VDss,71616,voriconazole,0.342422681,0.2678184916047861,0.2314090736210346,0.0746041893952139,0.1110136073789654
VDss,155774,xamoterol,-0.193820026,0.12761216393645375,-0.1111115992069244,0.3214321899364537,0.0827084267930756
VDss,60855,zanamivir,-0.638272164,-0.36277923307471016,-0.4697295308113098,0.2754929309252898,0.16854263318869017
VDss,68740,zoledronic acid,-0.22184875,-0.04355556509913593,-0.2099731460213661,0.17829318490086407,0.011875603978633908
VDss,60857,zolmitriptan,0.255272505,0.2939660814267956,0.3309901595115662,0.038693576426795606,0.0757176545115662
VDss,6433110,zoniporide,0.230448921,0.35900191868010145,0.3426047846674919,0.12855299768010145,0.11215586366749189
VDss,5735,zopiclone,0.113943352,0.4406969017772374,0.2254234664142131,0.3267535497772374,0.1114801144142131
Fu,1978,acebutolol,-0.13076828,-0.5001602512256859,-0.2413754846678074,0.3693919712256859,0.11060720466780741
Fu,60172,adefovir,-0.017728767,-0.01249224171593776,-0.1264915141648793,0.0052365252840622396,0.1087627471648793
Fu,135401907,allopurinol,-0.008773924,-0.28020694716980366,-0.2679801718459023,0.27143302316980367,0.2592062478459023
Fu,2099,alosetron,-0.638272164,-0.7854222971146176,-0.7321869276044304,0.14715013311461766,0.0939147636044304
Fu,2141,amifostine,-0.017728771,-0.08137155609482316,-0.1475264006473364,0.06364278509482316,0.1297976296473364
Fu,2165,amodiaquine,-1.0,-1.2271943686594433,-1.1881915900908304,0.2271943686594433,0.18819159009083042
Fu,33613,amoxicillin,-0.096910013,-0.08910404323220988,-0.1847080922413447,0.007805969767790119,0.08779807924134471
Fu,6249,ampicillin,-0.070581074,0.01131110802332279,-0.1826426364999868,0.08189218202332278,0.1120615624999868
Fu,2179,amsacrine,-1.572676214,-2.449540492536664,-2.489010388144206,0.8768642785366643,0.9163341741442061
Fu,54766,bambuterol,-0.259637307,-0.226153255880887,-0.1646426095399949,0.033484051119112984,0.09499469746000508
Fu,2381,biperiden,-1.013228266,-0.6543888076418581,-0.5917883685128428,0.3588394583581419,0.42143989748715727
Fu,60726,bromfenac,-2.805023443,-1.4482159555647112,-1.6425135400984714,1.356807487435289,1.1625099029015287
Fu,71733,bufuralol,-0.721246399,-0.8295209687282366,-0.9086857431025656,0.10827456972823657,0.18743934410256557
Fu,5361092,butorphanol,-0.698970004,-0.2611395014407654,-0.3249844412875878,0.43783050255923456,0.3739855627124122
Fu,5479537,cefepime,-0.096910013,-0.15111138241564076,-0.1935449270546111,0.05420136941564076,0.0966349140546111
Fu,5487888,cefetamet,-0.107905397,-0.20820350758052308,-0.2706247044818338,0.10029811058052308,0.16271930748183377
Fu,5362065,cefixime,-0.455931956,-0.4019645942948106,-0.3432360799919028,0.053967361705189454,0.11269587600809722
Fu,9852981,ceftaroline fosamil,-0.096910013,-1.119174641926769,-1.2934909989432324,1.022264628926769,1.1965809859432324
Fu,38103,cephradine,-0.022276395,-0.0779867043910778,-0.337699907486968,0.055710309391077795,0.315423512486968
Fu,446156,cerivastatin,-2.096910013,-1.580621404335084,-1.7640864236997964,0.5162886086649161,0.3328235893002036
Fu,2708,chlorambucil,-0.472370099,-1.271143377007673,-1.5425843901615706,0.7987732780076731,1.0702142911615706
Fu,84029,clarithromycin,-0.236572006,-0.41509411165436305,-0.5870847706820034,0.17852210565436305,0.3505127646820034
Fu,60063,clinafloxacin,-0.017728767,-0.569598147905219,-0.4381134148383335,0.551869380905219,0.4203846478383335
Fu,446598,clindamycin,-1.22184875,-0.21068866848785678,-0.3561394172702984,1.011160081512143,0.8657093327297015
Fu,2802,clonazepam,-0.823908741,-1.1933171328480912,-1.3918624377330358,0.36940839184809116,0.5679536967330358
Fu,5284371,codeine,-0.075720714,-0.08598262930482986,-0.2072362058925697,0.010261915304829866,0.1315154918925697
Fu,151171,conivaptan,-2.301029996,-1.9941528938255395,-1.91367813405791,0.3068771021744605,0.3873518619420899
Fu,2907,cyclophosphamide,-0.096910013,-0.11722610176234546,-0.0729757506440086,0.02031608876234546,0.0239342623559914
Fu,216210,dabigatran,-0.276708554,-0.6640072716436907,-0.7795460942951532,0.38729871764369067,0.5028375402951533
Fu,71329,dofetilide,-0.417325893,-1.2052066881942005,-0.8737521717044547,0.7878807951942005,0.45642627870445474
Fu,3151,domperidone,-1.091514981,-1.0639929483924073,-1.2362887215555576,0.027522032607592672,0.14477374055555758
Fu,681,dopamine,-0.045757495,-0.16055630284387892,-0.2824834254589413,0.11479880784387891,0.23672593045894127
Fu,3157,doxazosin,-1.607889538,-1.5030895359952772,-1.5508605280540493,0.10480000200472284,0.057029009945950726
Fu,31703,doxorubicin,-0.602059991,-1.3275233530245427,-1.281281737781771,0.7254633620245428,0.6792217467817709
Fu,5462501,enalaprilat,-0.207608311,-0.39021148105152903,-0.325989185339894,0.18260317005152904,0.11838087433989403
Fu,3229,enoxacin,-0.187086643,-0.08951493742472161,-0.2891937647411909,0.09757170557527839,0.10210712174119091
Fu,1676,enprofylline,-0.37135275,-0.27925768997188427,-0.2428403480645094,0.09209506002811574,0.1285124019354906
Fu,68741,epristeride,-1.522878745,-1.4255871377447746,-1.3753738199276793,0.09729160725522545,0.14750492507232082
Fu,5281037,eprosartan,-1.657577319,-1.5821641669758597,-1.8420130377978652,0.07541315202414034,0.18443571879786513
Fu,8223,ergotamine,-1.698970004,-1.1259689575466156,-1.282079044999588,0.5730010464533843,0.41689095900041195
Fu,150610,ertapenem,-1.15490196,-0.2961420378108289,-0.3563878428969069,0.8587599221891711,0.798514117103093
Fu,12560,erythromycin,-1.0,-0.33946579880252414,-0.5211293186764975,0.6605342011974759,0.4788706813235025
Fu,3306,etilefrine,-0.113509275,-0.08928693499318675,-0.2829564266068544,0.024222340006813253,0.16944715160685436
Fu,3325,famotidine,-0.083546051,-0.7200472455671119,-0.2945593151492187,0.6365011945671118,0.21101326414921867
Fu,3343,fenoterol,-0.275724137,-0.8735802026355981,-0.5443350408281618,0.5978560656355981,0.2686109038281618
Fu,3356,flecainide,-0.250509954,-1.105718455127531,-1.1340514679501446,0.855208501127531,0.8835415139501446
Fu,3357,fleroxacin,-0.13667714,-0.2954113989193589,-0.236065215233225,0.1587342589193589,0.09938807523322499
Fu,135403648,folinic acid,-1.060480747,-0.48193350594143874,-0.6019995484776622,0.5785472410585613,0.4584811985223377
Fu,214356,fosfluconazole,-1.380211243,-0.8139478727456569,-0.5145789078546885,0.566263370254343,0.8656323351453115
Fu,135398740,ganciclovir,-0.00656377,0.016519387708731754,-0.1406534778065508,0.023083157708731754,0.1340897078065508
Fu,5379,gatifloxacin,-0.096910013,-0.3163062591232628,-0.305929928385802,0.2193962461232628,0.209019915385802
Fu,3519,guanfacine,-0.494850022,-0.5203894913741732,-0.4681160004258654,0.02553946937417323,0.026734021574134625
Fu,3559,haloperidol,-0.612610174,-0.8974738947904773,-0.7002366833647408,0.2848637207904774,0.08762650936474081
Fu,5291,imatinib,-1.072119311,-1.3562160141366242,-1.2406476112623417,0.28409670313662416,0.16852830026234167
Fu,3822,ketanserin,-1.259637311,-0.8327483491345096,-1.335607580028683,0.4268889618654905,0.07597026902868298
Fu,3883,lansoprazole,-1.739430958,-1.57725729766992,-1.7830772485804611,0.16217366033008007,0.0436462905804611
Fu,149096,levofloxacin,-0.161150909,-0.3500222957102909,-0.4023980698337562,0.1888713867102909,0.2412471608337562
Fu,3676,lidocaine,-0.522878745,-0.45808052229227864,-0.4599698756488118,0.06479822270772134,0.06290886935118817
Fu,3000540,lincomycin,-0.552841969,-0.041135477426153165,-0.2649974346457001,0.5117064915738468,0.28784453435429996
Fu,5362119,lisinopril,0.0,-0.31913904893748957,-0.2501738846472673,0.31913904893748957,0.2501738846472673
Fu,3961,losartan,-1.853871964,-1.8982158201989203,-1.6939518020870352,0.04434385619892023,0.15992016191296488
Fu,11552706,losmapimod,-0.924818145,-1.405407686960162,-1.0328820636126823,0.4805895419601619,0.10806391861268227
Fu,4030,mebendazole,-1.124938737,-1.518782130458681,-1.3379324314150942,0.39384339345868113,0.2129936944150943
Fu,183797,melagatran,-0.266000713,-0.07128668033179703,-0.3472154586174652,0.19471403266820297,0.08121474561746522
Fu,54677470,meloxicam,-2.522878745,-1.6838809079334118,-1.9388985446442493,0.838997837066588,0.5839802003557506
Fu,38853,methyldopa,-0.070581074,-0.14278809493425668,-0.2394485151808934,0.07220702093425668,0.16886744118089342
Fu,4197,milrinone,-0.522878745,-0.7208447961077349,-0.7530919248569659,0.1979660511077349,0.23021317985696588
Fu,4212,mitoxantrone,-0.660051938,-0.8751594315531839,-0.6287266562778469,0.21510749355318393,0.0313252817221531
Fu,5281040,montelukast,-2.397940009,-2.963093771639711,-2.390867067486119,0.565153762639711,0.007072941513881048
Fu,5288826,morphine,-0.170696227,0.08050334012484664,-0.205915560099993,0.25119956712484665,0.035219333099993005
Fu,4411,nadolol,-0.53387413,0.0059443638752394974,-0.2197743206946978,0.5398184938752394,0.3140998093053021
Fu,5284596,naloxone,-0.255707017,-0.15626330843737268,-0.2994469799443889,0.0994437085626273,0.04373996294438892
Fu,11993740,nemonoxacin,-0.075720714,-0.6042719628350126,-0.751453326489728,0.5285512488350126,0.6757326124897279
Fu,47528,nicorandil,-0.124938737,-0.05630811984572929,-0.1794461822141385,0.06863061715427071,0.0545074452141385
Fu,4506,nitrazepam,-0.886056648,-0.8652609977738337,-1.133559990981693,0.02079565022616625,0.24750334298169296
Fu,4583,ofloxacin,-0.167491087,-0.3500222957102909,-0.3937136468066678,0.1825312087102909,0.2262225598066678
Fu,4634,oxybutynin,-1.453567191,-1.1681042072065195,-1.2509670931934638,0.28546298379348056,0.20260009780653632
Fu,4679,pantoprazole,-1.698970004,-1.669719782590645,-1.5164044030903931,0.02925022140935507,0.18256560090960683
Fu,51081,pefloxacin,-0.124938737,-0.26412188523669855,-0.2798398266850984,0.13918314823669856,0.1549010896850984
Fu,135398748,penciclovir,-0.045757491,-0.016447889311106197,-0.1032581423709816,0.0293096016888938,0.057500651370981606
Fu,4906,prilocaine,-0.145693958,-0.3551182397835909,-0.2536028431266633,0.2094242817835909,0.1079088851266633
Fu,4919,procyclidine,-0.301029996,-0.5491909513205572,-0.4845985289582947,0.24816095532055715,0.18356853295829467
Fu,107994,quinaprilat,-0.494850022,-0.7584667252443518,-0.9682907421414428,0.26361670324435177,0.47344072014144284
Fu,175805,ropivacaine,-1.22184875,-0.9178408202911527,-0.7227567767886158,0.30400792970884727,0.4990919732113841
Fu,441243,saquinavir,-1.698970004,-1.2594775116427928,-1.3092031775145831,0.4394924923572072,0.38976682648541683
Fu,58505,sematilide,-0.017728767,-0.33633937542822545,-0.307870878337514,0.3186106084282255,0.290142111337514
Fu,5253,sotalol,-0.000434512,-0.18860536499129557,-0.348386333988693,0.18817085299129557,0.347951821988693
Fu,5215,sulfadiazine,-0.346787486,-0.4592463791255371,-0.4591231190886838,0.11245889312553714,0.11233563308868383
Fu,5344,sulfisoxazole,-1.102372909,-0.696226358653374,-0.8181923082430911,0.40614655034662606,0.284180600756909
Fu,5358,sumatriptan,-0.083546051,-0.03515314862807581,-0.2105533114980704,0.04839290237192419,0.12700726049807043
Fu,129211,tamsulosin,-2.0,-1.1214223242749262,-0.9152200253478848,0.8785776757250738,1.0847799746521152
Fu,11319053,telcagepant,-1.387216143,-1.1967414965714247,-1.3678252917835785,0.19047464642857537,0.01939085121642159
Fu,65999,telmisartan,-2.22184875,-2.5752984859847334,-2.169222417413697,0.3534497359847335,0.052626332586303004
Fu,5403,terbutaline,-0.13076828,-0.11364247475689608,-0.2367477402428959,0.017125805243103906,0.10597946024289592
Fu,151174,tezosentan,-2.057991947,-1.4729540957549723,-1.633576427551788,0.5850378512450278,0.4244155194482122
Fu,37910,tolamolol,-1.045757491,-0.9771632953191115,-0.4434670859712625,0.06859419568088854,0.6022904050287375
Fu,9809656,tomopenem,-0.045757491,-0.28292251647911,-0.3626975828096476,0.23716502547911,0.3169400918096476
Fu,41781,torsemide,-2.0,-1.6318186977588975,-1.6923943404276034,0.36818130224110246,0.3076056595723966
Fu,13342,vinblastine,-0.853871964,-0.34197349206680555,-0.3571665648572219,0.5118984719331945,0.49670539914277806
Fu,71616,voriconazole,-0.37675071,-0.6216553424578476,-0.4784480125316728,0.2449046324578476,0.1016973025316728
Fu,155774,xamoterol,-0.013228266,-0.13485279891576424,-0.1861541776856558,0.12162453291576424,0.1729259116856558
Fu,60855,zanamivir,-0.045757491,0.1234835866865177,-0.2559327100162653,0.1692410776865177,0.2101752190162653
Fu,68740,zoledronic acid,-0.107905401,-0.412012604199127,-0.2523498290914302,0.304107203199127,0.1444444280914302
Fu,60857,zolmitriptan,-0.124938737,-0.1864558973416651,-0.2212493467082471,0.0615171603416651,0.09631060970824712
Fu,6433110,zoniporide,-0.468521083,-0.6876644533066726,-0.6256004865585595,0.21914337030667258,0.15707940355855948
Fu,5735,zopiclone,-0.698970004,-0.618756201203183,-0.4327627512906605,0.080213802796817,0.2662072527093395
