ID_trend,PubChem_CID,Name,InfusionTime_min,CL_observed,CL_ours,VDss_observed,VDss_ours,Cmax_observed,Cmax_ours,Cmax_folderror_ours,Cmax_folderror_jia
240,9852981,ceftaroline fosamil,60.0,5.016,0.18509953136770885,0.53,0.26551803617380626,0.19934657418751672,2.711975890271032,13.604326541975048,15.067713922273722
1189,65999,telmisartan,20.0,0.504,0.22200578404448632,5.3,0.4409791094493631,0.1857202049886685,2.0876196493509567,11.240670607047468,8.186926557246117
1167,129211,tamsulosin,240.0,0.0372,0.4488421068717361,0.21,2.001599476338518,3.41164618124185,0.3298461098856329,10.343145118263683,5.188847337480115
832,5281040,montelukast,5.0,0.0408,0.19269646244045993,0.15,1.4070552712937159,6.591678755021168,0.7066640585313931,9.32788172179035,3.816870605835121
60,2141,amifostine,0.1,1.839,0.16941228401542063,0.09,0.5526104810666286,10.924043160790404,1.8091306716703497,6.038283100194393,7.59007381320031
1021,4919,procyclidine,2.0,0.0516,0.3413213807914454,0.74,3.6069147927943837,1.3497820780118848,0.2768084504737011,4.8762314723485085,5.133681582367799
466,8223,ergotamine,5.0,0.9,0.3220930766099413,3.6,0.89177107015762,0.2749042489167978,1.1046563129628886,4.018331172819458,4.061494135308702
151,2381,biperiden,5.0,0.72,0.2725691984018412,12.0,3.1488656011518876,0.08312534678862811,0.3164320334009366,3.8066852726108062,3.4230606978872355
1244,37910,tolamolol,0.1,0.84,0.592211073908799,4.0,1.1219388244487376,0.2499562551037201,0.8909222458486366,3.564312665345965,2.115418978515246
743,11552706,losmapimod,15.0,0.2262,0.25031097439831856,1.67,6.019929998085073,0.5887774636374191,0.1652544823326306,3.562853214790901,1.3127174591780908
