endpoint,metric,jia,ours,diff_ours_minus_jia,diff_ci_lo,diff_ci_hi,verdict
AUC,R2,0.43257094615058633,0.4106998950237015,-0.02187105112688481,-0.10894428467763519,0.058297335592404624,CI includes 0
AUC,MAE,0.2943296530496101,0.290786320879787,-0.00354333216982311,-0.026935751116409612,0.019986020156629078,CI includes 0
AUC,RMSE,0.4018644543403839,0.40953598518662515,0.007671530846241226,-0.019400794516249004,0.03655448101908621,CI includes 0
AUC,GMFE,1.9693805891113927,1.9533781292175505,-0.01600245989384219,-0.12130702591711527,0.09265044310653253,CI includes 0
AUC,within_2fold,0.6415094339622641,0.6132075471698113,-0.028301886792452824,-0.10377358490566035,0.047169811320754707,CI includes 0
AUC,within_3fold,0.8584905660377359,0.8301886792452831,-0.028301886792452824,-0.07547169811320753,0.018867924528301883,CI includes 0
AUC,within_5fold,0.9056603773584906,0.9245283018867925,0.018867924528301883,0.0,0.047169811320754707,CI includes 0
AUC,median_FE,1.6472068618421052,1.578651690490948,-0.06855517135115718,-0.24857070951807603,0.14789232912250827,CI includes 0
AUC,mean_FE,2.7939993320906464,2.7675912748572644,-0.02640805723338202,-0.3898518058335373,0.2625007171058968,CI includes 0
Cmax,R2,0.5721893609472799,0.6151655928787516,0.04297623193147171,-0.04263230522255435,0.12176203709606655,CI includes 0
Cmax,MAE,0.2722591540169561,0.24906454681701923,-0.02319460719993688,-0.053654703308720283,0.008112863270636466,CI includes 0
Cmax,RMSE,0.3602675920985043,0.3416932139086445,-0.018574378189859797,-0.053435170683596454,0.01689001844774678,CI includes 0
Cmax,GMFE,1.8717987547472683,1.7744531885795052,-0.09734556616776313,-0.22848916892366508,0.03436443133467277,CI includes 0
Cmax,within_2fold,0.6320754716981132,0.6886792452830188,0.05660377358490565,-0.037735849056603765,0.15094339622641506,CI includes 0
Cmax,within_3fold,0.8018867924528302,0.839622641509434,0.037735849056603765,-0.028301886792452824,0.10377358490566035,CI includes 0
Cmax,within_5fold,0.9433962264150944,0.9528301886792453,0.009433962264150941,-0.018867924528301883,0.047169811320754707,CI includes 0
Cmax,median_FE,1.596737532933202,1.4522312561579642,-0.14450627677523786,-0.40059947285627584,0.00923442987049158,CI includes 0
Cmax,mean_FE,2.248036136174098,2.1656795909607327,-0.08235654521336544,-0.2852791640749399,0.1444426994748269,CI includes 0
