endpoint,arm,metric,value,value_ci_lo,value_ci_hi,seed_mean,seed_sd,n_seeds
AUC,jia,R2,0.43257094615058633,0.2339370843020967,0.5952434643035263,,,
AUC,jia,MAE,0.2943296530496101,0.24552769476028968,0.34978668464688917,,,
AUC,jia,RMSE,0.4018644543403839,0.31888415538174486,0.4899399787675259,,,
AUC,jia,GMFE,1.9693805891113927,1.7600608986189847,2.2376218007975193,,,
AUC,jia,within_2fold,0.6415094339622641,0.5471698113207547,0.7264150943396226,,,
AUC,jia,within_3fold,0.8584905660377359,0.7924528301886793,0.9245283018867925,,,
AUC,jia,within_5fold,0.9056603773584906,0.8490566037735849,0.9528301886792453,,,
AUC,jia,median_FE,1.6472068618421052,1.5274984757553516,1.8604658118606021,,,
AUC,jia,mean_FE,2.7939993320906464,2.034368625187413,3.8772721092635316,,,
AUC,ours,R2,0.4106998950237015,0.22267686632796677,0.5693513569609101,0.34736420694991704,0.03565856198857141,10.0
AUC,ours,MAE,0.290786320879787,0.23867061278964724,0.3489370568934374,0.3127741086002996,0.010113243462073984,10.0
AUC,ours,RMSE,0.40953598518662515,0.32882305901780934,0.49092937768478667,0.4308374392412363,0.011770443095541342,10.0
AUC,ours,GMFE,1.9533781292175505,1.7324895065068224,2.2332485305809064,2.055320776927144,0.04754712486787064,10.0
AUC,ours,within_2fold,0.6132075471698113,0.5188679245283019,0.7075471698113207,0.5962264150943396,0.02546975689473784,10.0
AUC,ours,within_3fold,0.8301886792452831,0.7547169811320755,0.8962264150943396,0.7877358490566039,0.021899981567899553,10.0
AUC,ours,within_5fold,0.9245283018867925,0.8679245283018868,0.9716981132075472,0.9018867924528303,0.01348906326385359,10.0
AUC,ours,median_FE,1.578651690490948,1.456570867767182,1.917009003531527,1.70194422368009,0.03243019233100133,10.0
AUC,ours,mean_FE,2.7675912748572644,2.0865671187550383,3.657583961107037,2.9594104230543894,0.14540385401417957,10.0
Cmax,jia,R2,0.5721893609472799,0.4154682767353443,0.686185756339782,,,
Cmax,jia,MAE,0.2722591540169561,0.22910079570566017,0.3179492498110089,,,
Cmax,jia,RMSE,0.3602675920985043,0.3049845416542974,0.41505972896099397,,,
Cmax,jia,GMFE,1.8717987547472683,1.6947310861321079,2.0794536749629953,,,
Cmax,jia,within_2fold,0.6320754716981132,0.5377358490566038,0.7169811320754716,,,
Cmax,jia,within_3fold,0.8018867924528302,0.7264150943396226,0.8773584905660378,,,
Cmax,jia,within_5fold,0.9433962264150944,0.8962264150943396,0.9811320754716981,,,
Cmax,jia,median_FE,1.596737532933202,1.4290892304103686,1.8632571404389402,,,
Cmax,jia,mean_FE,2.248036136174098,1.9303473477866164,2.632372735934848,,,
Cmax,ours,R2,0.6151655928787516,0.44149584750159504,0.7414511633429283,0.573683824526678,0.02964841468193213,10.0
Cmax,ours,MAE,0.24906454681701923,0.20573877986725042,0.29585206809745723,0.26307757756724065,0.009468720981171503,10.0
Cmax,ours,RMSE,0.3416932139086445,0.27819687204570387,0.4038642111552323,0.3594446851937889,0.01242101506197152,10.0
Cmax,ours,GMFE,1.7744531885795052,1.6059749980645988,1.976296347939567,1.8330344417521445,0.040063408263252685,10.0
Cmax,ours,within_2fold,0.6886792452830188,0.5943396226415094,0.7735849056603774,0.6792452830188679,0.025931481922123644,10.0
Cmax,ours,within_3fold,0.839622641509434,0.7641509433962265,0.9056603773584906,0.8320754716981131,0.016520661052281376,10.0
Cmax,ours,within_5fold,0.9528301886792453,0.9056603773584906,0.9905660377358491,0.9386792452830189,0.02001245607131738,10.0
Cmax,ours,median_FE,1.4522312561579642,1.3348443389533444,1.568970754785258,1.530814711549367,0.062064109223174464,10.0
Cmax,ours,mean_FE,2.1656795909607327,1.8182437278274934,2.588328561465797,2.285855570300032,0.07979175216858049,10.0
