ID_trend,PubChem_CID,Name,SMILES,InfusionTime_min,CL_observed,CL_jia,CL_ours,VDss_observed,VDss_jia,VDss_ours,AUC_observed,AUC_jia,AUC_ours,AUC_folderror_jia,AUC_folderror_ours,Cmax_observed,Cmax_jia,Cmax_ours,Cmax_folderror_jia,Cmax_folderror_ours
18,1978,acebutolol,CCCC(=O)Nc1ccc(OCC(O)CNC(C)C)c(C(C)=O)c1,10.0,0.6,0.324337602,0.5767014998757762,1.7,1.177055925,1.4658985671569578,1.6666666666666667,3.08320710837592,1.733999305039789,1.8499242650255519,1.0403995830238735,0.5712685614512508,0.8303641387207734,0.6602916932163464,1.4535442605336377,1.155834116862551
31,60172,adefovir,Nc1ncnc2c1ncn2CCOCP(=O)(O)O,30.0,0.222,0.230693776,0.18756660960242233,0.42,0.833343946,0.5854150105857365,4.504504504504505,4.3347506696496225,5.331439333043665,1.0391611531531533,1.1835795319356937,2.0923049550608166,1.120639737882578,1.5783871261213291,1.8670629679919941,1.3255968199654355
45,135401907,allopurinol,O=c1[nH]cnc2[nH]ncc12,0.1,0.66,0.443186342,0.42194706070346205,0.58,0.664344073,0.7656988488673447,1.5151515151515151,2.2563872241351697,2.3699655552353396,1.489215567929212,1.5641772664553242,1.722504005756105,1.5044076208429569,1.3053969249410446,1.1449716033683366,1.3195250983404132
50,2099,alosetron,Cc1[nH]cnc1CN1CCc2c(c3ccccc3n2C)C1=O,15.0,0.522,0.368238474,0.41458606578588036,1.1,1.729131425,1.3600546558374966,1.9157088122605364,2.7156315013406234,2.412044404108039,1.4175596436998055,1.2590871789443963,0.8572360255373248,0.5631995324837502,0.7079465227066332,1.522082274743469,1.2108768078412555
60,2141,amifostine,NCCCNCCSP(=O)(O)O,0.1,1.839,0.201565991,0.16941228401542063,0.09,0.694636466,0.5526104810666286,0.5437737901033171,4.961154384421923,5.902759683642396,9.123562912951916,10.855175058218364,10.924043160790404,1.4392538767925822,1.8091306716703497,7.59007381320031,6.038283100194393
70,2165,amodiaquine,CCN(CC)Cc1cc(Nc2ccnc3cc(Cl)ccc23)ccc1O,10.0,13.02,0.440112245,0.4145249656280326,17.4,15.1650721,6.658200557718549,0.07680491551459294,2.272147642699648,2.4123999346696388,29.583362307949415,31.409447149398694,0.05403201378454175,0.0657817803023757,0.14941420567608152,1.2174593485389489,2.765290338277713
72,33613,amoxicillin,CC1(C)S[C@@H]2[C@H](NC(=O)[C@H](N)c3ccc(O)cc3)C(=O)N2[C@H]1C(=O)O,0.1,0.198,0.233740031,0.21970546372521652,0.25,0.279462848,0.3298333825243427,5.05050505050505,4.27825732597768,4.551548163821225,1.180505207070707,1.10962355416776,3.9973611612167734,3.57580028594289,3.030151483358416,1.117892734930168,1.319195156800005
76,6249,ampicillin,CC1(C)S[C@@H]2[C@H](NC(=O)[C@H](N)c3ccccc3)C(=O)N2[C@H]1C(=O)O,15.0,0.168,0.241693765,0.2091869409352031,0.22,0.269459559,0.335840263845309,5.952380952380952,4.137467096017144,4.780413134440146,1.438653363095238,1.245160362709542,4.137912035056488,3.3244742298069507,2.757350478110231,1.2446816395676417,1.500684105232946
78,2179,amsacrine,COc1cc(NS(C)(=O)=O)ccc1Nc1c2ccccc2nc2ccccc12,90.0,0.258,0.09630629,0.10109473352298104,1.6,0.948410527,1.8624912536068563,3.875968992248062,10.383537773077958,9.891712111518432,2.6789527454541133,2.5520617247717556,0.5551568069572858,0.9780207667402986,0.5156390570967269,1.761701837181199,1.0766383952431011
124,54766,bambuterol,CN(C)C(=O)Oc1cc(OC(=O)N(C)C)cc(C(O)CNC(C)(C)C)c1,5.0,1.08,0.332435553,0.5236072955157367,1.6,1.715239385,1.9577988925398546,0.9259259259259258,3.008101844028698,1.9098282406761187,3.2487499915509943,2.0626144999302083,0.6077468816437835,0.5783261342935899,0.5051278297790002,1.050872242504016,1.2031546191182547
151,2381,biperiden,OC(CCN1CCCCC1)(c1ccccc1)C1CC2C=CC1C2,5.0,0.72,0.298016194,0.2725691984018412,12.0,3.501973966,3.1488656011518876,1.3888888888888888,3.3555223512451136,3.6687931206582185,2.4159760928964817,2.6415310468739173,0.08312534678862811,0.2845431075903998,0.3164320334009366,3.4230606978872355,3.8066852726108062
165,60726,bromfenac,Nc1c(CC(=O)O)cccc1C(=O)c1ccc(Br)cc1,5.0,0.078,0.09053454,0.05088183967211035,0.11,0.254754457,0.17299170925659876,12.820512820512821,11.045508156334588,19.65337744162041,1.1606992307692308,1.5329634404463919,8.827527317371338,3.8677934286592963,5.710355469318779,2.2823161268028858,1.5458805261425212
172,71733,bufuralol,CCc1cccc2cc(C(O)CNC(C)(C)C)oc12,120.0,0.534,0.349635824,1.1029147957043723,1.7,3.50784717,6.245269967719251,1.8726591760299625,2.8601188189457383,0.9066883533476888,1.5273034493170243,2.0653835125550044,0.43676732333871265,0.2584585961785143,0.13489860505542306,1.6898928098992019,3.2377452914303073
180,5361092,butorphanol,Oc1ccc2c(c1)[C@@]13CCCC[C@@]1(O)[C@@H](C2)N(CC1CCC1)CC3,20.0,2.46,0.896955661,1.0841512484812659,12.0,4.881045088,5.2628363718266415,0.4065040650406504,1.1148823107767865,0.9223805270720767,2.742610484510895,2.269056096597309,0.0805498715646981,0.1987256210261027,0.18363462826824195,2.4671128229730965,2.279763141779135
219,5479537,cefepime,CO/N=C(\C(=O)N[C@@H]1C(=O)N2C(C(=O)[O-])=C(C[N+]3(C)CCCC3)CS[C@H]12)c1csc(N)n1,30.0,0.132,0.168695029,0.13838828896064292,0.28,0.318956618,0.2464096760470141,7.575757575757575,5.927856949477746,7.22604497468999,1.2779926439393938,1.048396128489719,3.1817218516220818,2.7549195348567013,3.53827216535283,1.1549236960881257,1.1120620627315283
220,5487888,cefetamet,CO/N=C(\C(=O)N[C@@H]1C(=O)N2C(C(=O)O)=C(C)CS[C@H]12)c1csc(N)n1,20.0,0.114,0.149657771,0.12637679195024776,0.28,0.244274774,0.24173771454405993,8.771929824561402,6.681911626226212,7.912845266666381,1.3127874649122806,1.1085683504407697,3.339682849273028,3.7027968781534866,3.796335077378792,1.1087270993290574,1.1367352077174533
221,5362065,cefixime,C=CC1=C(C(=O)O)N2C(=O)[C@@H](NC(=O)/C(=N\OCC(=O)O)c3csc(N)n3)[C@H]2SC1,5.0,0.06,0.169538353,0.13966517319951874,0.24,0.24255806,0.23389943688104808,16.666666666666668,5.898370382305177,7.1599810968726585,2.825639216666667,2.327752886658646,4.1235637337519675,4.004954435468159,4.1707143643157965,1.029615642373705,1.011434437202436
240,9852981,ceftaroline fosamil,CCO/N=C(\C(=O)N[C@@H]1C(=O)N2C(C(=O)O)=C(Sc3nc(-c4cc[n+](C)cc4)cs3)CS[C@H]12)c1nsc(NP(=O)([O-])O)n1,60.0,5.016,0.120940045,0.18509953136770885,0.53,0.267918983,0.26551803617380626,0.19936204146730463,8.268559847154018,5.4024988210988685,41.47509619332455,27.098934086631925,0.19934657418751672,3.003697151242817,2.711975890271032,15.067713922273722,13.604326541975048
255,38103,cephradine,CC1=C(C(=O)O)N2C(=O)[C@@H](NC(=O)[C@H](N)C3=CCC=CC3)[C@H]2SC1,0.1,0.198,0.232108471,0.1936376999363139,0.21,0.258020828,0.30674377350521465,5.05050505050505,4.308330478813072,5.1642836096942535,1.172265005050505,1.0225281547194622,4.758165224367982,3.8727522053282173,3.2583355022610934,1.2286263029743019,1.460305490661135
256,446156,cerivastatin,COCc1c(C(C)C)nc(C(C)C)c(/C=C/[C@@H](O)C[C@@H](O)CC(=O)O)c1-c1ccc(F)cc1,1.0,0.174,0.235303618,0.1454529061281451,0.33,1.411692868,0.9025413662508048,5.74712643678161,4.249828406803333,6.8750774846601725,1.3523196436781608,1.19626348233087,3.0170269803448218,0.707386353178428,1.1064957741065633,4.265034187878686,2.7266502511326003
263,2708,chlorambucil,O=C(O)CCCc1ccc(N(CCCl)CCCl)cc1,10.0,0.168,0.35883824,0.3711293147426638,0.26,0.383010388,0.3603714333591028,5.952380952380952,2.7867709974276993,2.694478609681876,2.1359419047619044,2.209103063944427,3.646291713120198,2.4172603219548723,2.549828859672848,1.5084398151091112,1.430014292640813
295,84029,clarithromycin,CC[C@H]1OC(=O)[C@H](C)[C@@H](O[C@H]2C[C@@](C)(OC)[C@@H](O)[C@H](C)O2)[C@H](C)[C@@H](O[C@@H]2O[C@H](C)C[C@H](N(C)C)[C@H]2O)[C@](C)(OC)C[C@@H](C)C(=O)[C@H](C)[C@@H](O)[C@]1(C)O,45.0,0.438,0.342640534,0.3549970777445803,1.5,3.315770609,1.3594562796540133,2.2831050228310503,2.9185105110768945,2.8169245965441387,1.2783076038516799,1.2338129732863328,0.5987162308869816,0.2901982330498667,0.6680371373986225,2.0631284504895664,1.1157825743406753
300,60063,clinafloxacin,NC1CCN(c2c(F)cc3c(=O)c(C(=O)O)cn(C4CC4)c3c2Cl)C1,60.0,0.282,0.176290243,0.2237529683723522,1.9,0.836132368,1.4951094938325205,3.546099290780142,5.6724636768468235,4.469214452323502,1.599634756870804,1.2603184755552275,0.4891203457836788,1.0783152103766016,0.6212046548366253,2.2046010141919217,1.2700446018889653
301,446598,clindamycin,CCC[C@@H]1C[C@@H](C(=O)N[C@@H]([C@H]2O[C@H](SC)[C@H](O)[C@@H](O)[C@H]2O)[C@H](C)Cl)N(C)C1,25.0,0.27,0.24129657,0.2776659921773387,0.79,0.938913683,0.822776563898977,3.7037037037037033,4.144277724295874,3.6014493246307366,1.118954985559886,1.028392563619773,1.1798232343758257,1.010018579798243,1.133813988871268,1.168120327659222,1.0405791831430486
305,2802,clonazepam,O=C1CN=C(c2ccccc2Cl)c2cc([N+](=O)[O-])ccc2N1,4.0,0.0528,0.055106848,0.04053172575215792,2.9,1.06407125,1.1287187329468338,18.93939393939394,18.146565014932445,24.67203114209268,1.043690303030303,1.3026832443024934,0.3446183961802525,0.938166213578577,0.8849006772970696,2.7223335259440695,2.567769704418863
312,5284371,codeine,COc1ccc2c3c1O[C@H]1[C@@H](O)C=C[C@H]4[C@@H](C2)N(C)CC[C@@]341,15.0,0.9,0.603120025,0.7455769879818536,3.5,2.346377069,3.3861541778959916,1.1111111111111112,1.658044764804485,1.3412431125413689,1.4922402883240364,1.2071188012872318,0.276724282735269,0.41278401110532287,0.2873392895786869,1.4916797580074197,1.0383595062149744
315,151171,conivaptan,Cc1nc2c([nH]1)-c1ccccc1N(C(=O)c1ccc(NC(=O)c3ccccc3-c3ccccc3)cc1)CC2,30.0,0.18,0.113881093,0.2589772241252307,0.76,1.122184304,1.4024588462180043,5.555555555555555,8.781088885404358,3.861343418819105,1.5805959993727845,1.4387623562512817,1.2408672936853737,0.8688887426262419,0.681106434337085,1.4281083789103028,1.8218405099829944
328,2907,cyclophosphamide,O=P1(N(CCCl)CCCl)NCCCO1,1.0,0.066,0.124949067,0.15320511103380793,0.73,0.780364474,1.0522388074078195,15.15151515151515,8.003261040756712,6.527197384291761,1.8931676818181815,2.3212895611183018,1.368831443332089,1.2797441669199845,0.9492024503243942,1.0696133482885994,1.4420858720542542
332,216210,dabigatran,Cn1c(CNc2ccc(C(=N)N)cc2)nc2cc(C(=O)N(CCC(=O)O)c3ccccn3)ccc21,30.0,0.1158,0.210540239,0.2773482449966221,0.85,0.830110782,0.566029884538846,8.635578583765112,4.749685878337015,3.6055753661328533,1.818136778929188,2.395062564737669,1.1372959059492407,1.1314034280630147,1.5669184269367062,1.0052081138699693,1.3777579069265025
414,71329,dofetilide,CN(CCOc1ccc(NS(C)(=O)=O)cc1)CCc1ccc(NS(C)(=O)=O)cc1,10.0,0.312,0.222740544,0.3185633023369376,3.3,1.132449059,2.1782366980760646,3.2051282051282053,4.4895284084427844,3.1390935260406154,1.4007328634341487,1.0210362254389025,0.300655282769667,0.8687250599640846,0.45353705931401195,2.889438868199158,1.5084952279433856
416,3151,domperidone,O=c1[nH]c2ccccc2n1CCCN1CCC(n2c(=O)[nH]c3cc(Cl)ccc32)CC1,20.0,0.57,0.280469408,0.42971613546444365,3.4,3.275024779,2.233920744191819,1.7543859649122808,3.565451245221012,2.327117642252798,2.0323072097759765,1.3264570560840947,0.2860506193025455,0.3010241978474843,0.43359391694534627,1.0523459050060708,1.5157943653558377
417,681,dopamine,NCCc1ccc(O)c(O)c1,30.0,3.954,1.102889418,0.8428672537462525,0.74,2.219998665,1.4301334722371937,0.25290844714213456,0.9067092164266283,1.1864264456298983,3.585128241750888,4.691130166020618,0.47084470641930765,0.39886337621821927,0.6056258803932904,1.1804661307427413,1.2862539859457487
421,3157,doxazosin,COc1cc2nc(N3CCN(C(=O)C4COc5ccccc5O4)CC3)nc(N)c2cc1OC,0.1,0.096,0.15995924,0.13985624702701246,1.3,0.923054409,0.9507058383191189,10.416666666666666,6.251592593213121,7.1501990169009435,1.6662420833333333,1.4568359065313796,0.769183433894645,1.083203322560162,1.0517211316913178,1.4082509773715801,1.36732161061515
425,31703,doxorubicin,COc1cccc2c1C(=O)c1c(O)c3c(c(O)c1C2=O)C[C@@](O)(C(=O)CO)C[C@@H]3O[C@H]1C[C@H](N)[C@H](O)[C@H](C)O1,0.1,0.9,1.263394868,1.3383161386157774,22.0,35.23663391,13.817921940378389,1.1111111111111112,0.7915181748229169,0.7472076074897384,1.4037720755555556,1.4870179317953083,0.045452995902985883,0.028378707351241927,0.07236394135705632,1.601658431457652,1.5920609834279946
448,5462501,enalaprilat,C[C@H](N[C@@H](CCc1ccccc1)C(=O)O)C(=O)N1CCC[C@H]1C(=O)O,10.0,0.096,0.153904665,0.19236075404276193,0.38,0.801505699,0.3952034728755927,10.416666666666666,6.497528843586386,5.198565606463049,1.6031735937499998,2.003757854612103,2.576946736032299,1.2278985994360356,2.4304275138098164,2.098664121952636,1.0602853701210806
454,3229,enoxacin,CCn1cc(C(=O)O)c(=O)c2cc(F)c(N3CCNCC3)nc21,30.0,0.324,0.275922612,0.2542738902669672,2.0,1.457988543,0.8876423025893594,3.0864197530864197,3.62420460125247,3.9327671392059966,1.1742422908058003,1.274216553102743,0.48028585528019707,0.6544258881450941,1.0496178044841278,1.362575809698381,2.185402282713041
456,1676,enprofylline,CCCn1c(=O)[nH]c(=O)c2nc[nH]c21,20.0,0.24,0.221233457,0.20623092697275125,0.63,0.848842768,0.5357354767798125,4.166666666666667,4.520111982881504,4.848933254962906,1.084826875891561,1.1637439811910972,1.4906543424040732,1.12835127520779,1.7517976859729056,1.321090670216652,1.1751870545304755
461,68741,epristeride,CC(C)(C)NC(=O)[C@H]1CC[C@H]2[C@@H]3CC=C4C=C(C(=O)O)CC[C@]4(C)[C@H]3CC[C@]12C,30.0,0.0198,0.194008439,0.242382534887111,0.54,0.653450542,0.6461570503770463,50.5050505050505,5.15441495820705,4.125709801928374,9.79840601010101,12.241542166015707,1.8349798074793737,1.4221671500206725,1.411142282181066,1.2902701398022733,1.3003506667259825
462,5281037,eprosartan,CCCCc1ncc(/C=C(\Cc2cccs2)C(=O)O)n1Cc1ccc(C(=O)O)cc1,30.0,0.114,0.185611567,0.2584913827449536,0.17,0.356634933,0.298449159320776,8.771929824561402,5.387595267702254,3.8686009157476353,1.628171640350877,2.267468269692575,4.997759232720248,2.468842595340169,2.7194476848432845,2.0243328765281743,1.8377846577358437
466,8223,ergotamine,CN1C[C@H](C(=O)N[C@]2(C)O[C@@]3(O)[C@@H]4CCCN4C(=O)[C@H](Cc4ccccc4)N3C2=O)C=C2c3cccc4[nH]cc(c34)C[C@H]21,5.0,0.9,0.447512689,0.3220930766099413,3.6,0.876859895,0.89177107015762,1.1111111111111112,2.2345735094899175,3.1046926265074997,2.0111161585409256,2.7942233638567497,0.2749042489167978,1.116521994747018,1.1046563129628886,4.061494135308702,4.018331172819458
470,150610,ertapenem,C[C@@H](O)[C@H]1C(=O)N2C(C(=O)O)=C(S[C@@H]3CN[C@H](C(=O)Nc4cccc(C(=O)O)c4)C3)[C@H](C)[C@H]12,30.0,0.027,0.17460379,0.14570287938730814,0.12,0.24412283,0.15383013238185747,37.03703703703704,5.727252541310816,6.863282346958943,6.466807037037038,5.396402940270672,7.881677991961803,3.4438825157486224,5.178120444044083,2.288602458393824,1.5221117540877935
471,12560,erythromycin,CC[C@H]1OC(=O)[C@H](C)[C@@H](O[C@H]2C[C@@](C)(OC)[C@@H](O)[C@H](C)O2)[C@H](C)[C@@H](O[C@@H]2O[C@H](C)C[C@H](N(C)C)[C@H]2O)[C@](C)(O)C[C@@H](C)C(=O)[C@H](C)[C@@H](O)[C@]1(C)O,30.0,0.336,0.367608515,0.3580375584003186,0.95,3.524441142,1.28008699099275,2.976190476190476,2.720285192523356,2.7930030705938087,1.0940729613095237,1.0655879714295196,0.9648090715155313,0.2764613580700592,0.7290319479641716,3.489851450671942,1.323411236242485
484,3306,etilefrine,CCNCC(O)c1cccc(O)c1,10.0,0.84,0.34145253,0.44463657543073304,2.1,3.634180452,1.7926214666788143,1.1904761904761905,2.928664783945224,2.249027757177352,2.460078418513988,1.8891833160289755,0.4606643926313019,0.2730219558595122,0.5464690503892369,1.6872796591800259,1.1862628393477976
494,3325,famotidine,N=C(N)Nc1nc(CSCCC(=N)NS(N)(=O)=O)cs1,1.0,0.396,0.202848148,0.15945596781296056,1.2,1.497959282,1.2724076815998788,2.525252525252525,4.929796056111885,6.271323762388027,1.9521992382203068,2.483444209905659,0.8310458622849947,0.6668221166436408,0.7850914624034032,1.2462781925529884,1.0585338168637206
500,3343,fenoterol,CC(Cc1ccc(O)cc1)NCC(O)c1cc(O)cc(O)c1,180.0,1.74,0.95956073,1.0992353923110834,1.2,3.155740271,1.9493442568629735,0.5747126436781609,1.0421435233182166,0.9097232558147111,1.813329730573697,1.5829184651175974,0.18909831176619163,0.2078598267836361,0.24738223964453523,1.099215666402363,1.3082202444536262
508,3356,flecainide,O=C(NCC1CCCCN1)c1cc(OCC(F)(F)F)ccc1OCC(F)(F)F,10.0,0.294,0.184474927,0.2771837101240681,6.1,2.774394887,4.1300531614240645,3.4013605442176873,5.42079086986168,3.6077156177482346,1.5937125157393337,1.0606683916179809,0.16327776053653217,0.35844912367767756,0.2407784927647848,2.195333415278422,1.4746557765955666
509,3357,fleroxacin,CN1CCN(c2c(F)cc3c(=O)c(C(=O)O)cn(CCF)c3c2F)CC1,20.0,0.144,0.182099884,0.16075545060271781,1.6,1.419416077,0.9551451980837842,6.944444444444445,5.491491691449952,6.220628888480709,1.2645825277777776,1.116357295852207,0.6157180510727462,0.6896635598219699,1.0181347331768456,1.12009637953669,1.6535729810145754
530,135403648,folinic acid,Nc1nc(=O)c2c([nH]1)NCC(CNc1ccc(C(=O)N[C@@H](CCC(=O)O)C(=O)O)cc1)N2C=O,1.0,0.348,0.252428584,0.21497266443692026,0.25,0.372061525,0.34335404147612647,2.873563218390805,3.9615164976720703,4.651754224749033,1.3786077411898803,1.6188104702126633,3.9539567550915273,2.6725886889249066,2.897302819087826,1.479448286029405,1.3647026223984327
536,214356,fosfluconazole,O=P(O)(O)OC(Cn1cncn1)(Cn1cncn1)c1ccc(F)cc1F,1.0,0.078,0.101587503,0.11568649800254682,0.15,0.580470088,0.24520378619784963,12.820512820512821,9.843730483266235,8.644051097285226,1.3024038846153845,1.4831602308018825,6.637861054057831,1.7202316347636388,4.062248205076452,3.8587018863711795,1.6340363067334793
561,135398740,ganciclovir,Nc1nc2c(ncn2COC(CO)CO)c(=O)[nH]1,60.0,0.276,0.516398031,0.3400959465530704,1.0,1.549061241,0.8553457031534248,3.623188405797101,1.9364907299578762,2.940346717257786,1.871007358695652,1.2322316904096753,0.8738661928940529,0.5489741556939016,0.9646615949505196,1.5918166344087523,1.1039008063188396
565,5379,gatifloxacin,COc1c(N2CCNC(C)C2)c(F)cc2c(=O)c(C(=O)O)cn(C3CC3)c12,60.0,0.168,0.163700438,0.24466155129749578,1.7,1.525482416,2.4817586526988733,5.952380952380952,6.108719147104543,4.087278915288376,1.0262648167135633,1.456318757723189,0.5601038150231368,0.6215827503441056,0.38371526566036873,1.1097634646863266,1.459686035840158
597,3519,guanfacine,N=C(N)NC(=O)Cc1c(Cl)cccc1Cl,60.0,0.27,0.151681644,0.27016449589175345,5.6,1.550564054,1.6577979118117512,3.7037037037037033,6.592755547929055,3.70144861818064,1.7800439979408451,1.0006092440435312,0.17433494072317895,0.6143860276436062,0.55662318882014,3.524170341843123,3.192837801252846
599,3559,haloperidol,O=C(CCCN1CCC(O)(c2ccc(Cl)cc2)CC1)c1ccc(F)cc1,1.0,0.468,0.490974402,0.4891818306525838,17.0,4.870443492,5.696705672738255,2.1367521367521367,2.036766063416887,2.044229644968557,1.0490906025641025,1.0452603219072303,0.05881003666575147,0.20514772715275267,0.17541449514378613,3.488311498914984,2.9827305862902183
634,5291,imatinib,Cc1ccc(NC(=O)c2ccc(CN3CCN(C)CC3)cc2)cc1Nc1nccc(-c2cccnc2)n1,60.0,0.198,0.442784658,0.4769066709976721,3.9,7.640322018,9.373087496338842,5.05050505050505,2.258434166434014,2.0968463240575663,2.2362861515151513,2.4086195504932935,0.25001014689158163,0.1271641325623745,0.10401970799429777,1.9660429545174674,2.403488259218021
682,3822,ketanserin,O=C(c1ccc(F)cc1)C1CCN(CCn2c(=O)[nH]c3ccccc3c2=O)CC1,10.0,0.402,0.312676591,0.34299301059433307,3.9,3.983617762,2.9035324615015874,2.487562189054726,3.1981927294326935,2.9155113052222705,1.285673477231943,1.172035544699353,0.25422031666743744,0.249393291275374,0.34103980962147495,1.0193550731352015,1.3415128031156216
703,3883,lansoprazole,Cc1c(OCC(F)(F)F)ccnc1C[S+]([O-])c1nc2ccccc2[nH]1,10.0,0.264,0.14284588,0.09515454131804386,0.28,1.007980794,0.9380799558952637,3.7878787878787876,7.000551923513649,10.509219908460356,1.8481457078076036,2.774434055833534,3.304955296388439,0.9804580238500745,1.057046870862026,3.3708279355096717,3.126592952016626
717,149096,levofloxacin,C[C@H]1COc2c(N3CCN(C)CC3)c(F)cc3c(=O)c(C(=O)O)cn1c23,60.0,0.114,0.181708668,0.17355941983972087,1.2,1.310489542,1.2339750584606959,8.771929824561402,5.503314789583952,5.7617155031025264,1.593935684210526,1.5224510512256215,0.7949742590506016,0.7125334910392122,0.7559788274920797,1.115700902551474,1.0515827032985663
726,3676,lidocaine,CCN(CC)CC(=O)Nc1c(C)cccc1C,1.0,0.96,0.358778754,0.34696412628148654,1.8,1.31568244,1.116370525774265,1.0416666666666667,2.787233047807508,2.8821423434096345,2.6757437258952073,2.7668566496732487,0.5530937194821951,0.7583372386447225,0.8934439523150112,1.3710827151584288,1.6153572547369568
728,3000540,lincomycin,CCC[C@@H]1C[C@@H](C(=O)N[C@@H]([C@H]2O[C@H](SC)[C@H](O)[C@@H](O)[C@H]2O)[C@@H](C)O)N(C)C1,120.0,0.126,0.192465119,0.21025936798568945,1.0,0.772779594,0.6249740067192651,7.936507936507937,5.19574666410073,4.756030656708059,1.5275009444444445,1.6687251427435672,0.8839494521073565,1.0192046677790934,1.16463723438027,1.1530123870197386,1.3175382728093186
734,5362119,lisinopril,NCCCC[C@H](N[C@@H](CCc1ccccc1)C(=O)O)C(=O)N1CCC[C@H]1C(=O)O,1.0,0.072,0.197814444,0.2388067652077709,0.89,0.877023485,0.41876692803015825,13.88888888888889,5.0552425787471815,4.187486058571089,2.7474228333333337,3.316760627885707,1.122838365827608,1.1380798458841466,2.376651000430963,1.0135740641933841,2.116645701431132
742,3961,losartan,CCCCc1nc(Cl)c(CO)n1Cc1ccc(-c2ccccc2-c2nnn[nH]2)cc1,20.0,0.492,0.194136744,0.19057879844027145,0.37,0.805701305,0.567456230443792,2.032520325203252,5.151008404673769,5.247173390661323,2.534296135099494,2.581609308205371,2.183225379008779,1.1926193390203979,1.6671893788616818,1.8306137654970884,1.309524524742015
743,11552706,losmapimod,Cc1c(F)cc(C(=O)NC2CC2)cc1-c1ccc(C(=O)NCC(C)(C)C)cn1,15.0,0.2262,0.135137463,0.25031097439831856,1.67,2.212629547,6.019929998085073,4.420866489832007,7.399872528315852,3.99503059106272,1.6738511659050457,1.106591398754724,0.5887774636374191,0.44851804135069573,0.1652544823326306,1.3127174591780908,3.562853214790901
759,4030,mebendazole,COC(=O)Nc1nc2cc(C(=O)c3ccccc3)ccc2[nH]1,5.0,0.9,0.160256357,0.16180713226330565,1.2,0.934824689,0.5873160558696934,1.1111111111111112,6.2400020736774895,6.180197288044876,5.61600186630974,5.5621775592403875,0.8078258291536562,1.0621146577381688,1.6832641644106556,1.3147817504807022,2.0836968857187688
762,183797,melagatran,N=C(N)c1ccc(CNC(=O)[C@@H]2CCN2C(=O)[C@H](NCC(=O)O)C2CCCCC2)cc1,1.0,0.114,0.200433586,0.1929621320589921,0.23,0.427770259,0.2827581784238225,8.771929824561402,4.989183798767139,5.182363966077456,1.7581893508771926,1.6926502812192286,4.329917023600257,2.3285992989406017,3.516554689732354,1.8594513128858865,1.2312952323030153
764,54677470,meloxicam,Cc1cnc(NC(=O)C2=C(O)c3ccccc3S(=O)(=O)N2C)s1,0.1,0.0072,0.014779497,0.011435083201147273,0.15,0.271536309,0.11272579103688668,138.88888888888889,67.66130132845522,87.45017263185902,2.0527079166666664,1.5882060001593434,6.666400007110969,3.682581704852382,8.870334471907833,1.8102517585222715,1.3306033935026331
789,38853,methyldopa,C[C@](N)(Cc1ccc(O)c(O)c1)C(=O)O,1.0,0.21,0.476849749,0.29691428377590545,0.69,0.782898851,0.5253088517671534,4.761904761904762,2.0970966265518576,3.3679753876534444,2.2707130904761903,1.413877541790026,1.4456058710118171,1.2708429005109545,1.894703654899886,1.1375173677490724,1.3106640564303558
818,4197,milrinone,Cc1[nH]c(=O)c(C#N)cc1-c1ccncc1,1.0,0.372,0.269669334,0.18916238193419352,0.25,0.792196066,0.6774250693530917,2.6881720430107525,3.708245150336597,5.286463353733215,1.3794671959252143,1.9665643675887559,3.95080749705854,1.2587396886614013,1.4727483125402085,3.1387009821387304,2.6826087413701765
825,4212,mitoxantrone,O=C1c2c(O)ccc(O)c2C(=O)c2c(NCCNCCO)ccc(NCCNCCO)c21,30.0,0.474,0.532957638,1.030414063313439,12.0,3.713532506,4.584575480361004,2.109704641350211,1.876321734974366,0.9704836488589466,1.1243832025316456,2.1738693318848927,0.08251580755762322,0.2598505918602043,0.2063130632085855,3.1491007547704477,2.5002853309592954
832,5281040,montelukast,CC(C)(O)c1ccccc1CC[C@@H](SCC1(CC(=O)O)CC1)c1cccc(/C=C/c2ccc3ccc(Cl)cc3n2)c1,5.0,0.0408,0.101873296,0.19269646244045993,0.15,0.574788614,1.4070552712937159,24.509803921568626,9.816115108320437,5.189508864538619,2.4968945098039215,4.7229525107955865,6.591678755021168,1.726985123609902,0.7066640585313931,3.816870605835121,9.32788172179035
834,5288826,morphine,CN1CC[C@]23c4c5ccc(O)c4O[C@H]2[C@@H](O)C=C[C@H]3[C@H]1C5,5.0,1.56,0.909322016,0.9881283955064497,2.3,2.95019916,3.1382481474837784,0.641025641025641,1.0997204317111795,1.0120142327126078,1.7155638734694403,1.5787422030316682,0.4227235400393572,0.33464404799616404,0.3145049481118375,1.2632035219828646,1.3440918579412535
840,4411,nadolol,CC(C)(C)NCC(O)COc1cccc2c1CC(O)C(O)C2,1.0,0.174,0.475874478,0.7048294975529468,1.9,2.167201917,2.3618451487025505,5.74712643678161,2.101394477389897,1.4187828453148417,2.7349107931034484,4.050744238810039,0.5259143317002454,0.460581170545874,0.42234659542352393,1.1418493966588765,1.2452197730465069
847,5284596,naloxone,C=CCN1CC[C@]23c4c5ccc(O)c4O[C@H]2C(=O)CC[C@@]3(O)[C@H]1C5,0.1,1.38,1.172719382,0.8783794503705084,1.7,4.321954167,3.0802572753921096,0.7246376811594204,0.8527189158369347,1.1384601490599433,1.1767521038549698,1.5710750057027216,0.5878375496373981,0.23132450709075206,0.32457107031364624,2.5411814642137363,1.8111212101230918
864,11993740,nemonoxacin,COc1c(N2C[C@@H](C)C[C@H](N)C2)ccc2c(=O)c(C(=O)O)cn(C3CC3)c12,45.0,0.228,0.20623599,0.2389218134222292,1.9,1.310430596,1.5048774992731222,4.385964912280701,4.8488142152104485,4.185469655015436,1.1055296410679825,1.0479026904483735,0.5033264019226422,0.7197920288251972,0.6264679549540998,1.4300700819104344,1.244655461269412
873,47528,nicorandil,O=C(NCCO[N+](=O)[O-])c1cccnc1,0.1,0.534,0.458484361,0.5749592794509087,1.4,0.816018882,0.9324480120367431,1.8726591760299625,2.1810994770222925,1.7392536058466765,1.1647071207299042,1.0767027705073198,0.7140587215727727,1.2248882416680225,1.071894968047371,1.7153886713547954,1.5011299990656717
880,4506,nitrazepam,O=C1CN=C(c2ccccc2)c2cc([N+](=O)[O-])ccc2N1,0.1,0.0516,0.070596538,0.058313763759826054,1.7,0.918193082,0.981564556151665,19.37984496124031,14.165000555692972,17.148610131197316,1.36814996124031,1.1301117007718227,0.5882204154758094,1.0890257728572361,1.0187312570235638,1.8513906423603592,1.7318869427534502
894,4583,ofloxacin,CC1COc2c(N3CCN(C)CC3)c(F)cc3c(=O)c(C(=O)O)cn1c23,60.0,0.15,0.181708668,0.17274114469938212,1.6,1.310489542,1.2410252851556498,6.666666666666667,5.503314789583952,5.789008760711176,1.2113911199999998,1.1516076313292143,0.5965975907997725,0.7125334910392122,0.7522196702945004,1.1943284753866021,1.2608493260693658
921,4634,oxybutynin,CCN(CC)CC#CCOC(=O)C(O)(c1ccccc1)C1CCCCC1,10.0,0.306,0.471990863,0.6618256889231259,0.85,1.480716278,1.481622316839982,3.2679738562091503,2.118685081410146,1.5109718718037775,1.5424538006535946,2.162829048768385,1.1418718905049272,0.6577229067577341,0.6504239650347681,1.736098710829186,1.7555809009034424
934,4679,pantoprazole,COc1ccnc(C[S+]([O-])c2nc3ccc(OC(F)F)cc3[nH]2)c1OC,15.0,0.132,0.142539385,0.1081513590488846,0.17,0.842622065,0.5474459641891114,7.575757575757575,7.015604844934613,9.246300821314676,1.0798438257575755,1.2205117084135373,5.346636089742604,1.1620271798996373,1.7822892329235798,4.601128254336,2.9998700496957187
942,51081,pefloxacin,CCn1cc(C(=O)O)c(=O)c2cc(F)c(N3CCN(C)CC3)cc21,60.0,0.12,0.256950874,0.1894273413540273,1.5,1.400532992,1.1166644193573592,8.333333333333334,3.8917945069920252,5.279068970994348,2.1412572833333336,1.5785611779502278,0.6406971134447017,0.65234350115572,0.8236861653279568,1.0181776809456837,1.2856092965666979
946,135398748,penciclovir,Nc1nc(=O)c2ncn(CCC(CO)CO)c2[nH]1,60.0,0.504,0.45801604,0.33856479135340045,1.1,1.380660448,0.9101932196572275,1.9841269841269842,2.183329649328438,2.953644399946422,1.1003981432615328,1.4886367775729965,0.729300638829321,0.6164061270997301,0.9174765086978268,1.1831495612491298,1.2580223571044271
1016,4906,prilocaine,CCCNC(C)C(=O)Nc1ccccc1C,10.0,1.74,0.530600076,0.5532643185848869,3.7,1.943198004,1.7190333533911983,0.5747126436781609,1.8846586067959779,1.8074543512181525,3.2793059758250016,3.1449705711195857,0.25994997858936114,0.5030813625699531,0.5663954573250072,1.9353006501480146,2.178863258226049
1021,4919,procyclidine,OC(CCN1CCCC1)(c1ccccc1)C1CCCCC1,2.0,0.0516,0.366053523,0.3413213807914454,0.74,3.797236888,3.6069147927943837,19.37984496124031,2.731840939009348,2.929790093082452,7.094060523255814,6.614755441694679,1.3497820780118848,0.26292672351317264,0.2768084504737011,5.133681582367799,4.8762314723485085
1040,107994,quinaprilat,C[C@H](N[C@@H](CCc1ccccc1)C(=O)O)C(=O)N1Cc2ccccc2C[C@H]1C(=O)O,20.0,0.0558,0.145390748,0.24904738923961253,0.13,0.841941402,0.4090140688453856,17.921146953405017,6.878016749731558,4.015300072219925,2.6055689605734766,4.463214860924956,7.1673441897919705,1.1541937645560032,2.212755970013342,6.2098275089444055,3.239102859475622
1091,175805,ropivacaine,CCCN1CCCC[C@H]1C(=O)Nc1c(C)cccc1C,15.0,0.33,0.403242717,0.47143447156911816,0.75,1.174998957,1.7789742429338808,3.0303030303030303,2.479895997724864,2.1211855736208878,1.2219476272727272,1.4285893077852065,1.2626165418602635,0.8155775479214145,0.5439056433712797,1.5481256749627,2.321388934364079
1105,441243,saquinavir,CC(C)(C)NC(=O)[C@@H]1C[C@@H]2CCCC[C@@H]2CN1C[C@@H](O)[C@H](Cc1ccccc1)NC(=O)[C@H](CC(N)=O)NC(=O)c1ccc2ccccc2n1,5.0,0.78,0.27666545,0.41086267972361734,3.6,1.372448024,2.5704996995568674,1.282051282051282,3.614473726300122,2.433903222051437,2.8192895065140955,1.898444513200121,0.275285086582222,0.722539162382587,0.3864499842723633,2.624694171969898,1.4038173628302915
1117,58505,sematilide,CCN(CC)CCNC(=O)c1ccc(NS(C)(=O)=O)cc1,30.0,0.222,0.245667419,0.2983767518390833,0.82,1.039108409,1.1905586323546822,4.504504504504505,4.070543843666954,3.3514675450964995,1.1066099954954955,1.3440394226985735,1.1405737117923591,0.907659280078593,0.7894464855730139,1.2566099822100627,1.4447764764757705
1135,5253,sotalol,CC(C)NCC(O)c1ccc(NS(C)(=O)=O)cc1,5.0,0.12,0.16961833,0.18567728610575907,1.3,1.166015722,1.480641802175877,8.333333333333334,5.895589232602396,5.385688368099125,1.4134860833333334,1.5473107175479923,0.7662797608851302,0.8524441135572258,0.6718660902665688,1.1124450325721342,1.1405245360442315
1152,5215,sulfadiazine,Nc1ccc(S(=O)(=O)Nc2ncccn2)cc1,60.0,0.033,0.065887787,0.11620534751590164,0.29,0.78230005,0.9140552317492335,30.3030303030303,15.177319584280466,8.605455956862563,1.9965996060606062,3.521374167148534,3.259315755299253,1.22593139816343,1.027338833427549,2.6586444887389615,3.1725810893617985
1156,5344,sulfisoxazole,Cc1noc(NS(=O)(=O)c2ccc(N)cc2)c1C,0.1,0.018,0.053823667,0.049490072416509344,0.17,0.812374823,0.5941874151247022,55.55555555555556,18.579187478995067,20.206072676232555,2.990203722222222,2.7494484675838526,5.881833940564498,1.2308909156887529,1.6828538759681526,4.778517629462949,3.495154287938788
1159,5358,sumatriptan,CNS(=O)(=O)Cc1ccc2[nH]cc(CCN(C)C)c2c1,15.0,1.14,0.339713634,0.26906712209898637,1.7,1.654883684,1.6128073524100093,0.8771929824561404,2.9436557733211264,3.7165447498714195,3.355767581586084,4.236861014853418,0.5415710613347472,0.5890283751399698,0.6072845486331893,1.0876289691112004,1.121338623848338
1167,129211,tamsulosin,CCOc1ccccc1OCCN[C@H](C)Cc1ccc(OC)c(S(N)(=O)=O)c1,240.0,0.0372,0.187660118,0.4488421068717361,0.21,1.103370281,2.001599476338518,26.881720430107528,5.328782751804515,2.227954963872777,5.044626827956989,12.065648034186456,3.41164618124185,0.6574959638143189,0.3298461098856329,5.188847337480115,10.343145118263683
1187,11319053,telcagepant,O=C(N[C@@H]1CC[C@@H](c2cccc(F)c2F)CN(CC(F)(F)F)C1=O)N1CCC(n2c(=O)[nH]c3ncccc32)CC1,20.0,0.348,0.238350778,0.26759080785798106,0.86,2.456126961,1.8285108637846217,2.873563218390805,4.195497108887137,3.737049146063088,1.4600329938927237,1.3004931028299545,1.0877800649276366,0.40063039081361873,0.5337683440657328,2.7151711149983466,2.0379253978270357
1189,65999,telmisartan,CCCc1nc2c(C)cc(-c3nc4ccccc4n3C)cc2n1Cc1ccc(-c2ccccc2C(=O)O)cc1,20.0,0.504,0.137300989,0.22200578404448632,5.3,0.634529488,0.4409791094493631,1.9841269841269842,7.2832687315893985,4.504387146055692,3.6707674407210567,2.270211121612069,0.1857202049886685,1.5204776784389231,2.0876196493509567,8.186926557246117,11.240670607047468
1200,5403,terbutaline,CC(C)(C)NCC(O)c1cc(O)cc(O)c1,5.0,0.204,0.545024018,0.6025888759898976,1.5,3.924474526,3.252094048809725,4.901960784313726,1.8347815270041916,1.6595062402326275,2.671686362745098,2.9538670391661648,0.6629031201490957,0.2533423671813456,0.30513233809957774,2.616629533877298,2.1725102107425993
1210,151174,tezosentan,COc1ccccc1Oc1c(NS(=O)(=O)c2ccc(C(C)C)cn2)nc(-c2ccnc(-c3nnn[nH]3)c2)nc1OCCO,360.0,0.486,0.303314678,0.25776683112420445,0.28,0.44078128,0.2939800869456731,2.05761316872428,3.2969060600489635,3.8794750885467955,1.6022963451837964,1.8854248930337427,0.3429252397723348,0.5406362477908152,0.6432230405486483,1.57654259613477,1.875694658624949
1244,37910,tolamolol,Cc1ccccc1OCC(O)CNCCOc1ccc(C(N)=O)cc1,0.1,0.84,0.548343542,0.592211073908799,4.0,1.890752308,1.1219388244487376,1.1904761904761905,1.8236742541959214,1.6885871339751422,1.531886373524574,1.4184131925391195,0.2499562551037201,0.5287622058450079,0.8909222458486366,2.115418978515246,3.564312665345965
1251,9809656,tomopenem,C[C@@H](O)[C@H]1C(=O)N2C(C(=O)O)=C(S[C@H]3C[C@@H](C(=O)N4CC[C@H](NC(=O)CNC(=N)N)C4)N(C)C3)[C@H](C)[C@H]12,30.0,0.114,0.172872475,0.1180527234763372,0.23,0.296313165,0.20315738339254125,8.771929824561402,5.784610881518298,8.470791444302787,1.5164252192982455,1.0355502059327824,3.8509531604781224,2.9271479265720424,4.271720579179187,1.3155990940942777,1.109263187882769
1256,41781,torsemide,Cc1cccc(Nc2ccncc2S(=O)(=O)NC(=O)NC(C)C)c1,5.0,0.0318,0.072020237,0.029185210201165053,0.21,0.70059724,0.2362065289827986,31.446540880503143,13.884986243519304,34.26393002165462,2.2647873270440253,1.089592974688617,4.731985393972581,1.4212572980809803,4.211862296372245,3.3294361269854753,1.1234900528557943
1310,13342,vinblastine,CC[C@]1(O)C[C@@H]2CN(CCc3c([nH]c4ccccc34)[C@@](C(=O)OC)(c3cc4c(cc3OC)N(C)[C@H]3[C@@](O)(C(=O)OC)[C@H](OC(C)=O)[C@]5(CC)C=CCN6CC[C@]43[C@@H]65)C2)C1,0.1,0.186,0.341640468,0.36001666985850544,28.0,5.60211921,8.490931677748776,5.376344086021505,2.927053711915651,2.7776491582820935,1.836776709677419,1.9355734938629323,0.0357140880109337,0.1784948060036492,0.11776854476463886,4.997882234848159,3.2975375075680096
1319,71616,voriconazole,C[C@@H](c1ncncc1F)[C@](O)(Cn1cncn1)c1ccc(F)cc1F,60.0,0.498,0.081510545,0.13740431049847598,2.2,1.852757123,1.7037625724857441,2.0080321285140563,12.268351291234772,7.277792060323256,6.109638943034916,3.6243404460409816,0.4067709335516506,0.5280357357136157,0.5638923686191202,1.2981157013928264,1.3862651485335757
1325,155774,xamoterol,O=C(NCCNCC(O)COc1ccc(O)cc1)N1CCOCC1,0.1,0.18,0.367622603,0.45773725803193704,0.64,1.341566373,0.7742628125004887,5.555555555555555,2.720180946001299,2.184659392376201,2.0423477944444444,2.5429847668440946,1.562133846276254,0.7452271470053448,1.2909150309295068,2.0961848378089885,1.2100981155602935
1337,60855,zanamivir,CC(=O)N[C@H]1[C@H]([C@H](O)[C@H](O)CO)OC(C(=O)O)=C[C@@H]1NC(=N)N,30.0,0.096,0.17994954,0.15530745573196503,0.23,0.433731303,0.3390552466586569,10.416666666666666,5.557113399678599,6.438840912607792,1.874474375,1.6177859972079691,3.9241204249565453,2.082149266143719,2.6359984012820976,1.884648948451367,1.4886657074784
1345,68740,zoledronic acid,O=P(O)(O)C(O)(Cn1ccnc1)P(=O)(O)O,15.0,0.132,0.134381179,0.12851957217830673,0.6,0.904574696,0.6166331293110062,7.575757575757575,7.441518279877572,7.780916035205986,1.0180392348484846,1.0270809166471901,1.6216621832277618,1.0852150858954142,1.5801842838689302,1.4943232952661394,1.026248773502086
1346,60857,zolmitriptan,CN(C)CCc1c[nH]c2ccc(C[C@H]3COC(=O)N3)cc12,120.0,0.402,0.517149584,0.46505547395562585,1.8,1.967732603,2.1428420468506535,2.487562189054726,1.9336765047073885,2.150281108389699,1.286441751243781,1.1568544128249398,0.4480632772242234,0.3952600704944915,0.37858200856873003,1.1335910471899482,1.183530297486071
1349,6433110,zoniporide,N=C(N)NC(=O)c1cnn(-c2cccc3ncccc23)c1C1CC1,60.0,1.26,0.245704573,0.3405594178709986,1.7,2.285608901,2.2009226745485986,0.7936507936507936,4.0699283199747365,2.9363451648217014,5.1281096831681685,3.699794907675344,0.4154341785036656,0.41482383225460817,0.42094770493648,1.001471338437187,1.0132717208118824
1350,5735,zopiclone,CN1CCN(C(=O)OC2c3nccnc3C(=O)N2c2ccc(Cl)cn2)CC1,0.1,0.198,0.266756461,0.22742592655014893,1.3,2.758651895,1.6804417636065794,5.05050505050505,3.748737692242813,4.397036059912428,1.3472548535353535,1.1486157906573178,0.7691331443554156,0.3624666904772275,0.5950145070841487,2.121941586805581,1.2926292303771385
