target,seed_idx,seed,R2,MAE,RMSE,within_1_pKa_unit,within_2_pKa_unit,variant
pKa_Acidic,0,42,0.9628315491537478,0.4853899504620267,0.8274138349730344,0.8827319587628866,0.9690721649484536,no_xtb
pKa_Acidic,1,43,0.9624235270367418,0.5105819419296933,0.8319429674201654,0.8853092783505154,0.9742268041237113,no_xtb
pKa_Acidic,2,44,0.9648724427021725,0.4658627226893168,0.8043767768023568,0.8930412371134021,0.9755154639175257,no_xtb
pKa_Acidic,3,45,0.964172109185354,0.4810053240563999,0.8123555822755301,0.884020618556701,0.9664948453608248,no_xtb
pKa_Acidic,4,46,0.9644511833744347,0.46596352440393063,0.8091855564780758,0.8865979381443299,0.970360824742268,no_xtb
pKa_Acidic,5,47,0.9619868419695753,0.48385218481468634,0.8367631067339252,0.8969072164948454,0.970360824742268,no_xtb
pKa_Acidic,6,48,0.9638314268574468,0.48954658317870897,0.8162087311440079,0.8827319587628866,0.970360824742268,no_xtb
pKa_Acidic,7,49,0.9648039992185106,0.4828163998854646,0.8051600302045603,0.8891752577319587,0.9716494845360825,no_xtb
pKa_Acidic,8,50,0.9645267855855708,0.4939306975636475,0.808324644866508,0.884020618556701,0.9664948453608248,no_xtb
pKa_Acidic,9,51,0.9587688282168063,0.5195579114846363,0.871461864406493,0.8724226804123711,0.9690721649484536,no_xtb
