target,model,n_seeds,n_test,R2_ens,R2_seed_mean,R2_seed_sd,MAE_ens,MAE_seed_mean,MAE_seed_sd,RMSE_ens,RMSE_seed_mean,RMSE_seed_sd,GMFE_ens,GMFE_seed_mean,GMFE_seed_sd,within_2fold_ens,within_2fold_seed_mean,within_2fold_seed_sd,within_3fold_ens,within_3fold_seed_mean,within_3fold_seed_sd,within_5fold_ens,within_5fold_seed_mean,within_5fold_seed_sd,within_1_pKa_unit_ens,within_1_pKa_unit_seed_mean,within_1_pKa_unit_seed_sd,within_2_pKa_unit_ens,within_2_pKa_unit_seed_mean,within_2_pKa_unit_seed_sd
CL,Proposed,10,177,0.4966715811605079,0.4405686102273223,0.019876652358715344,0.30502311211371824,0.3240421764516048,0.007376199456259058,0.4122767218884032,0.43458515110807416,0.0077173724385520585,2.018473779170716,2.1091069417950528,0.035869186143124586,0.6045197740112994,0.5785310734463277,0.017905633633152118,0.7966101694915254,0.764406779661017,0.01599090750685785,0.903954802259887,0.8887005649717515,0.010332102993857017,,,,,,
CL,Random Forest,10,177,0.48380746627856464,0.47440469761702947,0.010511397664117276,0.3031634470417514,0.30711792356058754,0.005062205024166942,0.41751198563518455,0.42127856264463837,0.004204504275086386,2.0098490784406478,2.028357232269499,0.02360120349660638,0.6384180790960452,0.6322033898305085,0.020707068937707664,0.7966101694915254,0.7983050847457627,0.009245150816296484,0.8870056497175142,0.8853107344632768,0.008443130610719387,,,,,,
CL,XGBoost,10,177,0.3743436065217298,0.3743436072009234,0.0,0.3552711790177418,0.35527118126975343,0.0,0.4596539870896535,0.45965398684016023,0.0,2.2660588219786133,2.2660588337291445,0.0,0.4971751412429379,0.4971751412429379,0.0,0.7288135593220338,0.7288135593220338,0.0,0.8757062146892656,0.8757062146892656,0.0,,,,,,
CL,SVM,1,177,0.4851830593428489,0.4851830593428489,,0.30996169254982814,0.30996169254982814,,0.41695530407430975,0.41695530407430975,,2.0415578587405774,2.0415578587405774,,0.6271186440677966,0.6271186440677966,,0.768361581920904,0.768361581920904,,0.8983050847457628,0.8983050847457628,,,,,,,
VDss,Proposed,10,177,0.6478387678556332,0.6088140211690785,0.02884769158859486,0.2465698577358562,0.25856452652117967,0.011589404638900675,0.3279986579802883,0.34548573806829336,0.012673145421483682,1.7642895335901079,1.8142776531177187,0.04844372855677058,0.6836158192090396,0.6700564971751412,0.02795833304692374,0.864406779661017,0.8497175141242937,0.017505009474383798,0.9548022598870056,0.946327683615819,0.01603520373439399,,,,,,
VDss,Random Forest,10,177,0.6091009475138627,0.6016970863226061,0.012294446197987825,0.2667880105109209,0.26919349613651405,0.005139352748433575,0.34556806667371737,0.3487882574850137,0.005361883503487756,1.8483661671553948,1.8587494836886005,0.021992109375103465,0.6610169491525424,0.6423728813559322,0.014599659091008873,0.847457627118644,0.836723163841808,0.012897095042006711,0.943502824858757,0.9389830508474576,0.009528520256627895,,,,,,
VDss,XGBoost,10,177,0.48545803154015377,0.48545803763575857,1.1702778228589004e-16,0.3065646282717229,0.3065646246648211,0.0,0.39647124651782956,0.3964712441693992,5.851389114294502e-17,2.025651025770019,2.025651008946585,0.0,0.5875706214689266,0.5875706214689266,0.0,0.7853107344632768,0.7853107344632768,0.0,0.9265536723163842,0.9265536723163843,1.1702778228589004e-16,,,,,,
VDss,SVM,1,177,0.5419673102712949,0.5419673102712949,,0.2831509471475384,0.2831509471475384,,0.3740671163578814,0.3740671163578814,,1.919335725682469,1.919335725682469,,0.6101694915254238,0.6101694915254238,,0.8192090395480226,0.8192090395480226,,0.9378531073446328,0.9378531073446328,,,,,,,
Fu,Proposed,10,633,0.7121115385936937,0.6806772896931167,0.008548171766231263,0.31932398566460674,0.33700690505234865,0.005691304691897249,0.4351772896775049,0.45828326153089716,0.006133360872941834,2.0860465029824535,2.1729035459585617,0.028451895046933184,0.6129541864139021,0.5884676145339652,0.014730490500999855,0.7788309636650869,0.7630331753554502,0.007104127205493457,0.8941548183254344,0.8770932069510268,0.008286103533552806,,,,,,
Fu,Random Forest,10,633,0.6296646423483298,0.6257119191014828,0.003216369823287858,0.378527824935443,0.3804285803284524,0.0017593075546174278,0.4935733277396608,0.4961962503090568,0.0021338830294776586,2.390715101836946,2.4012190920714724,0.009728817092619147,0.4881516587677725,0.4921011058451816,0.00872461375765186,0.7109004739336493,0.7053712480252765,0.005064608757680702,0.8546603475513428,0.859873617693523,0.004998473923152926,,,,,,
Fu,XGBoost,10,633,0.642547507092563,0.6425475027683143,0.0,0.3647389911821498,0.3647389914028424,0.0,0.4849123653115496,0.4849123682446411,1.1702778228589004e-16,2.3160023257722697,2.3160023269491776,0.0,0.5308056872037915,0.5308056872037915,0.0,0.717219589257504,0.717219589257504,0.0,0.8736176935229067,0.8736176935229067,0.0,,,,,,
Fu,SVM,1,633,0.6633955008989407,0.6633955008989407,,0.3586426838998811,0.3586426838998811,,0.47055896502824796,0.47055896502824796,,2.283719098671714,2.283719098671714,,0.5339652448657188,0.5339652448657188,,0.7266982622432859,0.7266982622432859,,0.8862559241706162,0.8862559241706162,,,,,,,
pKa_Acidic,Proposed,10,776,0.9688766124272525,0.96349449083623,0.0022017190867476086,0.4240870885693657,0.4835277286805876,0.019701353539955942,0.7571448603514502,0.8196705362263355,0.024562879730449974,,,,,,,,,,,,,0.9097938144329897,0.8873711340206185,0.010437348830575576,0.9742268041237113,0.969201030927835,0.005516039301543626
pKa_Acidic,Random Forest,10,776,0.927256387786163,0.9262121279512711,0.001370589487439138,0.6992540850515463,0.7051994201030927,0.006483742941447537,1.157531929823739,1.1657655174986066,0.010820364487939334,,,,,,,,,,,,,0.7770618556701031,0.7801546391752577,0.007664848117936587,0.9226804123711341,0.9208762886597939,0.0037051303527230323
pKa_Acidic,XGBoost,10,776,0.9190028728693578,0.9190028692905623,0.0,0.7426644231955108,0.742664469118355,1.1702778228589004e-16,1.2214349868007677,1.221435013784848,2.340555645717801e-16,,,,,,,,,,,,,0.7809278350515464,0.7809278350515464,0.0,0.9110824742268041,0.9110824742268042,1.1702778228589004e-16
pKa_Acidic,SVM,1,776,0.7703711898786246,0.7703711898786246,,1.4750961307635497,1.4750961307635497,,2.056594811731162,2.056594811731162,,,,,,,,,,,,,,0.49871134020618557,0.49871134020618557,,0.7242268041237113,0.7242268041237113,
pKa_Basic,Proposed,10,815,0.9478413121637771,0.9371120346310748,0.002659725493274179,0.41624120610185855,0.47207549242917,0.010475229488268387,0.6704987105438508,0.7360902756854291,0.01555995485905744,,,,,,,,,,,,,0.8993865030674847,0.8849079754601226,0.00876821411590125,0.9815950920245399,0.9759509202453989,0.005244113022437506
pKa_Basic,Random Forest,10,815,0.862370555855332,0.8602855929226388,0.0022085775369330304,0.7581425105170905,0.7642363878177039,0.006265443456731582,1.089156521647268,1.0973445387010743,0.008672999114656509,,,,,,,,,,,,,0.7460122699386503,0.7430674846625767,0.006599964909266045,0.9177914110429448,0.9139877300613495,0.002860062779067037
pKa_Basic,XGBoost,10,815,0.881261830214277,0.8812618302542884,0.0,0.7009944082319373,0.7009944091644026,0.0,1.0116488533176442,1.0116488531471952,2.340555645717801e-16,,,,,,,,,,,,,0.7558282208588957,0.7558282208588957,0.0,0.9325153374233128,0.9325153374233128,0.0
pKa_Basic,SVM,1,815,0.7227616876547976,0.7227616876547976,,1.0674924527746983,1.0674924527746983,,1.5458282565105539,1.5458282565105539,,,,,,,,,,,,,,0.6343558282208589,0.6343558282208589,,0.8306748466257668,0.8306748466257668,
