target,model,n_seeds,R2_ens,MAE_ens,RMSE_ens,GMFE_ens,within_2fold_ens
CL,Proposed,10,0.4967,0.305,0.4123,2.0185,0.6045
CL,Random Forest,10,0.4838,0.3032,0.4175,2.0098,0.6384
CL,XGBoost,10,0.3743,0.3553,0.4597,2.2661,0.4972
CL,SVM,1,0.4852,0.31,0.417,2.0416,0.6271
VDss,Proposed,10,0.6478,0.2466,0.328,1.7643,0.6836
VDss,Random Forest,10,0.6091,0.2668,0.3456,1.8484,0.661
VDss,XGBoost,10,0.4855,0.3066,0.3965,2.0257,0.5876
VDss,SVM,1,0.542,0.2832,0.3741,1.9193,0.6102
Fu,Proposed,10,0.7121,0.3193,0.4352,2.086,0.613
Fu,Random Forest,10,0.6297,0.3785,0.4936,2.3907,0.4882
Fu,XGBoost,10,0.6425,0.3647,0.4849,2.316,0.5308
Fu,SVM,1,0.6634,0.3586,0.4706,2.2837,0.534
