target,baseline,metric,higher_is_better,baseline_ens,proposed_ens,diff_baseline_minus_proposed,ci95_lo,ci95_hi,ci_flag,p_proposed_better,boot_B,baseline_seed_mean,baseline_seed_sd
CL,Random Forest,R2,True,0.48380746627856464,0.4966715811605079,-0.012864114881943278,-0.09159869532968208,0.06437722942797897,overlaps_zero,0.6224,10000,0.47440469761702947,0.010511397664117276
CL,Random Forest,MAE,False,0.3031634470417514,0.30502311211371824,-0.0018596650719668317,-0.026835967923632985,0.024057650642346936,overlaps_zero,0.4489,10000,0.30711792356058754,0.005062205024166942
CL,Random Forest,RMSE,False,0.41751198563518455,0.4122767218884032,0.005235263746781349,-0.024817776421920294,0.037065490173872416,overlaps_zero,0.6224,10000,0.42127856264463837,0.004204504275086386
CL,Random Forest,GMFE,False,2.0098490784406478,2.018473779170716,-0.00862470073006838,-0.12368633635942561,0.11299892412233341,overlaps_zero,0.4489,10000,2.028357232269499,0.02360120349660638
CL,Random Forest,within_2fold,True,0.6384180790960452,0.6045197740112994,0.03389830508474578,-0.039548022598870025,0.10734463276836159,overlaps_zero,0.1602,10000,0.6322033898305085,0.020707068937707664
CL,Random Forest,within_3fold,True,0.7966101694915254,0.7966101694915254,0.0,-0.04519774011299438,0.04519774011299438,overlaps_zero,0.4452,10000,0.7983050847457627,0.009245150816296484
CL,Random Forest,within_5fold,True,0.8870056497175142,0.903954802259887,-0.016949152542372836,-0.04519774011299438,0.011299435028248594,overlaps_zero,0.8321,10000,0.8853107344632768,0.008443130610719387
CL,XGBoost,R2,True,0.3743436065217298,0.4966715811605079,-0.12232797463877809,-0.23987130303779208,-0.03188492452502783,excludes_zero,0.9968,10000,0.3743436072009234,0.0
CL,XGBoost,MAE,False,0.3552711790177418,0.30502311211371824,0.05024806690402356,0.020709871838415255,0.08113468291530691,excludes_zero,0.9989,10000,0.35527118126975343,0.0
CL,XGBoost,RMSE,False,0.4596539870896535,0.4122767218884032,0.047377265201250296,0.01270577433141211,0.08428417645737568,excludes_zero,0.9968,10000,0.45965398684016023,0.0
CL,XGBoost,GMFE,False,2.2660588219786133,2.018473779170716,0.24758504280789717,0.1017541911110261,0.4091211776073273,excludes_zero,0.9989,10000,2.2660588337291445,0.0
CL,XGBoost,within_2fold,True,0.4971751412429379,0.6045197740112994,-0.10734463276836154,-0.1864406779661017,-0.02824858757062154,excludes_zero,0.9958,10000,0.4971751412429379,0.0
CL,XGBoost,within_3fold,True,0.7288135593220338,0.7966101694915254,-0.06779661016949157,-0.12429378531073443,-0.011299435028248594,excludes_zero,0.9894,10000,0.7288135593220338,0.0
CL,XGBoost,within_5fold,True,0.8757062146892656,0.903954802259887,-0.02824858757062143,-0.06779661016949146,0.005649717514124353,overlaps_zero,0.9215,10000,0.8757062146892656,0.0
CL,SVM,R2,True,0.4851830593428489,0.4966715811605079,-0.011488521817659025,-0.07264666770141663,0.052635942568481656,overlaps_zero,0.6355,10000,0.4851830593428489,
CL,SVM,MAE,False,0.30996169254982814,0.30502311211371824,0.004938580436109896,-0.015145861360852412,0.02513201585215882,overlaps_zero,0.6839,10000,0.30996169254982814,
CL,SVM,RMSE,False,0.41695530407430975,0.4122767218884032,0.004678582185906555,-0.020374282924925585,0.030649649847023893,overlaps_zero,0.6355,10000,0.41695530407430975,
CL,SVM,GMFE,False,2.0415578587405774,2.018473779170716,0.02308407956986125,-0.07113474096545537,0.11727796461791405,overlaps_zero,0.6839,10000,2.0415578587405774,
CL,SVM,within_2fold,True,0.6271186440677966,0.6045197740112994,0.02259887005649719,-0.03389830508474578,0.07909604519774005,overlaps_zero,0.1802,10000,0.6271186440677966,
CL,SVM,within_3fold,True,0.768361581920904,0.7966101694915254,-0.02824858757062143,-0.07344632768361581,0.016949152542372836,overlaps_zero,0.8638,10000,0.768361581920904,
CL,SVM,within_5fold,True,0.8983050847457628,0.903954802259887,-0.005649717514124242,-0.039548022598870136,0.02824858757062154,overlaps_zero,0.5566,10000,0.8983050847457628,
VDss,Random Forest,R2,True,0.6091009475138627,0.6478387678556332,-0.038737820341770535,-0.1353707251889449,0.049215083625415296,overlaps_zero,0.8127,10000,0.6016970863226061,0.012294446197987825
VDss,Random Forest,MAE,False,0.2667880105109209,0.2465698577358562,0.02021815277506467,-0.00981977115494544,0.05101793256379805,overlaps_zero,0.9101,10000,0.26919349613651405,0.005139352748433575
VDss,Random Forest,RMSE,False,0.34556806667371737,0.3279986579802883,0.017569408693429045,-0.022598182084065752,0.05843582241780045,overlaps_zero,0.8127,10000,0.3487882574850137,0.005361883503487756
VDss,Random Forest,GMFE,False,1.8483661671553948,1.7642895335901079,0.08407663356528694,-0.04121080758575641,0.21435689703988509,overlaps_zero,0.9101,10000,1.8587494836886005,0.021992109375103465
VDss,Random Forest,within_2fold,True,0.6610169491525424,0.6836158192090396,-0.02259887005649719,-0.10169491525423735,0.05649717514124297,overlaps_zero,0.6898,10000,0.6423728813559322,0.014599659091008873
VDss,Random Forest,within_3fold,True,0.847457627118644,0.864406779661017,-0.016949152542372947,-0.06779661016949157,0.03389830508474578,overlaps_zero,0.7079,10000,0.836723163841808,0.012897095042006711
VDss,Random Forest,within_5fold,True,0.943502824858757,0.9548022598870056,-0.011299435028248594,-0.05084745762711873,0.02824858757062154,overlaps_zero,0.6504,10000,0.9389830508474576,0.009528520256627895
VDss,XGBoost,R2,True,0.48545803154015377,0.6478387678556332,-0.16238073631547945,-0.2982206197255313,-0.04645726141841709,excludes_zero,0.9973,10000,0.48545803763575857,1.1702778228589004e-16
VDss,XGBoost,MAE,False,0.3065646282717229,0.2465698577358562,0.059994770535866715,0.023797695528695133,0.09665183621892953,excludes_zero,0.9995,10000,0.3065646246648211,0.0
VDss,XGBoost,RMSE,False,0.39647124651782956,0.3279986579802883,0.06847258853754123,0.020357743156833554,0.11679392548640939,excludes_zero,0.9973,10000,0.3964712441693992,5.851389114294502e-17
VDss,XGBoost,GMFE,False,2.025651025770019,1.7642895335901079,0.261361492179911,0.10315055498617248,0.4314639124361897,excludes_zero,0.9995,10000,2.025651008946585,0.0
VDss,XGBoost,within_2fold,True,0.5875706214689266,0.6836158192090396,-0.096045197740113,-0.17514124293785316,-0.016949152542372947,excludes_zero,0.9901,10000,0.5875706214689266,0.0
VDss,XGBoost,within_3fold,True,0.7853107344632768,0.864406779661017,-0.07909604519774016,-0.14689265536723162,-0.011299435028248594,excludes_zero,0.987,10000,0.7853107344632768,0.0
VDss,XGBoost,within_5fold,True,0.9265536723163842,0.9548022598870056,-0.02824858757062143,-0.07344632768361581,0.011299435028248594,overlaps_zero,0.8806,10000,0.9265536723163843,1.1702778228589004e-16
VDss,SVM,R2,True,0.5419673102712949,0.6478387678556332,-0.10587145758433836,-0.18397779272885373,-0.033777312139604825,excludes_zero,0.9981,10000,0.5419673102712949,
VDss,SVM,MAE,False,0.2831509471475384,0.2465698577358562,0.0365810894116822,0.013746363281097832,0.05998344446352547,excludes_zero,0.9988,10000,0.2831509471475384,
VDss,SVM,RMSE,False,0.3740671163578814,0.3279986579802883,0.0460684583775931,0.014704830643424663,0.07714749202589578,excludes_zero,0.9981,10000,0.3740671163578814,
VDss,SVM,GMFE,False,1.919335725682469,1.7642895335901079,0.15504619209236115,0.05722211638358046,0.26056416801408616,excludes_zero,0.9988,10000,1.919335725682469,
VDss,SVM,within_2fold,True,0.6101694915254238,0.6836158192090396,-0.07344632768361581,-0.13559322033898313,-0.011299435028248594,excludes_zero,0.9857,10000,0.6101694915254238,
VDss,SVM,within_3fold,True,0.8192090395480226,0.864406779661017,-0.04519774011299438,-0.096045197740113,0.005649717514124242,overlaps_zero,0.9582,10000,0.8192090395480226,
VDss,SVM,within_5fold,True,0.9378531073446328,0.9548022598870056,-0.016949152542372836,-0.04519774011299438,0.005649717514124353,overlaps_zero,0.8743,10000,0.9378531073446328,
Fu,Random Forest,R2,True,0.6296646423483298,0.7121115385936937,-0.08244689624536394,-0.115268176665626,-0.050991312848361135,excludes_zero,1.0,10000,0.6257119191014828,0.003216369823287858
Fu,Random Forest,MAE,False,0.378527824935443,0.31932398566460674,0.05920383927083628,0.041917783099042955,0.07632182838344033,excludes_zero,1.0,10000,0.3804285803284524,0.0017593075546174278
Fu,Random Forest,RMSE,False,0.4935733277396608,0.4351772896775049,0.058396038062155875,0.03599485567584982,0.08133810533918583,excludes_zero,1.0,10000,0.4961962503090568,0.0021338830294776586
Fu,Random Forest,GMFE,False,2.390715101836946,2.0860465029824535,0.3046685988544926,0.21357416136222518,0.3963799449243565,excludes_zero,1.0,10000,2.4012190920714724,0.009728817092619147
Fu,Random Forest,within_2fold,True,0.4881516587677725,0.6129541864139021,-0.12480252764612959,-0.16429699842022122,-0.08530805687203791,excludes_zero,1.0,10000,0.4921011058451816,0.00872461375765186
Fu,Random Forest,within_3fold,True,0.7109004739336493,0.7788309636650869,-0.06793048973143756,-0.10110584518167454,-0.034755134281200584,excludes_zero,1.0,10000,0.7053712480252765,0.005064608757680702
Fu,Random Forest,within_5fold,True,0.8546603475513428,0.8941548183254344,-0.03949447077409163,-0.06319115323854663,-0.017377567140600236,excludes_zero,0.9994,10000,0.859873617693523,0.004998473923152926
Fu,XGBoost,R2,True,0.642547507092563,0.7121115385936937,-0.06956403150113066,-0.10442218860720043,-0.036867892358972705,excludes_zero,1.0,10000,0.6425475027683143,0.0
Fu,XGBoost,MAE,False,0.3647389911821498,0.31932398566460674,0.04541500551754307,0.02766305961338216,0.06297090992725467,excludes_zero,1.0,10000,0.3647389914028424,0.0
Fu,XGBoost,RMSE,False,0.4849123653115496,0.4351772896775049,0.04973507563404467,0.026265148258389312,0.07353791341303219,excludes_zero,1.0,10000,0.4849123682446411,1.1702778228589004e-16
Fu,XGBoost,GMFE,False,2.3160023257722697,2.0860465029824535,0.2299558227898162,0.13916166823041484,0.32254319631452033,excludes_zero,1.0,10000,2.3160023269491776,0.0
Fu,XGBoost,within_2fold,True,0.5308056872037915,0.6129541864139021,-0.08214849921011058,-0.12168246445497632,-0.042654028436018954,excludes_zero,0.9999,10000,0.5308056872037915,0.0
Fu,XGBoost,within_3fold,True,0.717219589257504,0.7788309636650869,-0.06161137440758291,-0.09478672985781988,-0.028436018957345932,excludes_zero,0.9998,10000,0.717219589257504,0.0
Fu,XGBoost,within_5fold,True,0.8736176935229067,0.8941548183254344,-0.020537124802527673,-0.04581358609794628,0.003159557661927326,overlaps_zero,0.9446,10000,0.8736176935229067,0.0
Fu,SVM,R2,True,0.6633955008989407,0.7121115385936937,-0.04871603769475297,-0.06974831431757618,-0.027846440974342957,excludes_zero,1.0,10000,0.6633955008989407,
Fu,SVM,MAE,False,0.3586426838998811,0.31932398566460674,0.03931869823527434,0.02650013596367698,0.05198961412669811,excludes_zero,1.0,10000,0.3586426838998811,
Fu,SVM,RMSE,False,0.47055896502824796,0.4351772896775049,0.03538167535074305,0.01978017293930098,0.05124751194037293,excludes_zero,1.0,10000,0.47055896502824796,
Fu,SVM,GMFE,False,2.283719098671714,2.0860465029824535,0.19767259568926043,0.1328574129490156,0.2640794514613544,excludes_zero,1.0,10000,2.283719098671714,
Fu,SVM,within_2fold,True,0.5339652448657188,0.6129541864139021,-0.07898894154818326,-0.11216429699842023,-0.04581358609794628,excludes_zero,1.0,10000,0.5339652448657188,
Fu,SVM,within_3fold,True,0.7266982622432859,0.7788309636650869,-0.05213270142180093,-0.08056872037914697,-0.023696682464455,excludes_zero,0.9999,10000,0.7266982622432859,
Fu,SVM,within_5fold,True,0.8862559241706162,0.8941548183254344,-0.007898894154818259,-0.026856240126382325,0.011058451816745696,overlaps_zero,0.7533,10000,0.8862559241706162,
pKa_Acidic,Random Forest,R2,True,0.927256387786163,0.9688766124272525,-0.0416202246410895,-0.0578400042089791,-0.02704006935077532,excludes_zero,1.0,10000,0.9262121279512711,0.001370589487439138
pKa_Acidic,Random Forest,MAE,False,0.6992540850515463,0.4240870885693657,0.27516699648218057,0.21914271613257585,0.33265565345535286,excludes_zero,1.0,10000,0.7051994201030927,0.006483742941447537
pKa_Acidic,Random Forest,RMSE,False,1.157531929823739,0.7571448603514502,0.40038706947228875,0.259523256449751,0.5455654802586556,excludes_zero,1.0,10000,1.1657655174986066,0.010820364487939334
pKa_Acidic,Random Forest,within_1_pKa_unit,True,0.7770618556701031,0.9097938144329897,-0.13273195876288657,-0.16237113402061853,-0.10309278350515472,excludes_zero,1.0,10000,0.7801546391752577,0.007664848117936587
pKa_Acidic,Random Forest,within_2_pKa_unit,True,0.9226804123711341,0.9742268041237113,-0.05154639175257725,-0.06829896907216493,-0.03479381443298968,excludes_zero,1.0,10000,0.9208762886597939,0.0037051303527230323
pKa_Acidic,XGBoost,R2,True,0.9190028728693578,0.9688766124272525,-0.04987373955789476,-0.06798915790370652,-0.03498620077883239,excludes_zero,1.0,10000,0.9190028692905623,0.0
pKa_Acidic,XGBoost,MAE,False,0.7426644231955108,0.4240870885693657,0.3185773346261451,0.26137724401187834,0.3779133858359645,excludes_zero,1.0,10000,0.742664469118355,1.1702778228589004e-16
pKa_Acidic,XGBoost,RMSE,False,1.2214349868007677,0.7571448603514502,0.46429012644931744,0.335693932055117,0.6112418530572464,excludes_zero,1.0,10000,1.221435013784848,2.340555645717801e-16
pKa_Acidic,XGBoost,within_1_pKa_unit,True,0.7809278350515464,0.9097938144329897,-0.12886597938144329,-0.15850515463917525,-0.09922680412371132,excludes_zero,1.0,10000,0.7809278350515464,0.0
pKa_Acidic,XGBoost,within_2_pKa_unit,True,0.9110824742268041,0.9742268041237113,-0.06314432989690721,-0.08118556701030932,-0.045103092783505105,excludes_zero,1.0,10000,0.9110824742268042,1.1702778228589004e-16
pKa_Acidic,SVM,R2,True,0.7703711898786246,0.9688766124272525,-0.1985054225486279,-0.22487238105783103,-0.17331377525925035,excludes_zero,1.0,10000,0.7703711898786246,
pKa_Acidic,SVM,MAE,False,1.4750961307635497,0.4240870885693657,1.051009042194184,0.9543643671085127,1.1476309576431882,excludes_zero,1.0,10000,1.4750961307635497,
pKa_Acidic,SVM,RMSE,False,2.056594811731162,0.7571448603514502,1.2994499513797115,1.1283249091528662,1.4703241990813538,excludes_zero,1.0,10000,2.056594811731162,
pKa_Acidic,SVM,within_1_pKa_unit,True,0.49871134020618557,0.9097938144329897,-0.4110824742268041,-0.4484536082474227,-0.37371134020618557,excludes_zero,1.0,10000,0.49871134020618557,
pKa_Acidic,SVM,within_2_pKa_unit,True,0.7242268041237113,0.9742268041237113,-0.25,-0.2809600515463917,-0.21778350515463918,excludes_zero,1.0,10000,0.7242268041237113,
pKa_Basic,Random Forest,R2,True,0.862370555855332,0.9478413121637771,-0.08547075630844514,-0.10549836217985936,-0.06716194689647174,excludes_zero,1.0,10000,0.8602855929226388,0.0022085775369330304
pKa_Basic,Random Forest,MAE,False,0.7581425105170905,0.41624120610185855,0.3419013044152319,0.29290253219919393,0.3924779088858654,excludes_zero,1.0,10000,0.7642363878177039,0.006265443456731582
pKa_Basic,Random Forest,RMSE,False,1.089156521647268,0.6704987105438508,0.41865781110341727,0.33369560120059316,0.505712153429156,excludes_zero,1.0,10000,1.0973445387010743,0.008672999114656509
pKa_Basic,Random Forest,within_1_pKa_unit,True,0.7460122699386503,0.8993865030674847,-0.15337423312883436,-0.18527607361963183,-0.12269938650306755,excludes_zero,1.0,10000,0.7430674846625767,0.006599964909266045
pKa_Basic,Random Forest,within_2_pKa_unit,True,0.9177914110429448,0.9815950920245399,-0.06380368098159506,-0.0822085889570553,-0.04539877300613504,excludes_zero,1.0,10000,0.9139877300613495,0.002860062779067037
pKa_Basic,XGBoost,R2,True,0.881261830214277,0.9478413121637771,-0.06657948194950014,-0.08439085507850899,-0.050405301904035645,excludes_zero,1.0,10000,0.8812618302542884,0.0
pKa_Basic,XGBoost,MAE,False,0.7009944082319373,0.41624120610185855,0.2847532021300787,0.23780830538016692,0.33154079525937735,excludes_zero,1.0,10000,0.7009944091644026,0.0
pKa_Basic,XGBoost,RMSE,False,1.0116488533176442,0.6704987105438508,0.3411501427737934,0.2624119891731572,0.4198917188095225,excludes_zero,1.0,10000,1.0116488531471952,2.340555645717801e-16
pKa_Basic,XGBoost,within_1_pKa_unit,True,0.7558282208588957,0.8993865030674847,-0.14355828220858902,-0.1754601226993865,-0.11288343558282199,excludes_zero,1.0,10000,0.7558282208588957,0.0
pKa_Basic,XGBoost,within_2_pKa_unit,True,0.9325153374233128,0.9815950920245399,-0.049079754601227044,-0.06748466257668706,-0.031901840490797584,excludes_zero,1.0,10000,0.9325153374233128,0.0
pKa_Basic,SVM,R2,True,0.7227616876547976,0.9478413121637771,-0.22507962450897945,-0.25437484614123634,-0.19716677534400856,excludes_zero,1.0,10000,0.7227616876547976,
pKa_Basic,SVM,MAE,False,1.0674924527746983,0.41624120610185855,0.6512512466728397,0.5786849568675203,0.7249499216731288,excludes_zero,1.0,10000,1.0674924527746983,
pKa_Basic,SVM,RMSE,False,1.5458282565105539,0.6704987105438508,0.8753295459667031,0.7648232657780776,0.9873966787604602,excludes_zero,1.0,10000,1.5458282565105539,
pKa_Basic,SVM,within_1_pKa_unit,True,0.6343558282208589,0.8993865030674847,-0.2650306748466258,-0.30184049079754605,-0.2294478527607362,excludes_zero,1.0,10000,0.6343558282208589,
pKa_Basic,SVM,within_2_pKa_unit,True,0.8306748466257668,0.9815950920245399,-0.15092024539877302,-0.17791411042944782,-0.12515337423312878,excludes_zero,1.0,10000,0.8306748466257668,
