target,model,seed_idx,seed,R2,MAE,RMSE,GMFE,within_2fold,within_3fold,within_5fold,seconds
Fu,XGBoost,0,42,0.6425475027683143,0.3647389914028424,0.484912368244641,2.3160023287929996,0.5308056872037915,0.717219589257504,0.8736176935229067,4.278119325637817
Fu,XGBoost,1,43,0.6425475027683143,0.3647389914028424,0.484912368244641,2.3160023287929996,0.5308056872037915,0.717219589257504,0.8736176935229067,4.365896463394165
Fu,XGBoost,2,44,0.6425475027683143,0.3647389914028424,0.484912368244641,2.3160023287929996,0.5308056872037915,0.717219589257504,0.8736176935229067,5.253166913986206
Fu,XGBoost,3,45,0.6425475027683143,0.3647389914028424,0.484912368244641,2.3160023287929996,0.5308056872037915,0.717219589257504,0.8736176935229067,6.572554111480713
Fu,XGBoost,4,46,0.6425475027683143,0.3647389914028424,0.484912368244641,2.3160023287929996,0.5308056872037915,0.717219589257504,0.8736176935229067,6.620908737182617
Fu,XGBoost,5,47,0.6425475027683143,0.3647389914028424,0.484912368244641,2.3160023287929996,0.5308056872037915,0.717219589257504,0.8736176935229067,6.637287616729736
Fu,XGBoost,6,48,0.6425475027683143,0.3647389914028424,0.484912368244641,2.3160023287929996,0.5308056872037915,0.717219589257504,0.8736176935229067,4.270481109619141
Fu,XGBoost,7,49,0.6425475027683143,0.3647389914028424,0.484912368244641,2.3160023287929996,0.5308056872037915,0.717219589257504,0.8736176935229067,4.305929660797119
Fu,XGBoost,8,50,0.6425475027683143,0.3647389914028424,0.484912368244641,2.3160023287929996,0.5308056872037915,0.717219589257504,0.8736176935229067,4.309361934661865
Fu,XGBoost,9,51,0.6425475027683143,0.3647389914028424,0.484912368244641,2.3160023287929996,0.5308056872037915,0.717219589257504,0.8736176935229067,4.231634616851807
