target,seed_idx,seed,R2,MAE,RMSE,GMFE,within_2fold,within_3fold,within_5fold,variant
CL,0,42,0.42841233434627046,0.3346549628425583,0.4393438104867204,2.1610009750715173,0.5706214689265536,0.7401129943502824,0.8870056497175142,interactaux
CL,1,43,0.39580487740416204,0.33293374034500234,0.45170166944553813,2.1524533131115193,0.6214689265536724,0.7740112994350282,0.8757062146892656,interactaux
CL,2,44,0.4249763483157619,0.3309552684956942,0.44066234607201155,2.1426698988364983,0.5819209039548022,0.7570621468926554,0.864406779661017,interactaux
CL,3,45,0.4715550249774385,0.30682469939501883,0.42243799668342236,2.0268644215843667,0.6271186440677966,0.751412429378531,0.903954802259887,interactaux
CL,4,46,0.44662593599942246,0.3246135933437131,0.432287311529738,2.111609432642034,0.5932203389830508,0.7457627118644068,0.9152542372881356,interactaux
CL,5,47,0.47603467015345513,0.31198605457543,0.4206436756680923,2.051096315985045,0.6045197740112994,0.7796610169491526,0.903954802259887,interactaux
CL,6,48,0.37225508691748677,0.3501435421644538,0.4604205392742741,2.2394611986041335,0.559322033898305,0.7062146892655368,0.8757062146892656,interactaux
CL,7,49,0.4465680741129475,0.324332657519912,0.43230991134707175,2.110243919312413,0.6045197740112994,0.768361581920904,0.8870056497175142,interactaux
CL,8,50,0.414005318798657,0.3320876302459585,0.4448462411281787,2.148263898708744,0.5649717514124294,0.7401129943502824,0.903954802259887,interactaux
CL,9,51,0.3814484948640322,0.3446274811420067,0.457036644087146,2.211197227427716,0.5819209039548022,0.7005649717514124,0.8813559322033898,interactaux
