id,y_true,y_pred_ensemble,abs_error
28,0.597036665,-0.014653314765000019,0.611689979765
75,-0.619788758,-0.7798469767959999,0.1600582187959999
85,-0.22184875,-0.3834018072550001,0.1615530572550001
101,-0.282329497,-0.35765765747100003,0.07532816047100005
109,0.264581729,-0.7369837726999999,1.0015655017
119,1.114610984,-0.25330254846299993,1.367913532463
122,-0.588380294,-0.9399462020160001,0.3515659080160001
165,-0.142667504,-0.31201859743599997,0.16935109343599997
168,-1.514278574,-1.4931542018730004,0.02112437212699958
174,-0.823908741,-0.8740988663050004,0.050190125305000444
188,-1.653647026,-1.3964430592650006,0.25720396673499946
222,-0.774690718,-0.7735881671660001,0.0011025508339999046
240,-0.313363731,-0.3247559522659999,0.011392221265999924
243,-0.302770657,-0.6321858038589999,0.3294151468589999
250,-1.277366077,-1.364139384897,0.08677330789700011
265,-1.180456064,-0.8445071124009994,0.3359489515990005
268,-0.806875402,-0.9640317562110002,0.15715635421100027
285,-2.443697499,-1.6527187132810006,0.7909787857189996
316,-0.244125144,-0.558943018664,0.314817874664
321,-1.017728767,-0.7052704122119999,0.312458354788
324,-0.271483895,-0.4127005704610001,0.14121667546100014
332,-0.48945499,-0.6674476150869999,0.17799262508699992
349,-0.075720714,-0.34184212717199985,0.2661214131719999
355,-0.402304814,-0.685660374787,0.283355560787
364,0.240549248,0.07970801834899999,0.160841229651
371,-0.53165267,-0.575643545513,0.04399087551299996
372,-0.841637508,-0.7416599385389999,0.09997756946100012
374,-1.730487056,-0.8137603253149999,0.9167267306850002
399,-0.991399828,-0.921458613309,0.06994121469100001
407,-1.473660723,-1.2026072457130002,0.2710534772869999
414,-0.568636236,-0.5272685633319998,0.04136767266800023
416,-0.329754147,-0.29360436495799996,0.036149782042000034
433,-0.017728767,-0.326109744558,0.30838097755800004
453,-0.860120914,-1.0486871361090002,0.1885662221090002
458,0.526339277,-0.147772370696,0.6741116476960001
465,-0.395773947,-0.33293237310400003,0.06284157389599998
469,0.139879086,-0.0007195433719999922,0.14059862937200002
472,-0.578396073,-0.6955494484800001,0.11715337548000015
487,-0.308034897,-1.1523423694510009,0.8443074724510009
494,-0.045757491,-0.584947068989,0.5391895779889999
506,-0.389339837,-0.334284724884,0.055055112116000005
543,-0.42945706,-0.540111521022,0.110654461022
545,-0.324221658,-0.344733026557,0.020511368556999976
555,-0.759450752,-0.35655634105199996,0.40289441094800005
561,-0.402304814,-0.18912140238699998,0.21318341161300003
580,-1.287350298,-1.0880209951230002,0.1993293028769998
591,-0.823908741,-0.7677374990920001,0.056171241907999936
593,-0.297569464,-0.53078902431,0.23321956030999996
606,-0.514278574,-0.254823685937,0.259454888063
612,-0.879426069,-0.688609522466,0.19081654653399993
648,-0.76853041,-0.732871552875,0.03565885712499994
663,0.240549248,-0.32126083204,0.56181008004
670,-1.287350298,-0.37050981183299997,0.9168404861670001
698,-0.619788758,-0.509900957776,0.10988780022400002
699,-0.188424994,-0.22531484570199994,0.03688985170199993
713,0.255272505,-0.252080256306,0.507352761306
727,-1.48148606,-1.3434183510540003,0.13806770894599962
731,-0.920818754,-0.37747678787399996,0.543341966126
732,-0.70333481,-0.3888164198460001,0.31451839015399985
745,-1.665546249,-1.4006588465309997,0.2648874024690002
750,-1.806875402,-1.6105387831000002,0.19633661889999976
753,-1.744727495,-1.3845025945840002,0.36022490041599986
758,0.056904851,-0.29633779353500006,0.35324264453500004
764,-0.774690718,-0.7356838076520001,0.03900691034799986
773,-0.690369833,-0.19888750583099993,0.4914823271690001
782,-0.549750892,-0.29981458002100003,0.24993631197900001
842,-0.70333481,-0.2990789016329999,0.4042559083670001
888,-0.774690718,-0.6745461021860001,0.10014461581399992
1007,-0.045757491,-0.294740695883,0.24898320488300002
1102,-0.473660723,-0.4044924404249999,0.06916828257500013
1113,-0.730487056,-0.4498137137080002,0.28067334229199975
1226,-0.630784143,-0.7969846826090001,0.16620053960900016
1267,-0.045757491,-0.043452763783999995,0.002304727216000002
1280,-1.272458743,-0.9050041268670004,0.3674546161329997
1286,-0.70333481,-0.6915017038660001,0.011833106133999904
1330,-0.075720714,-0.25477434368900004,0.17905362968900004
1332,-0.70333481,-0.7234461794320002,0.020111369432000203
1339,-0.677780705,-0.519754574181,0.15802613081899997
1341,-0.879426069,-0.35738891352099994,0.522037155479
1343,-0.107905397,-0.2543153284039998,0.14640993140399977
1360,0.225309282,-0.20255580237099996,0.42786508437099996
1369,-1.49757288,-1.3777909016610002,0.11978197833899995
1399,-0.272458743,-0.429581890586,0.157123147586
1406,-0.823908741,-0.7570906934770003,0.06681804752299969
1418,-0.920818754,-0.6725647505369999,0.24825400346300008
1425,-0.568636236,-0.31179956386999996,0.25683667213000005
1427,-1.017728767,-0.5275150731139999,0.490213693886
1434,-0.991399828,-0.28114178077699997,0.710258047223
1442,0.033423755,-0.30257395236099993,0.33599770736099993
1461,-0.653647026,-0.281848905022,0.371798120978
1466,-0.549750892,-0.696419986343,0.1466690943429999
1468,-0.653647026,-0.767097796758,0.11345077075800003
1472,-1.200659451,-0.7767877099910001,0.4238717410089998
1473,-0.790484985,-0.7217572090979999,0.06872777590200008
1479,-1.017728767,-1.0275204839860002,0.009791716986000232
1484,-1.107905397,-1.335318599696,0.22741320269600007
1487,0.193124598,-0.032359615594999995,0.225484213595
1489,-1.302770657,-0.48788637673600005,0.814884280264
1500,-0.514278574,-0.6258898705160001,0.1116112965160001
1501,-1.017728767,-0.7519857239720001,0.2657430430279998
1502,-0.395773947,-0.21754098758200002,0.178232959418
1544,-1.619788758,-0.7724715770720001,0.847317180928
1550,-1.209011525,-0.5940625526459999,0.614948972354
1559,-0.329754147,-0.762131644794,0.432377497794
1562,-0.297569464,-1.2446535928350004,0.9470841288350005
1584,-0.879426069,-0.8844150994230002,0.004989030423000251
1585,-1.70333481,-0.9255636684469998,0.7777711415530003
1586,-0.53165267,-0.40296335368099995,0.1286893163190001
1603,-0.505845406,-0.4134933734580001,0.09235203254199997
1610,-0.302770657,-0.806722050073,0.503951393073
1613,-0.272458743,-0.34099142308799996,0.06853268008799995
1649,-1.408935393,-0.350140595408,1.0587947975919998
1657,-0.358525889,-0.3703434422799999,0.011817553279999893
1732,-0.744727495,-0.6915703763130001,0.053157118686999905
1734,-0.899629455,-1.1504593556920004,0.2508299006920004
1747,-1.253365801,-0.7893175704669999,0.46404823053300004
1762,-1.149966742,-0.4011275478719999,0.748839194128
1771,-1.075720714,-1.1625780549070002,0.08685734090700015
1774,-0.302770657,-0.5821434885170002,0.27937283151700015
1799,-0.899629455,-0.5860482946839999,0.31358116031600014
1803,-1.42945706,-0.365724917657,1.063732142343
1829,-0.943095149,-0.76332925569,0.17976589331000004
1830,-1.568636236,-0.7387307468329999,0.829905489167
1837,-0.744727495,-1.0195682843830005,0.2748407893830005
1839,-0.313363731,-1.0309865024090006,0.7176227714090007
1841,-0.841637508,-0.7924681521070001,0.04916935589299998
1849,-0.744727495,-0.311123170317,0.43360432468300003
1857,-1.759450752,-1.1158382991720006,0.6436124528279994
1869,-0.48148606,-0.3556001789790001,0.1258858810209999
1881,-0.943095149,-0.795299259982,0.147795889018
1893,0.300986564,-0.444991283537,0.745977847537
1911,-1.107905397,-0.8713443128930003,0.2365610841069996
1913,-0.936291441,-0.9583858155950002,0.0220943745950003
1964,-0.107905397,-0.43330050559100003,0.325395108591
1969,-0.991399828,-0.7635602325650002,0.22783959543499988
1974,-0.297569464,-0.29574413475999994,0.001825329240000062
1980,-0.759450752,-0.8192800481459999,0.059829296145999855
1985,-0.568636236,-0.49922708679400013,0.06940914920599989
1995,-0.879426069,-0.7137706336350002,0.16565543536499983
2009,-0.653647026,-0.7615277494370002,0.10788072343700017
2142,-0.034328029,-0.46497986801400015,0.43065183901400017
2166,-0.899629455,-0.580612450849,0.319017004151
2305,-0.943095149,-0.9448707547460001,0.0017756057460001085
2306,-1.389339837,-0.761664547629,0.627675289371
2322,-0.045757491,-0.32714188924200005,0.28138439824200007
2331,0.139879086,-0.082096854664,0.221975940664
2332,-0.436518915,-0.26963936461199994,0.16687955038800006
2339,0.193124598,-0.039606233719,0.232730831719
2375,0.390935107,0.101248796257,0.289686310743
2378,-1.22184875,-0.8017585278200006,0.42009022217999936
2379,-1.142667504,-0.738945367104,0.403722136896
2382,0.033423755,-0.4707871143840002,0.5042108693840002
2391,-1.017728767,-0.7243039134299999,0.29342485357000003
2396,-1.879426069,-1.054352688167,0.825073380833
2397,-0.879426069,-0.8535471049370005,0.0258789640629995
2402,-0.943095149,-0.878937710289,0.06415743871099999
2409,-0.790484985,-0.9141767136380003,0.12369172863800038
2410,-1.045757491,-1.0379076417990003,0.007849849200999737
2418,-0.70333481,-0.8380090487350005,0.1346742387350005
2425,0.100370545,-0.5720495207359999,0.6724200657359999
2487,-0.570570736,-0.19726003190899996,0.373310704091
2519,-0.943095149,-0.740816790408,0.20227835859200005
2561,0.700357528,-0.884353264052,1.5847107920519998
2636,-0.587371479,-0.4396676742219999,0.14770380477800005
2871,-0.458420756,-0.7294999655490002,0.2710792095490002
2945,-0.645507399,-0.750867177687,0.10535977868699997
3058,-0.642065153,-0.7641313386990001,0.12206618569900007
4217,-2.142667504,-1.6049697374559997,0.5376977665440001
4229,-2.744727495,-1.4004578966530006,1.3442695983469992
5493,-0.549750892,-0.4488450702850001,0.10090582171499995
5497,-0.180456064,-0.515766122602,0.335310058602
5498,-0.559090918,-0.4092771850010001,0.14981373299899992
5499,-0.26760624,-0.409097120421,0.141490880421
5501,-0.297569464,-0.45186903665799993,0.15429957265799993
5504,-0.107905397,-0.35295958104800007,0.24505418404800006
5506,-0.180456064,-0.550485155102,0.370029091102
5507,-0.458420756,-0.512556144509,0.054135388509000015
